/* WoodenFish.svg from https://github.com/Ares-Chang/wooden-fish (MIT). */
#include "muyu_img.h"

const LV_ATTRIBUTE_MEM_ALIGN uint8_t muyu_map[45360] = {
  0x61, 0x18, 0x61, 0x18, 0x61, 0x18, 0x61, 0x18, 0x61, 0x18, 0x61, 0x18, 0x61, 0x18, 0x61, 0x18,
  0x61, 0x18, 0x61, 0x18, 0x61, 0x18, 0x61, 0x18, 0x61, 0x18, 0x61, 0x18, 0x61, 0x18, 0x61, 0x18,
  0x61, 0x18, 0x61, 0x18, 0x61, 0x18, 0x61, 0x18, 0x61, 0x18, 0x61, 0x18, 0x61, 0x18, 0x61, 0x18,
  0x61, 0x18, 0x61, 0x18, 0x61, 0x18, 0x61, 0x18, 0x61, 0x18, 0x61, 0x18, 0x61, 0x18, 0x61, 0x18,
  0x61, 0x18, 0x61, 0x18, 0x61, 0x18, 0x61, 0x18, 0x61, 0x18, 0x61, 0x18, 0x61, 0x18, 0x61, 0x18,
  0x61, 0x18, 0x61, 0x18, 0x61, 0x18, 0x61, 0x18, 0x61, 0x18, 0x61, 0x18, 0x61, 0x18, 0x61, 0x18,
  0x61, 0x18, 0x61, 0x18, 0x61, 0x18, 0x61, 0x18, 0x61, 0x18, 0x61, 0x18, 0x61, 0x18, 0x61, 0x18,
  0x61, 0x18, 0x61, 0x18, 0x61, 0x18, 0x61, 0x18, 0x61, 0x18, 0x61, 0x18, 0x61, 0x18, 0x61, 0x18,
  0x61, 0x18, 0x61, 0x18, 0x61, 0x18, 0x61, 0x18, 0x61, 0x18, 0x61, 0x18, 0x61, 0x18, 0x61, 0x18,
  0x61, 0x18, 0x61, 0x18, 0x61, 0x18, 0x61, 0x18, 0x61, 0x18, 0x61, 0x18, 0x61, 0x18, 0x61, 0x18,
  0x61, 0x18, 0x61, 0x18, 0x61, 0x18, 0x61, 0x18, 0x61, 0x18, 0x61, 0x18, 0x61, 0x18, 0x61, 0x18,
  0x61, 0x18, 0x61, 0x18, 0x61, 0x18, 0x61, 0x18, 0x61, 0x18, 0x61, 0x18, 0x61, 0x18, 0x61, 0x18,
  0x61, 0x18, 0x61, 0x18, 0x61, 0x18, 0x61, 0x18, 0x61, 0x18, 0x61, 0x18, 0x61, 0x18, 0x61, 0x18,
  0x61, 0x18, 0x61, 0x18, 0x61, 0x18, 0x61, 0x18, 0x61, 0x18, 0x61, 0x18, 0x61, 0x18, 0x61, 0x18,
  0x61, 0x18, 0x61, 0x18, 0x61, 0x18, 0x61, 0x18, 0x61, 0x18, 0x61, 0x18, 0x61, 0x18, 0x61, 0x18,
  0x61, 0x18, 0x61, 0x18, 0x61, 0x18, 0x61, 0x18, 0x61, 0x18, 0x61, 0x18, 0x61, 0x18, 0x61, 0x18,
  0x61, 0x18, 0x61, 0x18, 0x61, 0x18, 0x61, 0x18, 0x61, 0x18, 0x61, 0x18, 0x61, 0x18, 0x61, 0x18,
  0x61, 0x18, 0x61, 0x18, 0x61, 0x18, 0x61, 0x18, 0x61, 0x18, 0x61, 0x18, 0x61, 0x18, 0x61, 0x18,
  0x61, 0x18, 0x61, 0x18, 0x61, 0x18, 0x61, 0x18, 0x61, 0x18, 0x61, 0x18, 0x61, 0x18, 0x61, 0x18,
  0x61, 0x18, 0x61, 0x18, 0x61, 0x18, 0x61, 0x18, 0x61, 0x18, 0x61, 0x18, 0x61, 0x18, 0x61, 0x18,
  0x61, 0x18, 0x61, 0x18, 0x61, 0x18, 0x61, 0x18, 0x61, 0x18, 0x61, 0x18, 0x61, 0x18, 0x61, 0x18,
  0x61, 0x18, 0x61, 0x18, 0x61, 0x18, 0x61, 0x18, 0x61, 0x18, 0x61, 0x18, 0x61, 0x18, 0x61, 0x18,
  0x61, 0x18, 0x61, 0x18, 0x61, 0x18, 0x61, 0x18, 0x61, 0x18, 0x61, 0x18, 0x61, 0x18, 0x61, 0x18,
  0x61, 0x18, 0x61, 0x18, 0x61, 0x18, 0x61, 0x18, 0x61, 0x18, 0x61, 0x18, 0x61, 0x18, 0x61, 0x18,
  0x61, 0x18, 0x61, 0x18, 0x61, 0x18, 0x61, 0x18, 0x61, 0x18, 0x61, 0x18, 0x61, 0x18, 0x61, 0x18,
  0x61, 0x18, 0x61, 0x18, 0x61, 0x18, 0x61, 0x18, 0x61, 0x18, 0x61, 0x18, 0x61, 0x18, 0x61, 0x18,
  0x61, 0x18, 0x61, 0x18, 0x61, 0x18, 0x61, 0x18, 0x61, 0x18, 0x61, 0x18, 0x61, 0x18, 0x61, 0x18,
  0x61, 0x18, 0x61, 0x18, 0x61, 0x18, 0x61, 0x18, 0x61, 0x18, 0x61, 0x18, 0x61, 0x18, 0x61, 0x18,
  0x61, 0x18, 0x61, 0x18, 0x61, 0x18, 0x61, 0x18, 0x61, 0x18, 0x61, 0x18, 0x61, 0x18, 0x61, 0x18,
  0x61, 0x18, 0x61, 0x18, 0x61, 0x18, 0x61, 0x18, 0x61, 0x18, 0x61, 0x18, 0x61, 0x18, 0x61, 0x18,
  0x61, 0x18, 0x61, 0x18, 0x61, 0x18, 0x61, 0x18, 0x61, 0x18, 0x61, 0x18, 0x61, 0x18, 0x61, 0x18,
  0x61, 0x18, 0x61, 0x18, 0x61, 0x18, 0x61, 0x18, 0x61, 0x18, 0x61, 0x18, 0x61, 0x18, 0x61, 0x18,
  0x61, 0x18, 0x61, 0x18, 0x61, 0x18, 0x61, 0x18, 0x61, 0x18, 0x61, 0x18, 0x61, 0x18, 0x61, 0x18,
  0x61, 0x18, 0x61, 0x18, 0x61, 0x18, 0x61, 0x18, 0x61, 0x18, 0x61, 0x18, 0x61, 0x18, 0x61, 0x18,
  0x61, 0x18, 0x61, 0x18, 0x61, 0x18, 0x61, 0x18, 0x61, 0x18, 0x61, 0x18, 0x61, 0x18, 0x61, 0x18,
  0x61, 0x18, 0x61, 0x18, 0x61, 0x18, 0x61, 0x18, 0x61, 0x18, 0x61, 0x18, 0x61, 0x18, 0x61, 0x18,
  0x61, 0x18, 0x61, 0x18, 0x61, 0x18, 0x61, 0x18, 0x61, 0x18, 0x61, 0x18, 0x61, 0x18, 0x61, 0x18,
  0x61, 0x18, 0x61, 0x18, 0x61, 0x18, 0x61, 0x18, 0x61, 0x18, 0x61, 0x18, 0x61, 0x18, 0x61, 0x18,
  0x61, 0x18, 0x61, 0x18, 0x61, 0x18, 0x61, 0x18, 0x61, 0x18, 0x61, 0x18, 0x61, 0x18, 0x61, 0x18,
  0x61, 0x18, 0x61, 0x18, 0x61, 0x18, 0x61, 0x18, 0x61, 0x18, 0x61, 0x18, 0x61, 0x18, 0x61, 0x18,
  0x61, 0x18, 0x61, 0x18, 0x61, 0x18, 0x61, 0x18, 0x61, 0x18, 0x61, 0x18, 0x61, 0x18, 0x61, 0x18,
  0x61, 0x18, 0x61, 0x18, 0x61, 0x18, 0x61, 0x18, 0x61, 0x18, 0x61, 0x18, 0x61, 0x18, 0x61, 0x18,
  0x61, 0x18, 0x61, 0x18, 0x61, 0x18, 0x61, 0x18, 0x61, 0x18, 0x61, 0x18, 0x61, 0x18, 0x61, 0x18,
  0x61, 0x18, 0x61, 0x18, 0x61, 0x18, 0x61, 0x18, 0x61, 0x18, 0x61, 0x18, 0x61, 0x18, 0x61, 0x18,
  0x61, 0x18, 0x61, 0x18, 0x61, 0x18, 0x61, 0x18, 0x61, 0x18, 0x61, 0x18, 0x61, 0x18, 0x61, 0x18,
  0x61, 0x18, 0x61, 0x18, 0x61, 0x18, 0x61, 0x18, 0x61, 0x18, 0x61, 0x18, 0x61, 0x18, 0x61, 0x18,
  0x61, 0x18, 0x61, 0x18, 0x61, 0x18, 0x61, 0x18, 0x61, 0x18, 0x61, 0x18, 0x61, 0x18, 0x61, 0x18,
  0x61, 0x18, 0x61, 0x18, 0x61, 0x18, 0x61, 0x18, 0x61, 0x18, 0x61, 0x18, 0x61, 0x18, 0x61, 0x18,
  0x61, 0x18, 0x61, 0x18, 0x61, 0x18, 0x61, 0x18, 0x61, 0x18, 0x61, 0x18, 0x61, 0x18, 0x61, 0x18,
  0x61, 0x18, 0x61, 0x18, 0x61, 0x18, 0x61, 0x18, 0x61, 0x18, 0x61, 0x18, 0x61, 0x18, 0x61, 0x18,
  0x61, 0x18, 0x61, 0x18, 0x61, 0x18, 0x61, 0x18, 0x61, 0x18, 0x61, 0x18, 0x61, 0x18, 0x61, 0x18,
  0x61, 0x18, 0x61, 0x18, 0x61, 0x18, 0x61, 0x18, 0x61, 0x18, 0x61, 0x18, 0x61, 0x18, 0x61, 0x18,
  0x61, 0x18, 0x61, 0x18, 0x61, 0x18, 0x61, 0x18, 0x61, 0x18, 0x61, 0x18, 0x61, 0x18, 0x61, 0x18,
  0x61, 0x18, 0xa1, 0x20, 0xc1, 0x20, 0x02, 0x31, 0x22, 0x31, 0x63, 0x41, 0x63, 0x41, 0x63, 0x39,
  0x22, 0x31, 0x22, 0x31, 0xe2, 0x28, 0xa1, 0x20, 0x61, 0x18, 0x61, 0x18, 0x61, 0x18, 0x61, 0x18,
  0x61, 0x18, 0x61, 0x18, 0x61, 0x18, 0x61, 0x18, 0x61, 0x18, 0x61, 0x18, 0x61, 0x18, 0x61, 0x18,
  0x61, 0x18, 0x61, 0x18, 0x61, 0x18, 0x61, 0x18, 0x61, 0x18, 0x61, 0x18, 0x61, 0x18, 0x61, 0x18,
  0x61, 0x18, 0x61, 0x18, 0x61, 0x18, 0x61, 0x18, 0x61, 0x18, 0x61, 0x18, 0x61, 0x18, 0x61, 0x18,
  0x61, 0x18, 0x61, 0x18, 0x61, 0x18, 0x61, 0x18, 0x61, 0x18, 0x61, 0x18, 0x61, 0x18, 0x61, 0x18,
  0x61, 0x18, 0x61, 0x18, 0x61, 0x18, 0x61, 0x18, 0x61, 0x18, 0x61, 0x18, 0x61, 0x18, 0x61, 0x18,
  0x61, 0x18, 0x61, 0x18, 0x61, 0x18, 0x61, 0x18, 0x61, 0x18, 0x61, 0x18, 0x61, 0x18, 0x61, 0x18,
  0x61, 0x18, 0x61, 0x18, 0x61, 0x18, 0x61, 0x18, 0x61, 0x18, 0x61, 0x18, 0x61, 0x18, 0x61, 0x18,
  0x61, 0x18, 0x61, 0x18, 0x61, 0x18, 0x61, 0x18, 0x61, 0x18, 0x61, 0x18, 0x61, 0x18, 0x61, 0x18,
  0x61, 0x18, 0x61, 0x18, 0x61, 0x18, 0x61, 0x18, 0x61, 0x18, 0x61, 0x18, 0x61, 0x18, 0x61, 0x18,
  0x61, 0x18, 0x61, 0x18, 0x61, 0x18, 0x61, 0x18, 0x61, 0x18, 0x61, 0x18, 0x61, 0x18, 0x61, 0x18,
  0x61, 0x18, 0x61, 0x18, 0x61, 0x18, 0x61, 0x18, 0x61, 0x18, 0x61, 0x18, 0x61, 0x18, 0x61, 0x18,
  0x61, 0x18, 0x61, 0x18, 0x61, 0x18, 0x61, 0x18, 0x61, 0x18, 0x61, 0x18, 0x61, 0x18, 0x61, 0x18,
  0x61, 0x18, 0x61, 0x18, 0x61, 0x18, 0x61, 0x18, 0x61, 0x18, 0x61, 0x18, 0x61, 0x18, 0x61, 0x18,
  0x61, 0x18, 0x61, 0x18, 0x61, 0x18, 0x61, 0x18, 0x61, 0x18, 0x61, 0x18, 0x61, 0x18, 0x61, 0x18,
  0x61, 0x18, 0x61, 0x18, 0x61, 0x18, 0x61, 0x18, 0x61, 0x18, 0x61, 0x18, 0x61, 0x18, 0x61, 0x18,
  0x61, 0x18, 0x61, 0x18, 0x61, 0x18, 0x61, 0x18, 0x61, 0x18, 0x61, 0x18, 0x61, 0x18, 0x61, 0x18,
  0x61, 0x18, 0x61, 0x18, 0x61, 0x18, 0x61, 0x18, 0x61, 0x18, 0x61, 0x18, 0x61, 0x18, 0x61, 0x18,
  0x61, 0x18, 0x61, 0x18, 0x61, 0x18, 0x61, 0x18, 0x61, 0x18, 0x61, 0x18, 0x61, 0x18, 0xc1, 0x28,
  0x83, 0x41, 0x25, 0x5a, 0xa6, 0x72, 0x27, 0x83, 0xa8, 0x9b, 0x09, 0xac, 0x8a, 0xbc, 0xeb, 0xcc,
  0x6c, 0xdd, 0xad, 0xe5, 0xad, 0xe5, 0xad, 0xe5, 0xad, 0xe5, 0xad, 0xe5, 0xad, 0xe5, 0xad, 0xe5,
  0xad, 0xe5, 0xad, 0xe5, 0xad, 0xe5, 0xad, 0xe5, 0xad, 0xe5, 0x2c, 0xd5, 0xab, 0xc4, 0x29, 0xac,
  0xa8, 0x93, 0xe6, 0x7a, 0x24, 0x5a, 0x43, 0x39, 0x81, 0x18, 0x61, 0x18, 0x61, 0x18, 0x61, 0x18,
  0x61, 0x18, 0x61, 0x18, 0x61, 0x18, 0x61, 0x18, 0x61, 0x18, 0x61, 0x18, 0x61, 0x18, 0x61, 0x18,
  0x61, 0x18, 0x61, 0x18, 0x61, 0x18, 0x61, 0x18, 0x61, 0x18, 0x61, 0x18, 0x61, 0x18, 0x61, 0x18,
  0x61, 0x18, 0x61, 0x18, 0x61, 0x18, 0x61, 0x18, 0x61, 0x18, 0x61, 0x18, 0x61, 0x18, 0x61, 0x18,
  0x61, 0x18, 0x61, 0x18, 0x61, 0x18, 0x61, 0x18, 0x61, 0x18, 0x61, 0x18, 0x61, 0x18, 0x61, 0x18,
  0x61, 0x18, 0x61, 0x18, 0x61, 0x18, 0x61, 0x18, 0x61, 0x18, 0x61, 0x18, 0x61, 0x18, 0x61, 0x18,
  0x61, 0x18, 0x61, 0x18, 0x61, 0x18, 0x61, 0x18, 0x61, 0x18, 0x61, 0x18, 0x61, 0x18, 0x61, 0x18,
  0x61, 0x18, 0x61, 0x18, 0x61, 0x18, 0x61, 0x18, 0x61, 0x18, 0x61, 0x18, 0x61, 0x18, 0x61, 0x18,
  0x61, 0x18, 0x61, 0x18, 0x61, 0x18, 0x61, 0x18, 0x61, 0x18, 0x61, 0x18, 0x61, 0x18, 0x61, 0x18,
  0x61, 0x18, 0x61, 0x18, 0x61, 0x18, 0x61, 0x18, 0x61, 0x18, 0x61, 0x18, 0x61, 0x18, 0x61, 0x18,
  0x61, 0x18, 0x61, 0x18, 0x61, 0x18, 0x61, 0x18, 0x61, 0x18, 0x61, 0x18, 0x61, 0x18, 0x61, 0x18,
  0x61, 0x18, 0x61, 0x18, 0x61, 0x18, 0x61, 0x18, 0x61, 0x18, 0x61, 0x18, 0x61, 0x18, 0x61, 0x18,
  0x61, 0x18, 0x61, 0x18, 0x61, 0x18, 0x61, 0x18, 0x61, 0x18, 0x61, 0x18, 0x61, 0x18, 0x61, 0x18,
  0x61, 0x18, 0x61, 0x18, 0x61, 0x18, 0x61, 0x18, 0x61, 0x18, 0x61, 0x18, 0x61, 0x18, 0x61, 0x18,
  0x61, 0x18, 0x61, 0x18, 0x61, 0x18, 0x61, 0x18, 0x61, 0x18, 0x61, 0x18, 0x61, 0x18, 0x61, 0x18,
  0x61, 0x18, 0x61, 0x18, 0x61, 0x18, 0x61, 0x18, 0x61, 0x18, 0x61, 0x18, 0x61, 0x18, 0x61, 0x18,
  0x61, 0x18, 0x61, 0x18, 0x61, 0x18, 0x61, 0x18, 0x61, 0x18, 0x61, 0x18, 0x61, 0x18, 0x61, 0x18,
  0xa1, 0x20, 0xa3, 0x49, 0x85, 0x6a, 0x47, 0x83, 0xe9, 0xa3, 0xaa, 0xbc, 0x4c, 0xdd, 0xad, 0xe5,
  0xad, 0xe5, 0xad, 0xe5, 0xad, 0xe5, 0xad, 0xe5, 0xad, 0xe5, 0xad, 0xe5, 0xad, 0xe5, 0xad, 0xe5,
  0xad, 0xe5, 0xad, 0xe5, 0xad, 0xe5, 0xad, 0xe5, 0xad, 0xe5, 0xad, 0xe5, 0xad, 0xe5, 0xad, 0xe5,
  0xad, 0xe5, 0xad, 0xe5, 0xad, 0xe5, 0xad, 0xe5, 0xad, 0xe5, 0xad, 0xe5, 0xad, 0xe5, 0xad, 0xe5,
  0xad, 0xe5, 0xad, 0xe5, 0xad, 0xe5, 0xad, 0xe5, 0x8d, 0xe5, 0xeb, 0xcc, 0xc9, 0x9b, 0xa6, 0x72,
  0x83, 0x41, 0x81, 0x18, 0x61, 0x18, 0x61, 0x18, 0x61, 0x18, 0x61, 0x18, 0x61, 0x18, 0x61, 0x18,
  0x61, 0x18, 0x61, 0x18, 0x61, 0x18, 0x61, 0x18, 0x61, 0x18, 0x61, 0x18, 0x61, 0x18, 0x61, 0x18,
  0x61, 0x18, 0x61, 0x18, 0x61, 0x18, 0x61, 0x18, 0x61, 0x18, 0x61, 0x18, 0x61, 0x18, 0x61, 0x18,
  0x61, 0x18, 0x61, 0x18, 0x61, 0x18, 0x61, 0x18, 0x61, 0x18, 0x61, 0x18, 0x61, 0x18, 0x61, 0x18,
  0x61, 0x18, 0x61, 0x18, 0x61, 0x18, 0x61, 0x18, 0x61, 0x18, 0x61, 0x18, 0x61, 0x18, 0x61, 0x18,
  0x61, 0x18, 0x61, 0x18, 0x61, 0x18, 0x61, 0x18, 0x61, 0x18, 0x61, 0x18, 0x61, 0x18, 0x61, 0x18,
  0x61, 0x18, 0x61, 0x18, 0x61, 0x18, 0x61, 0x18, 0x61, 0x18, 0x61, 0x18, 0x61, 0x18, 0x61, 0x18,
  0x61, 0x18, 0x61, 0x18, 0x61, 0x18, 0x61, 0x18, 0x61, 0x18, 0x61, 0x18, 0x61, 0x18, 0x61, 0x18,
  0x61, 0x18, 0x61, 0x18, 0x61, 0x18, 0x61, 0x18, 0x61, 0x18, 0x61, 0x18, 0x61, 0x18, 0x61, 0x18,
  0x61, 0x18, 0x61, 0x18, 0x61, 0x18, 0x61, 0x18, 0x61, 0x18, 0x61, 0x18, 0x61, 0x18, 0x61, 0x18,
  0x61, 0x18, 0x61, 0x18, 0x61, 0x18, 0x61, 0x18, 0x61, 0x18, 0x61, 0x18, 0x61, 0x18, 0x61, 0x18,
  0x61, 0x18, 0x61, 0x18, 0x61, 0x18, 0x61, 0x18, 0x61, 0x18, 0x61, 0x18, 0x61, 0x18, 0x61, 0x18,
  0x61, 0x18, 0x61, 0x18, 0x61, 0x18, 0x61, 0x18, 0x61, 0x18, 0x61, 0x18, 0x61, 0x18, 0x61, 0x18,
  0x61, 0x18, 0x61, 0x18, 0x61, 0x18, 0x61, 0x18, 0x61, 0x18, 0x61, 0x18, 0x61, 0x18, 0x61, 0x18,
  0x61, 0x18, 0x61, 0x18, 0x61, 0x18, 0x61, 0x18, 0x61, 0x18, 0x61, 0x18, 0x61, 0x18, 0x61, 0x18,
  0x61, 0x18, 0x61, 0x18, 0x61, 0x18, 0xa1, 0x20, 0xc4, 0x49, 0xe6, 0x7a, 0x09, 0xa4, 0x0b, 0xcd,
  0xad, 0xe5, 0xad, 0xe5, 0xad, 0xe5, 0xad, 0xe5, 0xad, 0xe5, 0xad, 0xe5, 0xad, 0xe5, 0xad, 0xe5,
  0xad, 0xe5, 0xad, 0xe5, 0xad, 0xe5, 0xad, 0xe5, 0xad, 0xe5, 0xad, 0xe5, 0xad, 0xe5, 0xad, 0xe5,
  0xad, 0xe5, 0xad, 0xe5, 0xad, 0xe5, 0xad, 0xe5, 0xad, 0xe5, 0xad, 0xe5, 0xad, 0xe5, 0xad, 0xe5,
  0xad, 0xe5, 0xad, 0xe5, 0xad, 0xe5, 0xad, 0xe5, 0xad, 0xe5, 0xad, 0xe5, 0xad, 0xe5, 0xad, 0xe5,
  0xad, 0xe5, 0xad, 0xe5, 0xad, 0xe5, 0xad, 0xe5, 0xad, 0xe5, 0xad, 0xe5, 0xad, 0xe5, 0xad, 0xe5,
  0xad, 0xe5, 0x6c, 0xdd, 0x6a, 0xb4, 0xe6, 0x7a, 0x43, 0x39, 0x61, 0x18, 0x61, 0x18, 0x61, 0x18,
  0x61, 0x18, 0x61, 0x18, 0x61, 0x18, 0x61, 0x18, 0x61, 0x18, 0x61, 0x18, 0x61, 0x18, 0x61, 0x18,
  0x61, 0x18, 0x61, 0x18, 0x61, 0x18, 0x61, 0x18, 0x61, 0x18, 0x61, 0x18, 0x61, 0x18, 0x61, 0x18,
  0x61, 0x18, 0x61, 0x18, 0x61, 0x18, 0x61, 0x18, 0x61, 0x18, 0x61, 0x18, 0x61, 0x18, 0x61, 0x18,
  0x61, 0x18, 0x61, 0x18, 0x61, 0x18, 0x61, 0x18, 0x61, 0x18, 0x61, 0x18, 0x61, 0x18, 0x61, 0x18,
  0x61, 0x18, 0x61, 0x18, 0x61, 0x18, 0x61, 0x18, 0x61, 0x18, 0x61, 0x18, 0x61, 0x18, 0x61, 0x18,
  0x61, 0x18, 0x61, 0x18, 0x61, 0x18, 0x61, 0x18, 0x61, 0x18, 0x61, 0x18, 0x61, 0x18, 0x61, 0x18,
  0x61, 0x18, 0x61, 0x18, 0x61, 0x18, 0x61, 0x18, 0x61, 0x18, 0x61, 0x18, 0x61, 0x18, 0x61, 0x18,
  0x61, 0x18, 0x61, 0x18, 0x61, 0x18, 0x61, 0x18, 0x61, 0x18, 0x61, 0x18, 0x61, 0x18, 0x61, 0x18,
  0x61, 0x18, 0x61, 0x18, 0x61, 0x18, 0x61, 0x18, 0x61, 0x18, 0x61, 0x18, 0x61, 0x18, 0x61, 0x18,
  0x61, 0x18, 0x61, 0x18, 0x61, 0x18, 0x61, 0x18, 0x61, 0x18, 0x61, 0x18, 0x61, 0x18, 0x61, 0x18,
  0x61, 0x18, 0x61, 0x18, 0x61, 0x18, 0x61, 0x18, 0x61, 0x18, 0x61, 0x18, 0x61, 0x18, 0x61, 0x18,
  0x61, 0x18, 0x61, 0x18, 0x61, 0x18, 0x61, 0x18, 0x61, 0x18, 0x61, 0x18, 0x61, 0x18, 0x61, 0x18,
  0x61, 0x18, 0x61, 0x18, 0x61, 0x18, 0x61, 0x18, 0x61, 0x18, 0x61, 0x18, 0x61, 0x18, 0x61, 0x18,
  0x61, 0x18, 0x61, 0x18, 0x61, 0x18, 0x61, 0x18, 0x61, 0x18, 0x61, 0x18, 0x61, 0x18, 0x81, 0x18,
  0xa3, 0x49, 0x27, 0x83, 0x8a, 0xbc, 0x8d, 0xe5, 0xad, 0xe5, 0xad, 0xe5, 0xad, 0xe5, 0xad, 0xe5,
  0xad, 0xe5, 0xad, 0xe5, 0xad, 0xe5, 0xad, 0xe5, 0xad, 0xe5, 0xad, 0xe5, 0xad, 0xe5, 0xad, 0xe5,
  0xad, 0xe5, 0xad, 0xe5, 0xad, 0xe5, 0xad, 0xe5, 0xad, 0xe5, 0xad, 0xe5, 0xad, 0xe5, 0xad, 0xe5,
  0xad, 0xe5, 0xad, 0xe5, 0xad, 0xe5, 0xad, 0xe5, 0xad, 0xe5, 0xad, 0xe5, 0xad, 0xe5, 0xad, 0xe5,
  0xad, 0xe5, 0xad, 0xe5, 0xad, 0xe5, 0xad, 0xe5, 0xad, 0xe5, 0xad, 0xe5, 0xad, 0xe5, 0xad, 0xe5,
  0xad, 0xe5, 0xad, 0xe5, 0xad, 0xe5, 0xad, 0xe5, 0xad, 0xe5, 0xad, 0xe5, 0xad, 0xe5, 0xad, 0xe5,
  0xad, 0xe5, 0xad, 0xe5, 0xad, 0xe5, 0xad, 0xe5, 0xad, 0xe5, 0x0b, 0xcd, 0x88, 0x93, 0xc4, 0x51,
  0x81, 0x18, 0x61, 0x18, 0x61, 0x18, 0x61, 0x18, 0x61, 0x18, 0x61, 0x18, 0x61, 0x18, 0x61, 0x18,
  0x61, 0x18, 0x61, 0x18, 0x61, 0x18, 0x61, 0x18, 0x61, 0x18, 0x61, 0x18, 0x61, 0x18, 0x61, 0x18,
  0x61, 0x18, 0x61, 0x18, 0x61, 0x18, 0x61, 0x18, 0x61, 0x18, 0x61, 0x18, 0x61, 0x18, 0x61, 0x18,
  0x61, 0x18, 0x61, 0x18, 0x61, 0x18, 0x61, 0x18, 0x61, 0x18, 0x61, 0x18, 0x61, 0x18, 0x61, 0x18,
  0x61, 0x18, 0x61, 0x18, 0x61, 0x18, 0x61, 0x18, 0x61, 0x18, 0x61, 0x18, 0x61, 0x18, 0x61, 0x18,
  0x61, 0x18, 0x61, 0x18, 0x61, 0x18, 0x61, 0x18, 0x61, 0x18, 0x61, 0x18, 0x61, 0x18, 0x61, 0x18,
  0x61, 0x18, 0x61, 0x18, 0x61, 0x18, 0x61, 0x18, 0x61, 0x18, 0x61, 0x18, 0x61, 0x18, 0x61, 0x18,
  0x61, 0x18, 0x61, 0x18, 0x61, 0x18, 0x61, 0x18, 0x61, 0x18, 0x61, 0x18, 0x61, 0x18, 0x61, 0x18,
  0x61, 0x18, 0x61, 0x18, 0x61, 0x18, 0x61, 0x18, 0x61, 0x18, 0x61, 0x18, 0x61, 0x18, 0x61, 0x18,
  0x61, 0x18, 0x61, 0x18, 0x61, 0x18, 0x61, 0x18, 0x61, 0x18, 0x61, 0x18, 0x61, 0x18, 0x61, 0x18,
  0x61, 0x18, 0x61, 0x18, 0x61, 0x18, 0x61, 0x18, 0x61, 0x18, 0x61, 0x18, 0x61, 0x18, 0x61, 0x18,
  0x61, 0x18, 0x61, 0x18, 0x61, 0x18, 0x61, 0x18, 0x61, 0x18, 0x61, 0x18, 0x61, 0x18, 0x61, 0x18,
  0x61, 0x18, 0x61, 0x18, 0x61, 0x18, 0x61, 0x18, 0x61, 0x18, 0x61, 0x18, 0x61, 0x18, 0x61, 0x18,
  0x61, 0x18, 0x61, 0x18, 0x61, 0x18, 0x61, 0x18, 0xa1, 0x20, 0x25, 0x5a, 0xe9, 0xa3, 0x4c, 0xdd,
  0xad, 0xe5, 0xad, 0xe5, 0xad, 0xe5, 0xad, 0xe5, 0xad, 0xe5, 0xad, 0xe5, 0xad, 0xe5, 0xad, 0xe5,
  0xad, 0xe5, 0xad, 0xe5, 0xad, 0xe5, 0xad, 0xe5, 0xad, 0xe5, 0xad, 0xe5, 0xad, 0xe5, 0xad, 0xe5,
  0xad, 0xe5, 0xad, 0xe5, 0xad, 0xe5, 0xad, 0xe5, 0xad, 0xe5, 0xad, 0xe5, 0xad, 0xe5, 0xad, 0xe5,
  0xad, 0xe5, 0xad, 0xe5, 0xad, 0xe5, 0xad, 0xe5, 0xad, 0xe5, 0xad, 0xe5, 0xad, 0xe5, 0xad, 0xe5,
  0xad, 0xe5, 0xad, 0xe5, 0xad, 0xe5, 0xad, 0xe5, 0xad, 0xe5, 0xad, 0xe5, 0xad, 0xe5, 0xad, 0xe5,
  0xad, 0xe5, 0xad, 0xe5, 0xad, 0xe5, 0xad, 0xe5, 0xad, 0xe5, 0xad, 0xe5, 0xad, 0xe5, 0xad, 0xe5,
  0xad, 0xe5, 0xad, 0xe5, 0xad, 0xe5, 0xad, 0xe5, 0xad, 0xe5, 0xad, 0xe5, 0xad, 0xe5, 0xad, 0xe5,
  0x2c, 0xd5, 0x47, 0x8b, 0x63, 0x39, 0x61, 0x18, 0x61, 0x18, 0x61, 0x18, 0x61, 0x18, 0x61, 0x18,
  0x61, 0x18, 0x61, 0x18, 0x61, 0x18, 0x61, 0x18, 0x61, 0x18, 0x61, 0x18, 0x61, 0x18, 0x61, 0x18,
  0x61, 0x18, 0x61, 0x18, 0x61, 0x18, 0x61, 0x18, 0x61, 0x18, 0x61, 0x18, 0x61, 0x18, 0x61, 0x18,
  0x61, 0x18, 0x61, 0x18, 0x61, 0x18, 0x61, 0x18, 0x61, 0x18, 0x61, 0x18, 0x61, 0x18, 0x61, 0x18,
  0x61, 0x18, 0x61, 0x18, 0x61, 0x18, 0x61, 0x18, 0x61, 0x18, 0x61, 0x18, 0x61, 0x18, 0x61, 0x18,
  0x61, 0x18, 0x61, 0x18, 0x61, 0x18, 0x61, 0x18, 0x61, 0x18, 0x61, 0x18, 0x61, 0x18, 0x61, 0x18,
  0x61, 0x18, 0x61, 0x18, 0x61, 0x18, 0x61, 0x18, 0x61, 0x18, 0x61, 0x18, 0x61, 0x18, 0x61, 0x18,
  0x61, 0x18, 0x61, 0x18, 0x61, 0x18, 0x61, 0x18, 0x61, 0x18, 0x61, 0x18, 0x61, 0x18, 0x61, 0x18,
  0x61, 0x18, 0x61, 0x18, 0x61, 0x18, 0x61, 0x18, 0x61, 0x18, 0x61, 0x18, 0x61, 0x18, 0x61, 0x18,
  0x61, 0x18, 0x61, 0x18, 0x61, 0x18, 0x61, 0x18, 0x61, 0x18, 0x61, 0x18, 0x61, 0x18, 0x61, 0x18,
  0x61, 0x18, 0x61, 0x18, 0x61, 0x18, 0x61, 0x18, 0x61, 0x18, 0x61, 0x18, 0x61, 0x18, 0x61, 0x18,
  0x61, 0x18, 0x61, 0x18, 0x61, 0x18, 0x61, 0x18, 0x61, 0x18, 0x61, 0x18, 0x61, 0x18, 0x61, 0x18,
  0x61, 0x18, 0x61, 0x18, 0x61, 0x18, 0x61, 0x18, 0x61, 0x18, 0x61, 0x18, 0x61, 0x18, 0x61, 0x18,
  0x61, 0x18, 0x61, 0x18, 0xc4, 0x51, 0xa8, 0x9b, 0x6c, 0xdd, 0xad, 0xe5, 0xad, 0xe5, 0xad, 0xe5,
  0xad, 0xe5, 0xad, 0xe5, 0xad, 0xe5, 0xad, 0xe5, 0xad, 0xe5, 0xad, 0xe5, 0xad, 0xe5, 0xad, 0xe5,
  0xad, 0xe5, 0xad, 0xe5, 0xad, 0xe5, 0xad, 0xe5, 0xad, 0xe5, 0xad, 0xe5, 0xad, 0xe5, 0xad, 0xe5,
  0xad, 0xe5, 0xad, 0xe5, 0xad, 0xe5, 0xad, 0xe5, 0xad, 0xe5, 0xad, 0xe5, 0xad, 0xe5, 0xad, 0xe5,
  0xad, 0xe5, 0xad, 0xe5, 0xad, 0xe5, 0xad, 0xe5, 0xad, 0xe5, 0xad, 0xe5, 0xad, 0xe5, 0xad, 0xe5,
  0xad, 0xe5, 0xad, 0xe5, 0xad, 0xe5, 0xad, 0xe5, 0xad, 0xe5, 0xad, 0xe5, 0xad, 0xe5, 0xad, 0xe5,
  0xad, 0xe5, 0xad, 0xe5, 0xad, 0xe5, 0xad, 0xe5, 0xad, 0xe5, 0xad, 0xe5, 0xad, 0xe5, 0xad, 0xe5,
  0xad, 0xe5, 0xad, 0xe5, 0xad, 0xe5, 0xad, 0xe5, 0xad, 0xe5, 0xad, 0xe5, 0xad, 0xe5, 0xad, 0xe5,
  0xad, 0xe5, 0xad, 0xe5, 0xad, 0xe5, 0xab, 0xbc, 0x65, 0x62, 0x81, 0x18, 0x61, 0x18, 0x61, 0x18,
  0x61, 0x18, 0x61, 0x18, 0x61, 0x18, 0x61, 0x18, 0x61, 0x18, 0x61, 0x18, 0x61, 0x18, 0x61, 0x18,
  0x61, 0x18, 0x61, 0x18, 0x61, 0x18, 0x61, 0x18, 0x61, 0x18, 0x61, 0x18, 0x61, 0x18, 0x61, 0x18,
  0x61, 0x18, 0x61, 0x18, 0x61, 0x18, 0x61, 0x18, 0x61, 0x18, 0x61, 0x18, 0x61, 0x18, 0x61, 0x18,
  0x61, 0x18, 0x61, 0x18, 0x61, 0x18, 0x61, 0x18, 0x61, 0x18, 0x61, 0x18, 0x61, 0x18, 0x61, 0x18,
  0x61, 0x18, 0x61, 0x18, 0x61, 0x18, 0x61, 0x18, 0x61, 0x18, 0x61, 0x18, 0x61, 0x18, 0x61, 0x18,
  0x61, 0x18, 0x61, 0x18, 0x61, 0x18, 0x61, 0x18, 0x61, 0x18, 0x61, 0x18, 0x61, 0x18, 0x61, 0x18,
  0x61, 0x18, 0x61, 0x18, 0x61, 0x18, 0x61, 0x18, 0x61, 0x18, 0x61, 0x18, 0x61, 0x18, 0x61, 0x18,
  0x61, 0x18, 0x61, 0x18, 0x61, 0x18, 0x61, 0x18, 0x61, 0x18, 0x61, 0x18, 0x61, 0x18, 0x61, 0x18,
  0x61, 0x18, 0x61, 0x18, 0x61, 0x18, 0x61, 0x18, 0x61, 0x18, 0x61, 0x18, 0x61, 0x18, 0x61, 0x18,
  0x61, 0x18, 0x61, 0x18, 0x61, 0x18, 0x61, 0x18, 0x61, 0x18, 0x61, 0x18, 0x61, 0x18, 0x61, 0x18,
  0x61, 0x18, 0x61, 0x18, 0x61, 0x18, 0x61, 0x18, 0x61, 0x18, 0x61, 0x18, 0x61, 0x18, 0x61, 0x18,
  0x61, 0x18, 0x61, 0x18, 0x61, 0x18, 0x61, 0x18, 0x61, 0x18, 0x61, 0x18, 0x61, 0x18, 0xa1, 0x20,
  0x85, 0x6a, 0xcb, 0xc4, 0xad, 0xe5, 0xad, 0xe5, 0xad, 0xe5, 0xad, 0xe5, 0xad, 0xe5, 0xad, 0xe5,
  0xad, 0xe5, 0xad, 0xe5, 0xad, 0xe5, 0xad, 0xe5, 0xad, 0xe5, 0xad, 0xe5, 0xad, 0xe5, 0xad, 0xe5,
  0xad, 0xe5, 0xad, 0xe5, 0xad, 0xe5, 0xad, 0xe5, 0xad, 0xe5, 0xad, 0xe5, 0xad, 0xe5, 0xad, 0xe5,
  0xad, 0xe5, 0xad, 0xe5, 0xad, 0xe5, 0xad, 0xe5, 0xad, 0xe5, 0xad, 0xe5, 0xad, 0xe5, 0xad, 0xe5,
  0xad, 0xe5, 0xad, 0xe5, 0xad, 0xe5, 0xad, 0xe5, 0xad, 0xe5, 0xad, 0xe5, 0xad, 0xe5, 0xad, 0xe5,
  0xad, 0xe5, 0xad, 0xe5, 0xad, 0xe5, 0xad, 0xe5, 0xad, 0xe5, 0xad, 0xe5, 0xad, 0xe5, 0xad, 0xe5,
  0xad, 0xe5, 0xad, 0xe5, 0xad, 0xe5, 0xad, 0xe5, 0xad, 0xe5, 0xad, 0xe5, 0xad, 0xe5, 0xad, 0xe5,
  0xad, 0xe5, 0xad, 0xe5, 0xad, 0xe5, 0xad, 0xe5, 0xad, 0xe5, 0xad, 0xe5, 0xad, 0xe5, 0xad, 0xe5,
  0xad, 0xe5, 0xad, 0xe5, 0xad, 0xe5, 0xad, 0xe5, 0xad, 0xe5, 0x2c, 0xd5, 0x47, 0x83, 0xe2, 0x28,
  0x61, 0x18, 0x61, 0x18, 0x61, 0x18, 0x61, 0x18, 0x61, 0x18, 0x61, 0x18, 0x61, 0x18, 0x61, 0x18,
  0x61, 0x18, 0x61, 0x18, 0x61, 0x18, 0x61, 0x18, 0x61, 0x18, 0x61, 0x18, 0x61, 0x18, 0x61, 0x18,
  0x61, 0x18, 0x61, 0x18, 0x61, 0x18, 0x61, 0x18, 0x61, 0x18, 0x61, 0x18, 0x61, 0x18, 0x61, 0x18,
  0x61, 0x18, 0x61, 0x18, 0x61, 0x18, 0x61, 0x18, 0x61, 0x18, 0x61, 0x18, 0x61, 0x18, 0x61, 0x18,
  0x61, 0x18, 0x61, 0x18, 0x61, 0x18, 0x61, 0x18, 0x61, 0x18, 0x61, 0x18, 0x61, 0x18, 0x61, 0x18,
  0x61, 0x18, 0x61, 0x18, 0x61, 0x18, 0x61, 0x18, 0x61, 0x18, 0x61, 0x18, 0x61, 0x18, 0x61, 0x18,
  0x61, 0x18, 0x61, 0x18, 0x61, 0x18, 0x61, 0x18, 0x61, 0x18, 0x61, 0x18, 0x61, 0x18, 0x61, 0x18,
  0x61, 0x18, 0x61, 0x18, 0x61, 0x18, 0x61, 0x18, 0x61, 0x18, 0x61, 0x18, 0x61, 0x18, 0x61, 0x18,
  0x61, 0x18, 0x61, 0x18, 0x61, 0x18, 0x61, 0x18, 0x61, 0x18, 0x61, 0x18, 0x61, 0x18, 0x61, 0x18,
  0x61, 0x18, 0x61, 0x18, 0x61, 0x18, 0x61, 0x18, 0x61, 0x18, 0x61, 0x18, 0x61, 0x18, 0x61, 0x18,
  0x61, 0x18, 0x61, 0x18, 0x61, 0x18, 0x61, 0x18, 0x61, 0x18, 0x61, 0x18, 0x61, 0x18, 0x61, 0x18,
  0x61, 0x18, 0x61, 0x18, 0x61, 0x18, 0x61, 0x18, 0x61, 0x18, 0xe2, 0x28, 0x47, 0x8b, 0x6c, 0xdd,
  0xad, 0xe5, 0xad, 0xe5, 0xad, 0xe5, 0xad, 0xe5, 0xad, 0xe5, 0xad, 0xe5, 0xad, 0xe5, 0xad, 0xe5,
  0xad, 0xe5, 0xad, 0xe5, 0xad, 0xe5, 0xad, 0xe5, 0xad, 0xe5, 0xad, 0xe5, 0xad, 0xe5, 0xad, 0xe5,
  0xad, 0xe5, 0xad, 0xe5, 0xad, 0xe5, 0xad, 0xe5, 0xad, 0xe5, 0xad, 0xe5, 0xad, 0xe5, 0xad, 0xe5,
  0xad, 0xe5, 0xad, 0xe5, 0xad, 0xe5, 0xad, 0xe5, 0xad, 0xe5, 0xad, 0xe5, 0xad, 0xe5, 0xad, 0xe5,
  0xad, 0xe5, 0xad, 0xe5, 0xad, 0xe5, 0xad, 0xe5, 0xad, 0xe5, 0xad, 0xe5, 0xad, 0xe5, 0xad, 0xe5,
  0xad, 0xe5, 0xad, 0xe5, 0xad, 0xe5, 0xad, 0xe5, 0xad, 0xe5, 0xad, 0xe5, 0xad, 0xe5, 0xad, 0xe5,
  0xad, 0xe5, 0xad, 0xe5, 0xad, 0xe5, 0xad, 0xe5, 0xad, 0xe5, 0xad, 0xe5, 0xad, 0xe5, 0xad, 0xe5,
  0xad, 0xe5, 0xad, 0xe5, 0xad, 0xe5, 0xad, 0xe5, 0xad, 0xe5, 0xad, 0xe5, 0xad, 0xe5, 0xad, 0xe5,
  0xad, 0xe5, 0xad, 0xe5, 0xad, 0xe5, 0xad, 0xe5, 0xad, 0xe5, 0xad, 0xe5, 0xad, 0xe5, 0x6c, 0xdd,
  0x47, 0x8b, 0xc1, 0x28, 0x61, 0x18, 0x61, 0x18, 0x61, 0x18, 0x61, 0x18, 0x61, 0x18, 0x61, 0x18,
  0x61, 0x18, 0x61, 0x18, 0x61, 0x18, 0x61, 0x18, 0x61, 0x18, 0x61, 0x18, 0x61, 0x18, 0x61, 0x18,
  0x61, 0x18, 0x61, 0x18, 0x61, 0x18, 0x61, 0x18, 0x61, 0x18, 0x61, 0x18, 0x61, 0x18, 0x61, 0x18,
  0x61, 0x18, 0x61, 0x18, 0x61, 0x18, 0x61, 0x18, 0x61, 0x18, 0x61, 0x18, 0x61, 0x18, 0x61, 0x18,
  0x61, 0x18, 0x61, 0x18, 0x61, 0x18, 0x61, 0x18, 0x61, 0x18, 0x61, 0x18, 0x61, 0x18, 0x61, 0x18,
  0x61, 0x18, 0x61, 0x18, 0x61, 0x18, 0x61, 0x18, 0x61, 0x18, 0x61, 0x18, 0x61, 0x18, 0x61, 0x18,
  0x61, 0x18, 0x61, 0x18, 0x61, 0x18, 0x61, 0x18, 0x61, 0x18, 0x61, 0x18, 0x61, 0x18, 0x61, 0x18,
  0x61, 0x18, 0x61, 0x18, 0x61, 0x18, 0x61, 0x18, 0x61, 0x18, 0x61, 0x18, 0x61, 0x18, 0x61, 0x18,
  0x61, 0x18, 0x61, 0x18, 0x61, 0x18, 0x61, 0x18, 0x61, 0x18, 0x61, 0x18, 0x61, 0x18, 0x61, 0x18,
  0x61, 0x18, 0x61, 0x18, 0x61, 0x18, 0x61, 0x18, 0x61, 0x18, 0x61, 0x18, 0x61, 0x18, 0x61, 0x18,
  0x61, 0x18, 0x61, 0x18, 0x61, 0x18, 0x61, 0x18, 0x61, 0x18, 0x61, 0x18, 0x61, 0x18, 0x61, 0x18,
  0x61, 0x18, 0x61, 0x18, 0x61, 0x18, 0xa1, 0x20, 0xc6, 0x7a, 0x6c, 0xdd, 0xad, 0xe5, 0xad, 0xe5,
  0xad, 0xe5, 0xad, 0xe5, 0xad, 0xe5, 0xad, 0xe5, 0xad, 0xe5, 0xad, 0xe5, 0xad, 0xe5, 0xad, 0xe5,
  0xad, 0xe5, 0xad, 0xe5, 0xad, 0xe5, 0xad, 0xe5, 0xad, 0xe5, 0xad, 0xe5, 0xad, 0xe5, 0xad, 0xe5,
  0xad, 0xe5, 0xad, 0xe5, 0xad, 0xe5, 0xad, 0xe5, 0xad, 0xe5, 0xad, 0xe5, 0xad, 0xe5, 0xad, 0xe5,
  0xad, 0xe5, 0xad, 0xe5, 0xad, 0xe5, 0xad, 0xe5, 0xad, 0xe5, 0xad, 0xe5, 0xad, 0xe5, 0xad, 0xe5,
  0xad, 0xe5, 0xad, 0xe5, 0xad, 0xe5, 0xad, 0xe5, 0xad, 0xe5, 0xad, 0xe5, 0xad, 0xe5, 0xad, 0xe5,
  0xad, 0xe5, 0xad, 0xe5, 0xad, 0xe5, 0xad, 0xe5, 0xad, 0xe5, 0xad, 0xe5, 0xad, 0xe5, 0xad, 0xe5,
  0xad, 0xe5, 0xad, 0xe5, 0xad, 0xe5, 0xad, 0xe5, 0xad, 0xe5, 0xad, 0xe5, 0xad, 0xe5, 0xad, 0xe5,
  0xad, 0xe5, 0xad, 0xe5, 0xad, 0xe5, 0xad, 0xe5, 0xad, 0xe5, 0xad, 0xe5, 0xad, 0xe5, 0xad, 0xe5,
  0xad, 0xe5, 0xad, 0xe5, 0xad, 0xe5, 0xad, 0xe5, 0xad, 0xe5, 0xad, 0xe5, 0xad, 0xe5, 0xad, 0xe5,
  0xad, 0xe5, 0x6c, 0xdd, 0x47, 0x83, 0xa1, 0x20, 0x61, 0x18, 0x61, 0x18, 0x61, 0x18, 0x61, 0x18,
  0x61, 0x18, 0x61, 0x18, 0x61, 0x18, 0x61, 0x18, 0x61, 0x18, 0x61, 0x18, 0x61, 0x18, 0x61, 0x18,
  0x61, 0x18, 0x61, 0x18, 0x61, 0x18, 0x61, 0x18, 0x61, 0x18, 0x61, 0x18, 0x61, 0x18, 0x61, 0x18,
  0x61, 0x18, 0x61, 0x18, 0x61, 0x18, 0x61, 0x18, 0x61, 0x18, 0x61, 0x18, 0x61, 0x18, 0x61, 0x18,
  0x61, 0x18, 0x61, 0x18, 0x61, 0x18, 0x61, 0x18, 0x61, 0x18, 0x61, 0x18, 0x61, 0x18, 0x61, 0x18,
  0x61, 0x18, 0x61, 0x18, 0x61, 0x18, 0x61, 0x18, 0x61, 0x18, 0x61, 0x18, 0x61, 0x18, 0x61, 0x18,
  0x61, 0x18, 0x61, 0x18, 0x61, 0x18, 0x61, 0x18, 0x61, 0x18, 0x61, 0x18, 0x61, 0x18, 0x61, 0x18,
  0x61, 0x18, 0x61, 0x18, 0x61, 0x18, 0x61, 0x18, 0x61, 0x18, 0x61, 0x18, 0x61, 0x18, 0x61, 0x18,
  0x61, 0x18, 0x61, 0x18, 0x61, 0x18, 0x61, 0x18, 0x61, 0x18, 0x61, 0x18, 0x61, 0x18, 0x61, 0x18,
  0x61, 0x18, 0x61, 0x18, 0x61, 0x18, 0x61, 0x18, 0x61, 0x18, 0x61, 0x18, 0x61, 0x18, 0x61, 0x18,
  0x61, 0x18, 0x61, 0x18, 0x61, 0x18, 0x61, 0x18, 0x61, 0x18, 0x61, 0x18, 0x61, 0x18, 0x61, 0x18,
  0x61, 0x18, 0x81, 0x18, 0xa6, 0x72, 0x4c, 0xdd, 0xad, 0xe5, 0xad, 0xe5, 0xad, 0xe5, 0xad, 0xe5,
  0xad, 0xe5, 0xad, 0xe5, 0xad, 0xe5, 0xad, 0xe5, 0xad, 0xe5, 0xad, 0xe5, 0xad, 0xe5, 0xad, 0xe5,
  0xad, 0xe5, 0xad, 0xe5, 0xad, 0xe5, 0xad, 0xe5, 0xad, 0xe5, 0xad, 0xe5, 0xad, 0xe5, 0xad, 0xe5,
  0xad, 0xe5, 0xad, 0xe5, 0xad, 0xe5, 0xad, 0xe5, 0xad, 0xe5, 0xad, 0xe5, 0xad, 0xe5, 0xad, 0xe5,
  0xad, 0xe5, 0xad, 0xe5, 0xad, 0xe5, 0xad, 0xe5, 0xad, 0xe5, 0xad, 0xe5, 0xad, 0xe5, 0xad, 0xe5,
  0xad, 0xe5, 0xad, 0xe5, 0xad, 0xe5, 0xad, 0xe5, 0xad, 0xe5, 0xad, 0xe5, 0xad, 0xe5, 0xad, 0xe5,
  0xad, 0xe5, 0xad, 0xe5, 0xad, 0xe5, 0xad, 0xe5, 0xad, 0xe5, 0xad, 0xe5, 0xad, 0xe5, 0xad, 0xe5,
  0xad, 0xe5, 0xad, 0xe5, 0xad, 0xe5, 0xad, 0xe5, 0xad, 0xe5, 0xad, 0xe5, 0xad, 0xe5, 0xad, 0xe5,
  0xad, 0xe5, 0xad, 0xe5, 0xad, 0xe5, 0xad, 0xe5, 0xad, 0xe5, 0xad, 0xe5, 0xad, 0xe5, 0xad, 0xe5,
  0xad, 0xe5, 0xad, 0xe5, 0xad, 0xe5, 0xad, 0xe5, 0xad, 0xe5, 0xad, 0xe5, 0xad, 0xe5, 0xad, 0xe5,
  0xad, 0xe5, 0xad, 0xe5, 0xad, 0xe5, 0x2c, 0xd5, 0x85, 0x6a, 0x61, 0x18, 0x61, 0x18, 0x61, 0x18,
  0x61, 0x18, 0x61, 0x18, 0x61, 0x18, 0x61, 0x18, 0x61, 0x18, 0x61, 0x18, 0x61, 0x18, 0x61, 0x18,
  0x61, 0x18, 0x61, 0x18, 0x61, 0x18, 0x61, 0x18, 0x61, 0x18, 0x61, 0x18, 0x61, 0x18, 0x61, 0x18,
  0x61, 0x18, 0x61, 0x18, 0x61, 0x18, 0x61, 0x18, 0x61, 0x18, 0x61, 0x18, 0x61, 0x18, 0x61, 0x18,
  0x61, 0x18, 0x61, 0x18, 0x61, 0x18, 0x61, 0x18, 0x61, 0x18, 0x61, 0x18, 0x61, 0x18, 0x61, 0x18,
  0x61, 0x18, 0x61, 0x18, 0x61, 0x18, 0x61, 0x18, 0x61, 0x18, 0x61, 0x18, 0x61, 0x18, 0x61, 0x18,
  0x61, 0x18, 0x61, 0x18, 0x61, 0x18, 0x61, 0x18, 0x61, 0x18, 0x61, 0x18, 0x61, 0x18, 0x61, 0x18,
  0x61, 0x18, 0x61, 0x18, 0x61, 0x18, 0x61, 0x18, 0x61, 0x18, 0x61, 0x18, 0x61, 0x18, 0x61, 0x18,
  0x61, 0x18, 0x61, 0x18, 0x61, 0x18, 0x61, 0x18, 0x61, 0x18, 0x61, 0x18, 0x61, 0x18, 0x61, 0x18,
  0x61, 0x18, 0x61, 0x18, 0x61, 0x18, 0x61, 0x18, 0x61, 0x18, 0x61, 0x18, 0x61, 0x18, 0x61, 0x18,
  0x61, 0x18, 0x61, 0x18, 0x61, 0x18, 0x61, 0x18, 0x61, 0x18, 0x61, 0x18, 0x61, 0x18, 0x61, 0x18,
  0x63, 0x39, 0x8a, 0xbc, 0xad, 0xe5, 0xad, 0xe5, 0xad, 0xe5, 0xad, 0xe5, 0xad, 0xe5, 0xad, 0xe5,
  0xad, 0xe5, 0xad, 0xe5, 0xad, 0xe5, 0xad, 0xe5, 0xad, 0xe5, 0xad, 0xe5, 0xad, 0xe5, 0xad, 0xe5,
  0xad, 0xe5, 0xad, 0xe5, 0xad, 0xe5, 0xad, 0xe5, 0xad, 0xe5, 0xad, 0xe5, 0xad, 0xe5, 0xad, 0xe5,
  0xad, 0xe5, 0xad, 0xe5, 0xad, 0xe5, 0xad, 0xe5, 0xad, 0xe5, 0xad, 0xe5, 0xad, 0xe5, 0xad, 0xe5,
  0xad, 0xe5, 0xad, 0xe5, 0xad, 0xe5, 0xad, 0xe5, 0xad, 0xe5, 0xad, 0xe5, 0xad, 0xe5, 0xad, 0xe5,
  0xad, 0xe5, 0xad, 0xe5, 0xad, 0xe5, 0xad, 0xe5, 0xad, 0xe5, 0xad, 0xe5, 0xad, 0xe5, 0xad, 0xe5,
  0xad, 0xe5, 0xad, 0xe5, 0xad, 0xe5, 0xad, 0xe5, 0xad, 0xe5, 0xad, 0xe5, 0xad, 0xe5, 0xad, 0xe5,
  0xad, 0xe5, 0xad, 0xe5, 0xad, 0xe5, 0xad, 0xe5, 0xad, 0xe5, 0xad, 0xe5, 0xad, 0xe5, 0xad, 0xe5,
  0xad, 0xe5, 0xad, 0xe5, 0xad, 0xe5, 0xad, 0xe5, 0xad, 0xe5, 0xad, 0xe5, 0xad, 0xe5, 0xad, 0xe5,
  0xad, 0xe5, 0xad, 0xe5, 0xad, 0xe5, 0xad, 0xe5, 0xad, 0xe5, 0xad, 0xe5, 0xad, 0xe5, 0xad, 0xe5,
  0xad, 0xe5, 0xad, 0xe5, 0xad, 0xe5, 0xad, 0xe5, 0xad, 0xe5, 0x6a, 0xb4, 0x43, 0x39, 0x61, 0x18,
  0x61, 0x18, 0x61, 0x18, 0x61, 0x18, 0x61, 0x18, 0x61, 0x18, 0x61, 0x18, 0x61, 0x18, 0x61, 0x18,
  0x61, 0x18, 0x61, 0x18, 0x61, 0x18, 0x61, 0x18, 0x61, 0x18, 0x61, 0x18, 0x61, 0x18, 0x61, 0x18,
  0x61, 0x18, 0x61, 0x18, 0x61, 0x18, 0x61, 0x18, 0x61, 0x18, 0x61, 0x18, 0x61, 0x18, 0x61, 0x18,
  0x61, 0x18, 0x61, 0x18, 0x61, 0x18, 0x61, 0x18, 0x61, 0x18, 0x61, 0x18, 0x61, 0x18, 0x61, 0x18,
  0x61, 0x18, 0x61, 0x18, 0x61, 0x18, 0x61, 0x18, 0x61, 0x18, 0x61, 0x18, 0x61, 0x18, 0x61, 0x18,
  0x61, 0x18, 0x61, 0x18, 0x61, 0x18, 0x61, 0x18, 0x61, 0x18, 0x61, 0x18, 0x61, 0x18, 0x61, 0x18,
  0x61, 0x18, 0x61, 0x18, 0x61, 0x18, 0x61, 0x18, 0x61, 0x18, 0x61, 0x18, 0x61, 0x18, 0x61, 0x18,
  0x61, 0x18, 0x61, 0x18, 0x61, 0x18, 0x61, 0x18, 0x61, 0x18, 0x61, 0x18, 0x61, 0x18, 0x61, 0x18,
  0x61, 0x18, 0x61, 0x18, 0x61, 0x18, 0x61, 0x18, 0x61, 0x18, 0x61, 0x18, 0x61, 0x18, 0x61, 0x18,
  0x61, 0x18, 0x61, 0x18, 0x61, 0x18, 0x61, 0x18, 0x61, 0x18, 0x61, 0x18, 0x81, 0x18, 0x27, 0x83,
  0x8d, 0xe5, 0xad, 0xe5, 0xad, 0xe5, 0xad, 0xe5, 0xad, 0xe5, 0xad, 0xe5, 0xad, 0xe5, 0xad, 0xe5,
  0xad, 0xe5, 0xad, 0xe5, 0xad, 0xe5, 0xad, 0xe5, 0xad, 0xe5, 0xad, 0xe5, 0xad, 0xe5, 0xad, 0xe5,
  0xad, 0xe5, 0xad, 0xe5, 0xad, 0xe5, 0xad, 0xe5, 0xad, 0xe5, 0xad, 0xe5, 0xad, 0xe5, 0xad, 0xe5,
  0xad, 0xe5, 0xad, 0xe5, 0xad, 0xe5, 0xad, 0xe5, 0xad, 0xe5, 0xad, 0xe5, 0xad, 0xe5, 0xad, 0xe5,
  0xad, 0xe5, 0xad, 0xe5, 0xad, 0xe5, 0xad, 0xe5, 0xad, 0xe5, 0xad, 0xe5, 0xad, 0xe5, 0xad, 0xe5,
  0xad, 0xe5, 0xad, 0xe5, 0xad, 0xe5, 0xad, 0xe5, 0xad, 0xe5, 0xad, 0xe5, 0xad, 0xe5, 0xad, 0xe5,
  0xad, 0xe5, 0xad, 0xe5, 0xad, 0xe5, 0xad, 0xe5, 0xad, 0xe5, 0xad, 0xe5, 0xad, 0xe5, 0xad, 0xe5,
  0xad, 0xe5, 0xad, 0xe5, 0xad, 0xe5, 0xad, 0xe5, 0xad, 0xe5, 0xad, 0xe5, 0xad, 0xe5, 0xad, 0xe5,
  0xad, 0xe5, 0xad, 0xe5, 0xad, 0xe5, 0xad, 0xe5, 0xad, 0xe5, 0xad, 0xe5, 0xad, 0xe5, 0xad, 0xe5,
  0xad, 0xe5, 0xad, 0xe5, 0xad, 0xe5, 0xad, 0xe5, 0xad, 0xe5, 0xad, 0xe5, 0xad, 0xe5, 0xad, 0xe5,
  0xad, 0xe5, 0xad, 0xe5, 0xad, 0xe5, 0xad, 0xe5, 0xad, 0xe5, 0xad, 0xe5, 0x8c, 0xe5, 0x07, 0x7b,
  0x81, 0x18, 0x61, 0x18, 0x61, 0x18, 0x61, 0x18, 0x61, 0x18, 0x61, 0x18, 0x61, 0x18, 0x61, 0x18,
  0x61, 0x18, 0x61, 0x18, 0x61, 0x18, 0x61, 0x18, 0x61, 0x18, 0x61, 0x18, 0x61, 0x18, 0x61, 0x18,
  0x61, 0x18, 0x61, 0x18, 0x61, 0x18, 0x61, 0x18, 0x61, 0x18, 0x61, 0x18, 0x61, 0x18, 0x61, 0x18,
  0x61, 0x18, 0x61, 0x18, 0x61, 0x18, 0x61, 0x18, 0x61, 0x18, 0x61, 0x18, 0x61, 0x18, 0x61, 0x18,
  0x61, 0x18, 0x61, 0x18, 0x61, 0x18, 0x61, 0x18, 0x61, 0x18, 0x61, 0x18, 0x61, 0x18, 0x61, 0x18,
  0x61, 0x18, 0x61, 0x18, 0x61, 0x18, 0x61, 0x18, 0x61, 0x18, 0x61, 0x18, 0x61, 0x18, 0x61, 0x18,
  0x61, 0x18, 0x61, 0x18, 0x61, 0x18, 0x61, 0x18, 0x61, 0x18, 0x61, 0x18, 0x61, 0x18, 0x61, 0x18,
  0x61, 0x18, 0x61, 0x18, 0x61, 0x18, 0x61, 0x18, 0x61, 0x18, 0x61, 0x18, 0x61, 0x18, 0x61, 0x18,
  0x61, 0x18, 0x61, 0x18, 0x61, 0x18, 0x61, 0x18, 0x61, 0x18, 0x61, 0x18, 0x61, 0x18, 0x61, 0x18,
  0x61, 0x18, 0x61, 0x18, 0x61, 0x18, 0x61, 0x18, 0x61, 0x18, 0xe2, 0x28, 0x4a, 0xb4, 0xad, 0xe5,
  0xad, 0xe5, 0xad, 0xe5, 0xad, 0xe5, 0xad, 0xe5, 0xad, 0xe5, 0xad, 0xe5, 0xad, 0xe5, 0xad, 0xe5,
  0xad, 0xe5, 0xad, 0xe5, 0xad, 0xe5, 0xad, 0xe5, 0xad, 0xe5, 0xad, 0xe5, 0xad, 0xe5, 0xad, 0xe5,
  0xad, 0xe5, 0xad, 0xe5, 0xad, 0xe5, 0xad, 0xe5, 0xad, 0xe5, 0xad, 0xe5, 0xad, 0xe5, 0xad, 0xe5,
  0xad, 0xe5, 0xad, 0xe5, 0xad, 0xe5, 0xad, 0xe5, 0xad, 0xe5, 0xad, 0xe5, 0xad, 0xe5, 0xad, 0xe5,
  0xad, 0xe5, 0xad, 0xe5, 0xad, 0xe5, 0xad, 0xe5, 0xad, 0xe5, 0xad, 0xe5, 0xad, 0xe5, 0xad, 0xe5,
  0xad, 0xe5, 0xad, 0xe5, 0xad, 0xe5, 0xad, 0xe5, 0xad, 0xe5, 0xad, 0xe5, 0xad, 0xe5, 0xad, 0xe5,
  0xad, 0xe5, 0xad, 0xe5, 0xad, 0xe5, 0xad, 0xe5, 0xad, 0xe5, 0xad, 0xe5, 0xad, 0xe5, 0xad, 0xe5,
  0xad, 0xe5, 0xad, 0xe5, 0xad, 0xe5, 0xad, 0xe5, 0xad, 0xe5, 0xad, 0xe5, 0xad, 0xe5, 0xad, 0xe5,
  0xad, 0xe5, 0xad, 0xe5, 0xad, 0xe5, 0xad, 0xe5, 0xad, 0xe5, 0xad, 0xe5, 0xad, 0xe5, 0xad, 0xe5,
  0xad, 0xe5, 0xad, 0xe5, 0xad, 0xe5, 0xad, 0xe5, 0xad, 0xe5, 0xad, 0xe5, 0xad, 0xe5, 0xad, 0xe5,
  0xad, 0xe5, 0xad, 0xe5, 0xad, 0xe5, 0xad, 0xe5, 0xad, 0xe5, 0xad, 0xe5, 0xad, 0xe5, 0xad, 0xe5,
  0xab, 0xbc, 0x22, 0x31, 0x61, 0x18, 0x61, 0x18, 0x61, 0x18, 0x61, 0x18, 0x61, 0x18, 0x61, 0x18,
  0x61, 0x18, 0x61, 0x18, 0x61, 0x18, 0x61, 0x18, 0x61, 0x18, 0x61, 0x18, 0x61, 0x18, 0x61, 0x18,
  0x61, 0x18, 0x61, 0x18, 0x61, 0x18, 0x61, 0x18, 0x61, 0x18, 0x61, 0x18, 0x61, 0x18, 0x61, 0x18,
  0x61, 0x18, 0x61, 0x18, 0x61, 0x18, 0x61, 0x18, 0x61, 0x18, 0x61, 0x18, 0x61, 0x18, 0x61, 0x18,
  0x61, 0x18, 0x61, 0x18, 0x61, 0x18, 0x61, 0x18, 0x61, 0x18, 0x61, 0x18, 0x61, 0x18, 0x61, 0x18,
  0x61, 0x18, 0x61, 0x18, 0x61, 0x18, 0x61, 0x18, 0x61, 0x18, 0x61, 0x18, 0x61, 0x18, 0x61, 0x18,
  0x61, 0x18, 0x61, 0x18, 0x61, 0x18, 0x61, 0x18, 0x61, 0x18, 0x61, 0x18, 0x61, 0x18, 0x61, 0x18,
  0x61, 0x18, 0x61, 0x18, 0x61, 0x18, 0x61, 0x18, 0x61, 0x18, 0x61, 0x18, 0x61, 0x18, 0x61, 0x18,
  0x61, 0x18, 0x61, 0x18, 0x61, 0x18, 0x61, 0x18, 0x61, 0x18, 0x61, 0x18, 0x61, 0x18, 0x61, 0x18,
  0x61, 0x18, 0x61, 0x18, 0x61, 0x18, 0x61, 0x18, 0xa3, 0x49, 0x2c, 0xd5, 0xad, 0xe5, 0xad, 0xe5,
  0xad, 0xe5, 0xad, 0xe5, 0xad, 0xe5, 0xad, 0xe5, 0xad, 0xe5, 0xad, 0xe5, 0xad, 0xe5, 0xad, 0xe5,
  0xad, 0xe5, 0xad, 0xe5, 0xad, 0xe5, 0xad, 0xe5, 0xad, 0xe5, 0xad, 0xe5, 0xad, 0xe5, 0xad, 0xe5,
  0xad, 0xe5, 0xad, 0xe5, 0xad, 0xe5, 0xad, 0xe5, 0xad, 0xe5, 0xad, 0xe5, 0xad, 0xe5, 0xad, 0xe5,
  0xad, 0xe5, 0xad, 0xe5, 0xad, 0xe5, 0xad, 0xe5, 0xad, 0xe5, 0xad, 0xe5, 0xad, 0xe5, 0xad, 0xe5,
  0xad, 0xe5, 0xad, 0xe5, 0xad, 0xe5, 0xad, 0xe5, 0xad, 0xe5, 0xad, 0xe5, 0xad, 0xe5, 0xad, 0xe5,
  0xad, 0xe5, 0xad, 0xe5, 0xad, 0xe5, 0xad, 0xe5, 0xad, 0xe5, 0xad, 0xe5, 0xad, 0xe5, 0xad, 0xe5,
  0xad, 0xe5, 0xad, 0xe5, 0xad, 0xe5, 0xad, 0xe5, 0xad, 0xe5, 0xad, 0xe5, 0xad, 0xe5, 0xad, 0xe5,
  0xad, 0xe5, 0xad, 0xe5, 0xad, 0xe5, 0xad, 0xe5, 0xad, 0xe5, 0xad, 0xe5, 0xad, 0xe5, 0xad, 0xe5,
  0xad, 0xe5, 0xad, 0xe5, 0xad, 0xe5, 0xad, 0xe5, 0xad, 0xe5, 0xad, 0xe5, 0xad, 0xe5, 0xad, 0xe5,
  0xad, 0xe5, 0xad, 0xe5, 0xad, 0xe5, 0xad, 0xe5, 0xad, 0xe5, 0xad, 0xe5, 0xad, 0xe5, 0xad, 0xe5,
  0xad, 0xe5, 0xad, 0xe5, 0xad, 0xe5, 0xad, 0xe5, 0xad, 0xe5, 0xad, 0xe5, 0xad, 0xe5, 0xad, 0xe5,
  0xad, 0xe5, 0x6c, 0xdd, 0x25, 0x62, 0x61, 0x18, 0x61, 0x18, 0x61, 0x18, 0x61, 0x18, 0x61, 0x18,
  0x61, 0x18, 0x61, 0x18, 0x61, 0x18, 0x61, 0x18, 0x61, 0x18, 0x61, 0x18, 0x61, 0x18, 0x61, 0x18,
  0x61, 0x18, 0x61, 0x18, 0x61, 0x18, 0x61, 0x18, 0x61, 0x18, 0x61, 0x18, 0x61, 0x18, 0x61, 0x18,
  0x61, 0x18, 0x61, 0x18, 0x61, 0x18, 0x61, 0x18, 0x61, 0x18, 0x61, 0x18, 0x61, 0x18, 0x61, 0x18,
  0x61, 0x18, 0x61, 0x18, 0x61, 0x18, 0x61, 0x18, 0x61, 0x18, 0x61, 0x18, 0x61, 0x18, 0x61, 0x18,
  0x61, 0x18, 0x61, 0x18, 0x61, 0x18, 0x61, 0x18, 0x61, 0x18, 0x61, 0x18, 0x61, 0x18, 0x61, 0x18,
  0x61, 0x18, 0x61, 0x18, 0x61, 0x18, 0x61, 0x18, 0x61, 0x18, 0x61, 0x18, 0x61, 0x18, 0x61, 0x18,
  0x61, 0x18, 0x61, 0x18, 0x61, 0x18, 0x61, 0x18, 0x61, 0x18, 0x61, 0x18, 0x61, 0x18, 0x61, 0x18,
  0x61, 0x18, 0x61, 0x18, 0x61, 0x18, 0x61, 0x18, 0x61, 0x18, 0x61, 0x18, 0x61, 0x18, 0x61, 0x18,
  0x61, 0x18, 0x61, 0x18, 0x61, 0x18, 0x65, 0x62, 0x8d, 0xe5, 0xad, 0xe5, 0xad, 0xe5, 0xad, 0xe5,
  0xad, 0xe5, 0xad, 0xe5, 0xad, 0xe5, 0xad, 0xe5, 0xad, 0xe5, 0xad, 0xe5, 0xad, 0xe5, 0xad, 0xe5,
  0xad, 0xe5, 0xad, 0xe5, 0xad, 0xe5, 0xad, 0xe5, 0xad, 0xe5, 0xad, 0xe5, 0xad, 0xe5, 0xad, 0xe5,
  0xad, 0xe5, 0xad, 0xe5, 0xad, 0xe5, 0xad, 0xe5, 0xad, 0xe5, 0xad, 0xe5, 0xad, 0xe5, 0xad, 0xe5,
  0xad, 0xe5, 0xad, 0xe5, 0xad, 0xe5, 0xad, 0xe5, 0xad, 0xe5, 0xad, 0xe5, 0xad, 0xe5, 0xad, 0xe5,
  0xad, 0xe5, 0xad, 0xe5, 0xad, 0xe5, 0xad, 0xe5, 0xad, 0xe5, 0xad, 0xe5, 0xad, 0xe5, 0xad, 0xe5,
  0xad, 0xe5, 0xad, 0xe5, 0xad, 0xe5, 0xad, 0xe5, 0xad, 0xe5, 0xad, 0xe5, 0xad, 0xe5, 0xad, 0xe5,
  0xad, 0xe5, 0xad, 0xe5, 0xad, 0xe5, 0xad, 0xe5, 0xad, 0xe5, 0xad, 0xe5, 0xad, 0xe5, 0xad, 0xe5,
  0xad, 0xe5, 0xad, 0xe5, 0xad, 0xe5, 0xad, 0xe5, 0xad, 0xe5, 0xad, 0xe5, 0xad, 0xe5, 0xad, 0xe5,
  0xad, 0xe5, 0xad, 0xe5, 0xad, 0xe5, 0xad, 0xe5, 0xad, 0xe5, 0xad, 0xe5, 0xad, 0xe5, 0xad, 0xe5,
  0xad, 0xe5, 0xad, 0xe5, 0xad, 0xe5, 0xad, 0xe5, 0xad, 0xe5, 0xad, 0xe5, 0xad, 0xe5, 0xad, 0xe5,
  0xad, 0xe5, 0xad, 0xe5, 0xad, 0xe5, 0xad, 0xe5, 0xad, 0xe5, 0xad, 0xe5, 0xad, 0xe5, 0xad, 0xe5,
  0xad, 0xe5, 0xad, 0xe5, 0xad, 0xe5, 0x68, 0x93, 0x81, 0x18, 0x61, 0x18, 0x61, 0x18, 0x61, 0x18,
  0x61, 0x18, 0x61, 0x18, 0x61, 0x18, 0x61, 0x18, 0x61, 0x18, 0x61, 0x18, 0x61, 0x18, 0x61, 0x18,
  0x61, 0x18, 0x61, 0x18, 0x61, 0x18, 0x61, 0x18, 0x61, 0x18, 0x61, 0x18, 0x61, 0x18, 0x61, 0x18,
  0x61, 0x18, 0x61, 0x18, 0x61, 0x18, 0x61, 0x18, 0x61, 0x18, 0x61, 0x18, 0x61, 0x18, 0x61, 0x18,
  0x61, 0x18, 0x61, 0x18, 0x61, 0x18, 0x61, 0x18, 0x61, 0x18, 0x61, 0x18, 0x61, 0x18, 0x61, 0x18,
  0x61, 0x18, 0x61, 0x18, 0x61, 0x18, 0x61, 0x18, 0x61, 0x18, 0x61, 0x18, 0x61, 0x18, 0x61, 0x18,
  0x61, 0x18, 0x61, 0x18, 0x61, 0x18, 0x61, 0x18, 0x61, 0x18, 0x61, 0x18, 0x61, 0x18, 0x61, 0x18,
  0x61, 0x18, 0x61, 0x18, 0x61, 0x18, 0x61, 0x18, 0x61, 0x18, 0x61, 0x18, 0x61, 0x18, 0x61, 0x18,
  0x61, 0x18, 0x61, 0x18, 0x61, 0x18, 0x61, 0x18, 0x61, 0x18, 0x61, 0x18, 0x61, 0x18, 0x61, 0x18,
  0x61, 0x18, 0x61, 0x18, 0xa6, 0x72, 0xad, 0xe5, 0xad, 0xe5, 0xad, 0xe5, 0xad, 0xe5, 0xad, 0xe5,
  0xad, 0xe5, 0xad, 0xe5, 0xad, 0xe5, 0xad, 0xe5, 0xad, 0xe5, 0xad, 0xe5, 0xad, 0xe5, 0xad, 0xe5,
  0xad, 0xe5, 0xad, 0xe5, 0xad, 0xe5, 0xad, 0xe5, 0xad, 0xe5, 0xad, 0xe5, 0xad, 0xe5, 0xad, 0xe5,
  0xad, 0xe5, 0xad, 0xe5, 0xad, 0xe5, 0xad, 0xe5, 0xad, 0xe5, 0xad, 0xe5, 0xad, 0xe5, 0xad, 0xe5,
  0xad, 0xe5, 0xad, 0xe5, 0xad, 0xe5, 0xad, 0xe5, 0xad, 0xe5, 0xad, 0xe5, 0xad, 0xe5, 0xad, 0xe5,
  0xad, 0xe5, 0xad, 0xe5, 0xad, 0xe5, 0xad, 0xe5, 0xad, 0xe5, 0xad, 0xe5, 0xad, 0xe5, 0xad, 0xe5,
  0xad, 0xe5, 0xad, 0xe5, 0xad, 0xe5, 0xad, 0xe5, 0xad, 0xe5, 0xad, 0xe5, 0xad, 0xe5, 0xad, 0xe5,
  0xad, 0xe5, 0xad, 0xe5, 0xad, 0xe5, 0xad, 0xe5, 0xad, 0xe5, 0xad, 0xe5, 0xad, 0xe5, 0xad, 0xe5,
  0xad, 0xe5, 0xad, 0xe5, 0xad, 0xe5, 0xad, 0xe5, 0xad, 0xe5, 0xad, 0xe5, 0xad, 0xe5, 0xad, 0xe5,
  0xad, 0xe5, 0xad, 0xe5, 0xad, 0xe5, 0xad, 0xe5, 0xad, 0xe5, 0xad, 0xe5, 0xad, 0xe5, 0xad, 0xe5,
  0xad, 0xe5, 0xad, 0xe5, 0xad, 0xe5, 0xad, 0xe5, 0xad, 0xe5, 0xad, 0xe5, 0xad, 0xe5, 0xad, 0xe5,
  0xad, 0xe5, 0xad, 0xe5, 0xad, 0xe5, 0xad, 0xe5, 0xad, 0xe5, 0xad, 0xe5, 0xad, 0xe5, 0xad, 0xe5,
  0xad, 0xe5, 0xad, 0xe5, 0xad, 0xe5, 0xad, 0xe5, 0x8a, 0xbc, 0xc1, 0x28, 0x61, 0x18, 0x61, 0x18,
  0x61, 0x18, 0x61, 0x18, 0x61, 0x18, 0x61, 0x18, 0x61, 0x18, 0x61, 0x18, 0x61, 0x18, 0x61, 0x18,
  0x61, 0x18, 0x61, 0x18, 0x61, 0x18, 0x61, 0x18, 0x61, 0x18, 0x61, 0x18, 0x61, 0x18, 0x61, 0x18,
  0x61, 0x18, 0x61, 0x18, 0x61, 0x18, 0x61, 0x18, 0x61, 0x18, 0x61, 0x18, 0x61, 0x18, 0x61, 0x18,
  0x61, 0x18, 0x61, 0x18, 0x61, 0x18, 0x61, 0x18, 0x61, 0x18, 0x61, 0x18, 0x61, 0x18, 0x61, 0x18,
  0x61, 0x18, 0x61, 0x18, 0x61, 0x18, 0x61, 0x18, 0x61, 0x18, 0x61, 0x18, 0x61, 0x18, 0x61, 0x18,
  0x61, 0x18, 0x61, 0x18, 0x61, 0x18, 0x61, 0x18, 0x61, 0x18, 0x61, 0x18, 0x61, 0x18, 0x61, 0x18,
  0x61, 0x18, 0x61, 0x18, 0x61, 0x18, 0x61, 0x18, 0x61, 0x18, 0x61, 0x18, 0x61, 0x18, 0x61, 0x18,
  0x61, 0x18, 0x61, 0x18, 0x61, 0x18, 0x61, 0x18, 0x61, 0x18, 0x61, 0x18, 0x61, 0x18, 0x61, 0x18,
  0x61, 0x18, 0x47, 0x8b, 0xad, 0xe5, 0xad, 0xe5, 0xad, 0xe5, 0xad, 0xe5, 0xad, 0xe5, 0xad, 0xe5,
  0xad, 0xe5, 0xad, 0xe5, 0xad, 0xe5, 0xad, 0xe5, 0xad, 0xe5, 0xad, 0xe5, 0xad, 0xe5, 0xad, 0xe5,
  0xad, 0xe5, 0xad, 0xe5, 0xad, 0xe5, 0xad, 0xe5, 0xad, 0xe5, 0xad, 0xe5, 0xad, 0xe5, 0xad, 0xe5,
  0xad, 0xe5, 0xad, 0xe5, 0xad, 0xe5, 0xad, 0xe5, 0xad, 0xe5, 0xad, 0xe5, 0xad, 0xe5, 0xad, 0xe5,
  0xad, 0xe5, 0xad, 0xe5, 0xad, 0xe5, 0xad, 0xe5, 0xad, 0xe5, 0xad, 0xe5, 0xad, 0xe5, 0xad, 0xe5,
  0xad, 0xe5, 0xad, 0xe5, 0xad, 0xe5, 0xad, 0xe5, 0xad, 0xe5, 0xad, 0xe5, 0xad, 0xe5, 0xad, 0xe5,
  0xad, 0xe5, 0xad, 0xe5, 0xad, 0xe5, 0xad, 0xe5, 0xad, 0xe5, 0xad, 0xe5, 0xad, 0xe5, 0xad, 0xe5,
  0xad, 0xe5, 0xad, 0xe5, 0xad, 0xe5, 0xad, 0xe5, 0xad, 0xe5, 0xad, 0xe5, 0xad, 0xe5, 0xad, 0xe5,
  0xad, 0xe5, 0xad, 0xe5, 0xad, 0xe5, 0xad, 0xe5, 0xad, 0xe5, 0xad, 0xe5, 0xad, 0xe5, 0xad, 0xe5,
  0xad, 0xe5, 0xad, 0xe5, 0xad, 0xe5, 0xad, 0xe5, 0xad, 0xe5, 0xad, 0xe5, 0xad, 0xe5, 0xad, 0xe5,
  0xad, 0xe5, 0xad, 0xe5, 0xad, 0xe5, 0xad, 0xe5, 0xad, 0xe5, 0xad, 0xe5, 0xad, 0xe5, 0xad, 0xe5,
  0xad, 0xe5, 0xad, 0xe5, 0xad, 0xe5, 0xad, 0xe5, 0xad, 0xe5, 0xad, 0xe5, 0xad, 0xe5, 0xad, 0xe5,
  0xad, 0xe5, 0xad, 0xe5, 0xad, 0xe5, 0xad, 0xe5, 0xad, 0xe5, 0xcb, 0xc4, 0x02, 0x31, 0x61, 0x18,
  0x61, 0x18, 0x61, 0x18, 0x61, 0x18, 0x61, 0x18, 0x61, 0x18, 0x61, 0x18, 0x61, 0x18, 0x61, 0x18,
  0x61, 0x18, 0x61, 0x18, 0x61, 0x18, 0x61, 0x18, 0x61, 0x18, 0x61, 0x18, 0x61, 0x18, 0x61, 0x18,
  0x61, 0x18, 0x61, 0x18, 0x61, 0x18, 0x61, 0x18, 0x61, 0x18, 0x61, 0x18, 0x61, 0x18, 0x61, 0x18,
  0x61, 0x18, 0x61, 0x18, 0x61, 0x18, 0x61, 0x18, 0x61, 0x18, 0x61, 0x18, 0x61, 0x18, 0x61, 0x18,
  0x61, 0x18, 0x61, 0x18, 0x61, 0x18, 0x61, 0x18, 0x61, 0x18, 0x61, 0x18, 0x61, 0x18, 0x61, 0x18,
  0x61, 0x18, 0x61, 0x18, 0x61, 0x18, 0x61, 0x18, 0x61, 0x18, 0x61, 0x18, 0x61, 0x18, 0x61, 0x18,
  0x61, 0x18, 0x61, 0x18, 0x61, 0x18, 0x61, 0x18, 0x61, 0x18, 0x61, 0x18, 0x61, 0x18, 0x61, 0x18,
  0x61, 0x18, 0x61, 0x18, 0x61, 0x18, 0x61, 0x18, 0x61, 0x18, 0x61, 0x18, 0x61, 0x18, 0x61, 0x18,
  0x07, 0x83, 0xad, 0xe5, 0xad, 0xe5, 0xad, 0xe5, 0xad, 0xe5, 0xad, 0xe5, 0xad, 0xe5, 0xad, 0xe5,
  0xad, 0xe5, 0xad, 0xe5, 0xad, 0xe5, 0xad, 0xe5, 0xad, 0xe5, 0xad, 0xe5, 0xad, 0xe5, 0xad, 0xe5,
  0xad, 0xe5, 0xad, 0xe5, 0xad, 0xe5, 0xad, 0xe5, 0xad, 0xe5, 0xad, 0xe5, 0xad, 0xe5, 0xad, 0xe5,
  0xad, 0xe5, 0xad, 0xe5, 0xad, 0xe5, 0xad, 0xe5, 0xad, 0xe5, 0xad, 0xe5, 0xad, 0xe5, 0xad, 0xe5,
  0xad, 0xe5, 0xad, 0xe5, 0xad, 0xe5, 0xad, 0xe5, 0xad, 0xe5, 0xad, 0xe5, 0xad, 0xe5, 0xad, 0xe5,
  0xad, 0xe5, 0xad, 0xe5, 0xad, 0xe5, 0xad, 0xe5, 0xad, 0xe5, 0xad, 0xe5, 0xad, 0xe5, 0xad, 0xe5,
  0xad, 0xe5, 0xad, 0xe5, 0xad, 0xe5, 0xad, 0xe5, 0xad, 0xe5, 0xad, 0xe5, 0xad, 0xe5, 0xad, 0xe5,
  0xad, 0xe5, 0xad, 0xe5, 0xad, 0xe5, 0xad, 0xe5, 0xad, 0xe5, 0xad, 0xe5, 0xad, 0xe5, 0xad, 0xe5,
  0xad, 0xe5, 0xad, 0xe5, 0xad, 0xe5, 0xad, 0xe5, 0xad, 0xe5, 0xad, 0xe5, 0xad, 0xe5, 0xad, 0xe5,
  0xad, 0xe5, 0xad, 0xe5, 0xad, 0xe5, 0xad, 0xe5, 0xad, 0xe5, 0xad, 0xe5, 0xad, 0xe5, 0xad, 0xe5,
  0xad, 0xe5, 0xad, 0xe5, 0xad, 0xe5, 0xad, 0xe5, 0xad, 0xe5, 0xad, 0xe5, 0xad, 0xe5, 0xad, 0xe5,
  0xad, 0xe5, 0xad, 0xe5, 0xad, 0xe5, 0xad, 0xe5, 0xad, 0xe5, 0xad, 0xe5, 0xad, 0xe5, 0xad, 0xe5,
  0xad, 0xe5, 0xad, 0xe5, 0xad, 0xe5, 0xad, 0xe5, 0xad, 0xe5, 0xad, 0xe5, 0x2c, 0xd5, 0x43, 0x39,
  0x61, 0x18, 0x61, 0x18, 0x61, 0x18, 0x61, 0x18, 0x61, 0x18, 0x61, 0x18, 0x61, 0x18, 0x61, 0x18,
  0x61, 0x18, 0x61, 0x18, 0x61, 0x18, 0x61, 0x18, 0x61, 0x18, 0x61, 0x18, 0x61, 0x18, 0x61, 0x18,
  0x61, 0x18, 0x61, 0x18, 0x61, 0x18, 0x61, 0x18, 0x61, 0x18, 0x61, 0x18, 0x61, 0x18, 0x61, 0x18,
  0x61, 0x18, 0x61, 0x18, 0x61, 0x18, 0x61, 0x18, 0x61, 0x18, 0x61, 0x18, 0x61, 0x18, 0x61, 0x18,
  0x61, 0x18, 0x61, 0x18, 0x61, 0x18, 0x61, 0x18, 0x61, 0x18, 0x61, 0x18, 0x61, 0x18, 0x61, 0x18,
  0x61, 0x18, 0x61, 0x18, 0x61, 0x18, 0x61, 0x18, 0x61, 0x18, 0x61, 0x18, 0x61, 0x18, 0x61, 0x18,
  0x61, 0x18, 0x61, 0x18, 0x61, 0x18, 0x61, 0x18, 0x61, 0x18, 0x61, 0x18, 0x61, 0x18, 0x61, 0x18,
  0x61, 0x18, 0x61, 0x18, 0x61, 0x18, 0x61, 0x18, 0x61, 0x18, 0x61, 0x18, 0x61, 0x18, 0xa6, 0x72,
  0xad, 0xe5, 0xad, 0xe5, 0xad, 0xe5, 0xad, 0xe5, 0xad, 0xe5, 0xad, 0xe5, 0xad, 0xe5, 0xad, 0xe5,
  0xad, 0xe5, 0xad, 0xe5, 0xad, 0xe5, 0xad, 0xe5, 0xad, 0xe5, 0xad, 0xe5, 0xad, 0xe5, 0xad, 0xe5,
  0xad, 0xe5, 0xad, 0xe5, 0xad, 0xe5, 0xad, 0xe5, 0xad, 0xe5, 0xad, 0xe5, 0xad, 0xe5, 0xad, 0xe5,
  0xad, 0xe5, 0xad, 0xe5, 0xad, 0xe5, 0xad, 0xe5, 0xad, 0xe5, 0xad, 0xe5, 0xad, 0xe5, 0xad, 0xe5,
  0xad, 0xe5, 0xad, 0xe5, 0xad, 0xe5, 0xad, 0xe5, 0xad, 0xe5, 0xad, 0xe5, 0xad, 0xe5, 0xad, 0xe5,
  0xad, 0xe5, 0xad, 0xe5, 0xad, 0xe5, 0xad, 0xe5, 0xad, 0xe5, 0xad, 0xe5, 0xad, 0xe5, 0xad, 0xe5,
  0xad, 0xe5, 0xad, 0xe5, 0xad, 0xe5, 0xad, 0xe5, 0xad, 0xe5, 0xad, 0xe5, 0xad, 0xe5, 0xad, 0xe5,
  0xad, 0xe5, 0xad, 0xe5, 0xad, 0xe5, 0xad, 0xe5, 0xad, 0xe5, 0xad, 0xe5, 0xad, 0xe5, 0xad, 0xe5,
  0xad, 0xe5, 0xad, 0xe5, 0xad, 0xe5, 0xad, 0xe5, 0xad, 0xe5, 0xad, 0xe5, 0xad, 0xe5, 0xad, 0xe5,
  0xad, 0xe5, 0xad, 0xe5, 0xad, 0xe5, 0xad, 0xe5, 0xad, 0xe5, 0xad, 0xe5, 0xad, 0xe5, 0xad, 0xe5,
  0xad, 0xe5, 0xad, 0xe5, 0xad, 0xe5, 0xad, 0xe5, 0xad, 0xe5, 0xad, 0xe5, 0xad, 0xe5, 0xad, 0xe5,
  0xad, 0xe5, 0xad, 0xe5, 0xad, 0xe5, 0xad, 0xe5, 0xad, 0xe5, 0xad, 0xe5, 0xad, 0xe5, 0xad, 0xe5,
  0xad, 0xe5, 0xad, 0xe5, 0xad, 0xe5, 0xad, 0xe5, 0xad, 0xe5, 0xad, 0xe5, 0xad, 0xe5, 0x2c, 0xd5,
  0x43, 0x39, 0x61, 0x18, 0x61, 0x18, 0x61, 0x18, 0x61, 0x18, 0x61, 0x18, 0x61, 0x18, 0x61, 0x18,
  0x61, 0x18, 0x61, 0x18, 0x61, 0x18, 0x61, 0x18, 0x61, 0x18, 0x61, 0x18, 0x61, 0x18, 0x61, 0x18,
  0x61, 0x18, 0x61, 0x18, 0x61, 0x18, 0x61, 0x18, 0x61, 0x18, 0x61, 0x18, 0x61, 0x18, 0x61, 0x18,
  0x61, 0x18, 0x61, 0x18, 0x61, 0x18, 0x61, 0x18, 0x61, 0x18, 0x61, 0x18, 0x61, 0x18, 0x61, 0x18,
  0x61, 0x18, 0x61, 0x18, 0x61, 0x18, 0x61, 0x18, 0x61, 0x18, 0x61, 0x18, 0x61, 0x18, 0x61, 0x18,
  0x61, 0x18, 0x61, 0x18, 0x61, 0x18, 0x61, 0x18, 0x61, 0x18, 0x61, 0x18, 0x61, 0x18, 0x61, 0x18,
  0x61, 0x18, 0x61, 0x18, 0x61, 0x18, 0x61, 0x18, 0x61, 0x18, 0x61, 0x18, 0x61, 0x18, 0x61, 0x18,
  0x61, 0x18, 0x61, 0x18, 0x61, 0x18, 0x61, 0x18, 0x61, 0x18, 0x61, 0x18, 0xe4, 0x51, 0xad, 0xe5,
  0xad, 0xe5, 0xad, 0xe5, 0xad, 0xe5, 0xad, 0xe5, 0xad, 0xe5, 0xad, 0xe5, 0xad, 0xe5, 0xad, 0xe5,
  0xad, 0xe5, 0xad, 0xe5, 0xad, 0xe5, 0xad, 0xe5, 0xad, 0xe5, 0xad, 0xe5, 0xad, 0xe5, 0xad, 0xe5,
  0xad, 0xe5, 0xad, 0xe5, 0xad, 0xe5, 0xad, 0xe5, 0xad, 0xe5, 0xad, 0xe5, 0xad, 0xe5, 0xad, 0xe5,
  0xad, 0xe5, 0xad, 0xe5, 0xad, 0xe5, 0xad, 0xe5, 0xad, 0xe5, 0xad, 0xe5, 0xad, 0xe5, 0xad, 0xe5,
  0xad, 0xe5, 0xad, 0xe5, 0xad, 0xe5, 0xad, 0xe5, 0xad, 0xe5, 0xad, 0xe5, 0xad, 0xe5, 0xad, 0xe5,
  0xad, 0xe5, 0xad, 0xe5, 0xad, 0xe5, 0xad, 0xe5, 0xad, 0xe5, 0xad, 0xe5, 0xad, 0xe5, 0xad, 0xe5,
  0xad, 0xe5, 0xad, 0xe5, 0xad, 0xe5, 0xad, 0xe5, 0xad, 0xe5, 0xad, 0xe5, 0xad, 0xe5, 0xad, 0xe5,
  0xad, 0xe5, 0xad, 0xe5, 0xad, 0xe5, 0xad, 0xe5, 0xad, 0xe5, 0xad, 0xe5, 0xad, 0xe5, 0xad, 0xe5,
  0xad, 0xe5, 0xad, 0xe5, 0xad, 0xe5, 0xad, 0xe5, 0xad, 0xe5, 0xad, 0xe5, 0xad, 0xe5, 0xad, 0xe5,
  0xad, 0xe5, 0xad, 0xe5, 0xad, 0xe5, 0xad, 0xe5, 0xad, 0xe5, 0xad, 0xe5, 0xad, 0xe5, 0xad, 0xe5,
  0xad, 0xe5, 0xad, 0xe5, 0xad, 0xe5, 0xad, 0xe5, 0xad, 0xe5, 0xad, 0xe5, 0xad, 0xe5, 0xad, 0xe5,
  0xad, 0xe5, 0xad, 0xe5, 0xad, 0xe5, 0xad, 0xe5, 0xad, 0xe5, 0xad, 0xe5, 0xad, 0xe5, 0xad, 0xe5,
  0xad, 0xe5, 0xad, 0xe5, 0xad, 0xe5, 0xad, 0xe5, 0xad, 0xe5, 0xad, 0xe5, 0xad, 0xe5, 0xad, 0xe5,
  0x2c, 0xd5, 0x43, 0x39, 0x61, 0x18, 0x61, 0x18, 0x61, 0x18, 0x61, 0x18, 0x61, 0x18, 0x61, 0x18,
  0x61, 0x18, 0x61, 0x18, 0x61, 0x18, 0x61, 0x18, 0x61, 0x18, 0x61, 0x18, 0x61, 0x18, 0x61, 0x18,
  0x61, 0x18, 0x61, 0x18, 0x61, 0x18, 0x61, 0x18, 0x61, 0x18, 0x61, 0x18, 0x61, 0x18, 0x61, 0x18,
  0x61, 0x18, 0x61, 0x18, 0x61, 0x18, 0x61, 0x18, 0x61, 0x18, 0x61, 0x18, 0x61, 0x18, 0x61, 0x18,
  0x61, 0x18, 0x61, 0x18, 0x61, 0x18, 0x61, 0x18, 0x61, 0x18, 0x61, 0x18, 0x61, 0x18, 0x61, 0x18,
  0x61, 0x18, 0x61, 0x18, 0x61, 0x18, 0x61, 0x18, 0x61, 0x18, 0x61, 0x18, 0x61, 0x18, 0x61, 0x18,
  0x61, 0x18, 0x61, 0x18, 0x61, 0x18, 0x61, 0x18, 0x61, 0x18, 0x61, 0x18, 0x61, 0x18, 0x61, 0x18,
  0x61, 0x18, 0x61, 0x18, 0x61, 0x18, 0x61, 0x18, 0x61, 0x18, 0x22, 0x31, 0x4c, 0xdd, 0xad, 0xe5,
  0xad, 0xe5, 0xad, 0xe5, 0xad, 0xe5, 0xad, 0xe5, 0xad, 0xe5, 0xad, 0xe5, 0xad, 0xe5, 0xad, 0xe5,
  0xad, 0xe5, 0xad, 0xe5, 0xad, 0xe5, 0xad, 0xe5, 0xad, 0xe5, 0xad, 0xe5, 0xad, 0xe5, 0xad, 0xe5,
  0xad, 0xe5, 0xad, 0xe5, 0xad, 0xe5, 0xad, 0xe5, 0xad, 0xe5, 0xad, 0xe5, 0xad, 0xe5, 0xad, 0xe5,
  0xad, 0xe5, 0xad, 0xe5, 0xad, 0xe5, 0xad, 0xe5, 0xad, 0xe5, 0xad, 0xe5, 0xad, 0xe5, 0xad, 0xe5,
  0xad, 0xe5, 0xad, 0xe5, 0xad, 0xe5, 0xad, 0xe5, 0xad, 0xe5, 0xad, 0xe5, 0xad, 0xe5, 0xad, 0xe5,
  0xad, 0xe5, 0xad, 0xe5, 0xad, 0xe5, 0xad, 0xe5, 0xad, 0xe5, 0xad, 0xe5, 0xad, 0xe5, 0xad, 0xe5,
  0xad, 0xe5, 0xad, 0xe5, 0xad, 0xe5, 0xad, 0xe5, 0xad, 0xe5, 0xad, 0xe5, 0xad, 0xe5, 0xad, 0xe5,
  0xad, 0xe5, 0xad, 0xe5, 0xad, 0xe5, 0xad, 0xe5, 0xad, 0xe5, 0xad, 0xe5, 0xad, 0xe5, 0xad, 0xe5,
  0xad, 0xe5, 0xad, 0xe5, 0xad, 0xe5, 0xad, 0xe5, 0xad, 0xe5, 0xad, 0xe5, 0xad, 0xe5, 0xad, 0xe5,
  0xad, 0xe5, 0xad, 0xe5, 0xad, 0xe5, 0xad, 0xe5, 0xad, 0xe5, 0xad, 0xe5, 0xad, 0xe5, 0xad, 0xe5,
  0xad, 0xe5, 0xad, 0xe5, 0xad, 0xe5, 0xad, 0xe5, 0xad, 0xe5, 0xad, 0xe5, 0xad, 0xe5, 0xad, 0xe5,
  0xad, 0xe5, 0xad, 0xe5, 0xad, 0xe5, 0xad, 0xe5, 0xad, 0xe5, 0xad, 0xe5, 0xad, 0xe5, 0xad, 0xe5,
  0xad, 0xe5, 0xad, 0xe5, 0xad, 0xe5, 0xad, 0xe5, 0xad, 0xe5, 0xad, 0xe5, 0xad, 0xe5, 0xad, 0xe5,
  0xad, 0xe5, 0x0c, 0xd5, 0x02, 0x31, 0x61, 0x18, 0x61, 0x18, 0x61, 0x18, 0x61, 0x18, 0x61, 0x18,
  0x61, 0x18, 0x61, 0x18, 0x61, 0x18, 0x61, 0x18, 0x61, 0x18, 0x61, 0x18, 0x61, 0x18, 0x61, 0x18,
  0x61, 0x18, 0x61, 0x18, 0x61, 0x18, 0x61, 0x18, 0x61, 0x18, 0x61, 0x18, 0x61, 0x18, 0x61, 0x18,
  0x61, 0x18, 0x61, 0x18, 0x61, 0x18, 0x61, 0x18, 0x61, 0x18, 0x61, 0x18, 0x61, 0x18, 0x61, 0x18,
  0x61, 0x18, 0x61, 0x18, 0x61, 0x18, 0x61, 0x18, 0x61, 0x18, 0x61, 0x18, 0x61, 0x18, 0x61, 0x18,
  0x61, 0x18, 0x61, 0x18, 0x61, 0x18, 0x61, 0x18, 0x61, 0x18, 0x61, 0x18, 0x61, 0x18, 0x61, 0x18,
  0x61, 0x18, 0x61, 0x18, 0x61, 0x18, 0x61, 0x18, 0x61, 0x18, 0x61, 0x18, 0x61, 0x18, 0x61, 0x18,
  0x61, 0x18, 0x61, 0x18, 0x61, 0x18, 0x61, 0x18, 0xa1, 0x20, 0xcb, 0xc4, 0xad, 0xe5, 0xad, 0xe5,
  0xad, 0xe5, 0xad, 0xe5, 0xad, 0xe5, 0xad, 0xe5, 0xad, 0xe5, 0xad, 0xe5, 0xad, 0xe5, 0xad, 0xe5,
  0xad, 0xe5, 0xad, 0xe5, 0xad, 0xe5, 0xad, 0xe5, 0xad, 0xe5, 0xad, 0xe5, 0xad, 0xe5, 0xad, 0xe5,
  0xad, 0xe5, 0xad, 0xe5, 0xad, 0xe5, 0xad, 0xe5, 0xad, 0xe5, 0xad, 0xe5, 0xad, 0xe5, 0xad, 0xe5,
  0xad, 0xe5, 0xad, 0xe5, 0xad, 0xe5, 0xad, 0xe5, 0xad, 0xe5, 0xad, 0xe5, 0xad, 0xe5, 0xad, 0xe5,
  0xad, 0xe5, 0xad, 0xe5, 0xad, 0xe5, 0xad, 0xe5, 0xad, 0xe5, 0xad, 0xe5, 0xad, 0xe5, 0xad, 0xe5,
  0xad, 0xe5, 0xad, 0xe5, 0xad, 0xe5, 0xad, 0xe5, 0xad, 0xe5, 0xad, 0xe5, 0xad, 0xe5, 0xad, 0xe5,
  0xad, 0xe5, 0xad, 0xe5, 0xad, 0xe5, 0xad, 0xe5, 0xad, 0xe5, 0xad, 0xe5, 0xad, 0xe5, 0xad, 0xe5,
  0xad, 0xe5, 0xad, 0xe5, 0xad, 0xe5, 0xad, 0xe5, 0xad, 0xe5, 0xad, 0xe5, 0xad, 0xe5, 0xad, 0xe5,
  0xad, 0xe5, 0xad, 0xe5, 0xad, 0xe5, 0xad, 0xe5, 0xad, 0xe5, 0xad, 0xe5, 0xad, 0xe5, 0xad, 0xe5,
  0xad, 0xe5, 0xad, 0xe5, 0xad, 0xe5, 0xad, 0xe5, 0xad, 0xe5, 0xad, 0xe5, 0xad, 0xe5, 0xad, 0xe5,
  0xad, 0xe5, 0xad, 0xe5, 0xad, 0xe5, 0xad, 0xe5, 0xad, 0xe5, 0xad, 0xe5, 0xad, 0xe5, 0xad, 0xe5,
  0xad, 0xe5, 0xad, 0xe5, 0xad, 0xe5, 0xad, 0xe5, 0xad, 0xe5, 0xad, 0xe5, 0xad, 0xe5, 0xad, 0xe5,
  0xad, 0xe5, 0xad, 0xe5, 0xad, 0xe5, 0xad, 0xe5, 0xad, 0xe5, 0xad, 0xe5, 0xad, 0xe5, 0xad, 0xe5,
  0xad, 0xe5, 0xad, 0xe5, 0xaa, 0xc4, 0xa1, 0x20, 0x61, 0x18, 0x61, 0x18, 0x61, 0x18, 0x61, 0x18,
  0x61, 0x18, 0x61, 0x18, 0x61, 0x18, 0x61, 0x18, 0x61, 0x18, 0x61, 0x18, 0x61, 0x18, 0x61, 0x18,
  0x61, 0x18, 0x61, 0x18, 0x61, 0x18, 0x61, 0x18, 0x61, 0x18, 0x61, 0x18, 0x61, 0x18, 0x61, 0x18,
  0x61, 0x18, 0x61, 0x18, 0x61, 0x18, 0x61, 0x18, 0x61, 0x18, 0x61, 0x18, 0x61, 0x18, 0x61, 0x18,
  0x61, 0x18, 0x61, 0x18, 0x61, 0x18, 0x61, 0x18, 0x61, 0x18, 0x61, 0x18, 0x61, 0x18, 0x61, 0x18,
  0x61, 0x18, 0x61, 0x18, 0x61, 0x18, 0x61, 0x18, 0x61, 0x18, 0x61, 0x18, 0x61, 0x18, 0x61, 0x18,
  0x61, 0x18, 0x61, 0x18, 0x61, 0x18, 0x61, 0x18, 0x61, 0x18, 0x61, 0x18, 0x61, 0x18, 0x61, 0x18,
  0x61, 0x18, 0x61, 0x18, 0x61, 0x18, 0x61, 0x18, 0x47, 0x8b, 0xad, 0xe5, 0xad, 0xe5, 0xad, 0xe5,
  0xad, 0xe5, 0xad, 0xe5, 0xad, 0xe5, 0xad, 0xe5, 0xad, 0xe5, 0xad, 0xe5, 0xad, 0xe5, 0xad, 0xe5,
  0xad, 0xe5, 0xad, 0xe5, 0xad, 0xe5, 0xad, 0xe5, 0xad, 0xe5, 0xad, 0xe5, 0xad, 0xe5, 0xad, 0xe5,
  0xad, 0xe5, 0xad, 0xe5, 0xad, 0xe5, 0xad, 0xe5, 0xad, 0xe5, 0xad, 0xe5, 0xad, 0xe5, 0xad, 0xe5,
  0xad, 0xe5, 0xad, 0xe5, 0xad, 0xe5, 0xad, 0xe5, 0xad, 0xe5, 0xad, 0xe5, 0xad, 0xe5, 0xad, 0xe5,
  0xad, 0xe5, 0xad, 0xe5, 0xad, 0xe5, 0xad, 0xe5, 0xad, 0xe5, 0xad, 0xe5, 0xad, 0xe5, 0xad, 0xe5,
  0xad, 0xe5, 0xad, 0xe5, 0xad, 0xe5, 0xad, 0xe5, 0xad, 0xe5, 0xad, 0xe5, 0xad, 0xe5, 0xad, 0xe5,
  0xad, 0xe5, 0xad, 0xe5, 0xad, 0xe5, 0xad, 0xe5, 0xad, 0xe5, 0xad, 0xe5, 0xad, 0xe5, 0xad, 0xe5,
  0xad, 0xe5, 0xad, 0xe5, 0xad, 0xe5, 0xad, 0xe5, 0xad, 0xe5, 0xad, 0xe5, 0xad, 0xe5, 0xad, 0xe5,
  0xad, 0xe5, 0xad, 0xe5, 0xad, 0xe5, 0xad, 0xe5, 0xad, 0xe5, 0xad, 0xe5, 0xad, 0xe5, 0xad, 0xe5,
  0xad, 0xe5, 0xad, 0xe5, 0xad, 0xe5, 0xad, 0xe5, 0xad, 0xe5, 0xad, 0xe5, 0xad, 0xe5, 0xad, 0xe5,
  0xad, 0xe5, 0xad, 0xe5, 0xad, 0xe5, 0xad, 0xe5, 0xad, 0xe5, 0xad, 0xe5, 0xad, 0xe5, 0xad, 0xe5,
  0xad, 0xe5, 0xad, 0xe5, 0xad, 0xe5, 0xad, 0xe5, 0xad, 0xe5, 0xad, 0xe5, 0xad, 0xe5, 0xad, 0xe5,
  0xad, 0xe5, 0xad, 0xe5, 0xad, 0xe5, 0xad, 0xe5, 0xad, 0xe5, 0xad, 0xe5, 0xad, 0xe5, 0xad, 0xe5,
  0xad, 0xe5, 0xad, 0xe5, 0xad, 0xe5, 0x49, 0xac, 0x81, 0x18, 0x61, 0x18, 0x61, 0x18, 0x61, 0x18,
  0x61, 0x18, 0x61, 0x18, 0x61, 0x18, 0x61, 0x18, 0x61, 0x18, 0x61, 0x18, 0x61, 0x18, 0x61, 0x18,
  0x61, 0x18, 0x61, 0x18, 0x61, 0x18, 0x61, 0x18, 0x61, 0x18, 0x61, 0x18, 0x61, 0x18, 0x61, 0x18,
  0x61, 0x18, 0x61, 0x18, 0x61, 0x18, 0x61, 0x18, 0x61, 0x18, 0x61, 0x18, 0x61, 0x18, 0x61, 0x18,
  0x61, 0x18, 0x61, 0x18, 0x61, 0x18, 0x61, 0x18, 0x61, 0x18, 0x61, 0x18, 0x61, 0x18, 0x61, 0x18,
  0x61, 0x18, 0x61, 0x18, 0x61, 0x18, 0x61, 0x18, 0x61, 0x18, 0x61, 0x18, 0x61, 0x18, 0x61, 0x18,
  0x61, 0x18, 0x61, 0x18, 0x61, 0x18, 0x61, 0x18, 0x61, 0x18, 0x61, 0x18, 0x61, 0x18, 0x61, 0x18,
  0x61, 0x18, 0x61, 0x18, 0x61, 0x18, 0xa3, 0x49, 0xad, 0xe5, 0xad, 0xe5, 0xad, 0xe5, 0xad, 0xe5,
  0xad, 0xe5, 0xad, 0xe5, 0xad, 0xe5, 0xad, 0xe5, 0xad, 0xe5, 0xad, 0xe5, 0xad, 0xe5, 0xad, 0xe5,
  0xad, 0xe5, 0xad, 0xe5, 0xad, 0xe5, 0xad, 0xe5, 0xad, 0xe5, 0xad, 0xe5, 0xad, 0xe5, 0xad, 0xe5,
  0xad, 0xe5, 0xad, 0xe5, 0xad, 0xe5, 0xad, 0xe5, 0xad, 0xe5, 0xad, 0xe5, 0xad, 0xe5, 0xad, 0xe5,
  0xad, 0xe5, 0xad, 0xe5, 0xad, 0xe5, 0xad, 0xe5, 0xad, 0xe5, 0xad, 0xe5, 0xad, 0xe5, 0xad, 0xe5,
  0xad, 0xe5, 0xad, 0xe5, 0xad, 0xe5, 0xad, 0xe5, 0xad, 0xe5, 0xad, 0xe5, 0xad, 0xe5, 0xad, 0xe5,
  0xad, 0xe5, 0xad, 0xe5, 0xad, 0xe5, 0xad, 0xe5, 0xad, 0xe5, 0xad, 0xe5, 0xad, 0xe5, 0xad, 0xe5,
  0xad, 0xe5, 0xad, 0xe5, 0xad, 0xe5, 0xad, 0xe5, 0xad, 0xe5, 0xad, 0xe5, 0xad, 0xe5, 0xad, 0xe5,
  0xad, 0xe5, 0xad, 0xe5, 0xad, 0xe5, 0xad, 0xe5, 0xad, 0xe5, 0xad, 0xe5, 0xad, 0xe5, 0xad, 0xe5,
  0xad, 0xe5, 0xad, 0xe5, 0xad, 0xe5, 0xad, 0xe5, 0xad, 0xe5, 0xad, 0xe5, 0xad, 0xe5, 0xad, 0xe5,
  0xad, 0xe5, 0xad, 0xe5, 0xad, 0xe5, 0xad, 0xe5, 0xad, 0xe5, 0xad, 0xe5, 0xad, 0xe5, 0xad, 0xe5,
  0xad, 0xe5, 0xad, 0xe5, 0xad, 0xe5, 0xad, 0xe5, 0xad, 0xe5, 0xad, 0xe5, 0xad, 0xe5, 0xad, 0xe5,
  0xad, 0xe5, 0xad, 0xe5, 0xad, 0xe5, 0xad, 0xe5, 0xad, 0xe5, 0xad, 0xe5, 0xad, 0xe5, 0xad, 0xe5,
  0xad, 0xe5, 0xad, 0xe5, 0xad, 0xe5, 0xad, 0xe5, 0xad, 0xe5, 0xad, 0xe5, 0xad, 0xe5, 0xad, 0xe5,
  0xad, 0xe5, 0xad, 0xe5, 0xad, 0xe5, 0xad, 0xe5, 0x27, 0x8b, 0x61, 0x18, 0x61, 0x18, 0x61, 0x18,
  0x61, 0x18, 0x61, 0x18, 0x61, 0x18, 0x61, 0x18, 0x61, 0x18, 0x61, 0x18, 0x61, 0x18, 0x61, 0x18,
  0x61, 0x18, 0x61, 0x18, 0x61, 0x18, 0x61, 0x18, 0x61, 0x18, 0x61, 0x18, 0x61, 0x18, 0x61, 0x18,
  0x61, 0x18, 0x61, 0x18, 0x61, 0x18, 0x61, 0x18, 0x61, 0x18, 0x61, 0x18, 0x61, 0x18, 0x61, 0x18,
  0x61, 0x18, 0x61, 0x18, 0x61, 0x18, 0x61, 0x18, 0x61, 0x18, 0x61, 0x18, 0x61, 0x18, 0x61, 0x18,
  0x61, 0x18, 0x61, 0x18, 0x61, 0x18, 0x61, 0x18, 0x61, 0x18, 0x61, 0x18, 0x61, 0x18, 0x61, 0x18,
  0x61, 0x18, 0x61, 0x18, 0x61, 0x18, 0x61, 0x18, 0x61, 0x18, 0x61, 0x18, 0x61, 0x18, 0x61, 0x18,
  0x61, 0x18, 0x61, 0x18, 0xa1, 0x20, 0xeb, 0xcc, 0xad, 0xe5, 0xad, 0xe5, 0xad, 0xe5, 0xad, 0xe5,
  0xad, 0xe5, 0xad, 0xe5, 0xad, 0xe5, 0xad, 0xe5, 0xad, 0xe5, 0xad, 0xe5, 0xad, 0xe5, 0xad, 0xe5,
  0xad, 0xe5, 0xad, 0xe5, 0xad, 0xe5, 0xad, 0xe5, 0xad, 0xe5, 0xad, 0xe5, 0xad, 0xe5, 0xad, 0xe5,
  0xad, 0xe5, 0xad, 0xe5, 0xad, 0xe5, 0xad, 0xe5, 0xad, 0xe5, 0xad, 0xe5, 0xad, 0xe5, 0xad, 0xe5,
  0xad, 0xe5, 0xad, 0xe5, 0xad, 0xe5, 0xad, 0xe5, 0xad, 0xe5, 0xad, 0xe5, 0xad, 0xe5, 0xad, 0xe5,
  0xad, 0xe5, 0xad, 0xe5, 0xad, 0xe5, 0xad, 0xe5, 0xad, 0xe5, 0xad, 0xe5, 0xad, 0xe5, 0xad, 0xe5,
  0xad, 0xe5, 0xad, 0xe5, 0xad, 0xe5, 0xad, 0xe5, 0xad, 0xe5, 0xad, 0xe5, 0xad, 0xe5, 0xad, 0xe5,
  0xad, 0xe5, 0xad, 0xe5, 0xad, 0xe5, 0xad, 0xe5, 0xad, 0xe5, 0xad, 0xe5, 0xad, 0xe5, 0xad, 0xe5,
  0xad, 0xe5, 0xad, 0xe5, 0xad, 0xe5, 0xad, 0xe5, 0xad, 0xe5, 0xad, 0xe5, 0xad, 0xe5, 0xad, 0xe5,
  0xad, 0xe5, 0xad, 0xe5, 0xad, 0xe5, 0xad, 0xe5, 0xad, 0xe5, 0xad, 0xe5, 0xad, 0xe5, 0xad, 0xe5,
  0xad, 0xe5, 0xad, 0xe5, 0xad, 0xe5, 0xad, 0xe5, 0xad, 0xe5, 0xad, 0xe5, 0xad, 0xe5, 0xad, 0xe5,
  0xad, 0xe5, 0xad, 0xe5, 0xad, 0xe5, 0xad, 0xe5, 0xad, 0xe5, 0xad, 0xe5, 0xad, 0xe5, 0xad, 0xe5,
  0xad, 0xe5, 0xad, 0xe5, 0xad, 0xe5, 0xad, 0xe5, 0xad, 0xe5, 0xad, 0xe5, 0xad, 0xe5, 0xad, 0xe5,
  0xad, 0xe5, 0xad, 0xe5, 0xad, 0xe5, 0xad, 0xe5, 0xad, 0xe5, 0xad, 0xe5, 0xad, 0xe5, 0xad, 0xe5,
  0xad, 0xe5, 0xad, 0xe5, 0xad, 0xe5, 0xad, 0xe5, 0xad, 0xe5, 0x24, 0x5a, 0x61, 0x18, 0x61, 0x18,
  0x61, 0x18, 0x61, 0x18, 0x61, 0x18, 0x61, 0x18, 0x61, 0x18, 0x61, 0x18, 0x61, 0x18, 0x61, 0x18,
  0x61, 0x18, 0x61, 0x18, 0x61, 0x18, 0x61, 0x18, 0x61, 0x18, 0x61, 0x18, 0x61, 0x18, 0x61, 0x18,
  0x61, 0x18, 0x61, 0x18, 0x61, 0x18, 0x61, 0x18, 0x61, 0x18, 0x61, 0x18, 0x61, 0x18, 0x61, 0x18,
  0x61, 0x18, 0x61, 0x18, 0x61, 0x18, 0x61, 0x18, 0x61, 0x18, 0x61, 0x18, 0x61, 0x18, 0x61, 0x18,
  0x61, 0x18, 0x61, 0x18, 0x61, 0x18, 0x61, 0x18, 0x61, 0x18, 0x61, 0x18, 0x61, 0x18, 0x61, 0x18,
  0x61, 0x18, 0x61, 0x18, 0x61, 0x18, 0x61, 0x18, 0x61, 0x18, 0x61, 0x18, 0x61, 0x18, 0x61, 0x18,
  0x61, 0x18, 0x61, 0x18, 0x07, 0x83, 0xad, 0xe5, 0xad, 0xe5, 0xad, 0xe5, 0xad, 0xe5, 0xad, 0xe5,
  0xad, 0xe5, 0xad, 0xe5, 0xad, 0xe5, 0xad, 0xe5, 0xad, 0xe5, 0xad, 0xe5, 0xad, 0xe5, 0xad, 0xe5,
  0xad, 0xe5, 0xad, 0xe5, 0xad, 0xe5, 0xad, 0xe5, 0xad, 0xe5, 0xad, 0xe5, 0xad, 0xe5, 0xad, 0xe5,
  0xad, 0xe5, 0xad, 0xe5, 0xad, 0xe5, 0xad, 0xe5, 0xad, 0xe5, 0xad, 0xe5, 0xad, 0xe5, 0xad, 0xe5,
  0xad, 0xe5, 0xad, 0xe5, 0xad, 0xe5, 0xad, 0xe5, 0xad, 0xe5, 0xad, 0xe5, 0xad, 0xe5, 0xad, 0xe5,
  0xad, 0xe5, 0xad, 0xe5, 0xad, 0xe5, 0xad, 0xe5, 0xad, 0xe5, 0xad, 0xe5, 0xad, 0xe5, 0xad, 0xe5,
  0xad, 0xe5, 0xad, 0xe5, 0xad, 0xe5, 0xad, 0xe5, 0xad, 0xe5, 0xad, 0xe5, 0xad, 0xe5, 0xad, 0xe5,
  0xad, 0xe5, 0xad, 0xe5, 0xad, 0xe5, 0xad, 0xe5, 0xad, 0xe5, 0xad, 0xe5, 0xad, 0xe5, 0xad, 0xe5,
  0xad, 0xe5, 0xad, 0xe5, 0xad, 0xe5, 0xad, 0xe5, 0xad, 0xe5, 0xad, 0xe5, 0xad, 0xe5, 0xad, 0xe5,
  0xad, 0xe5, 0xad, 0xe5, 0xad, 0xe5, 0xad, 0xe5, 0xad, 0xe5, 0xad, 0xe5, 0xad, 0xe5, 0xad, 0xe5,
  0xad, 0xe5, 0xad, 0xe5, 0xad, 0xe5, 0xad, 0xe5, 0xad, 0xe5, 0xad, 0xe5, 0xad, 0xe5, 0xad, 0xe5,
  0xad, 0xe5, 0xad, 0xe5, 0xad, 0xe5, 0xad, 0xe5, 0xad, 0xe5, 0xad, 0xe5, 0xad, 0xe5, 0xad, 0xe5,
  0xad, 0xe5, 0xad, 0xe5, 0xad, 0xe5, 0xad, 0xe5, 0xad, 0xe5, 0xad, 0xe5, 0xad, 0xe5, 0xad, 0xe5,
  0xad, 0xe5, 0xad, 0xe5, 0xad, 0xe5, 0xad, 0xe5, 0xad, 0xe5, 0xad, 0xe5, 0xad, 0xe5, 0xad, 0xe5,
  0xad, 0xe5, 0xad, 0xe5, 0xad, 0xe5, 0xad, 0xe5, 0xad, 0xe5, 0x6c, 0xdd, 0x22, 0x31, 0x61, 0x18,
  0x61, 0x18, 0x61, 0x18, 0x61, 0x18, 0x61, 0x18, 0x61, 0x18, 0x61, 0x18, 0x61, 0x18, 0x61, 0x18,
  0x61, 0x18, 0x61, 0x18, 0x61, 0x18, 0x61, 0x18, 0x61, 0x18, 0x61, 0x18, 0x61, 0x18, 0x61, 0x18,
  0x61, 0x18, 0x61, 0x18, 0x61, 0x18, 0x61, 0x18, 0x61, 0x18, 0x61, 0x18, 0x61, 0x18, 0x61, 0x18,
  0x61, 0x18, 0x61, 0x18, 0x61, 0x18, 0x61, 0x18, 0x61, 0x18, 0x61, 0x18, 0x61, 0x18, 0x61, 0x18,
  0x61, 0x18, 0x61, 0x18, 0x61, 0x18, 0x61, 0x18, 0x61, 0x18, 0x61, 0x18, 0x61, 0x18, 0x61, 0x18,
  0x61, 0x18, 0x61, 0x18, 0x61, 0x18, 0x61, 0x18, 0x61, 0x18, 0x61, 0x18, 0x61, 0x18, 0x61, 0x18,
  0x61, 0x18, 0x02, 0x31, 0x6c, 0xdd, 0xad, 0xe5, 0xad, 0xe5, 0xad, 0xe5, 0xad, 0xe5, 0xad, 0xe5,
  0xad, 0xe5, 0xad, 0xe5, 0xad, 0xe5, 0xad, 0xe5, 0xad, 0xe5, 0xad, 0xe5, 0xad, 0xe5, 0xad, 0xe5,
  0xad, 0xe5, 0xad, 0xe5, 0xad, 0xe5, 0xad, 0xe5, 0xad, 0xe5, 0xad, 0xe5, 0xad, 0xe5, 0xad, 0xe5,
  0xad, 0xe5, 0xad, 0xe5, 0xad, 0xe5, 0xad, 0xe5, 0xad, 0xe5, 0xad, 0xe5, 0xad, 0xe5, 0xad, 0xe5,
  0xad, 0xe5, 0xad, 0xe5, 0xad, 0xe5, 0xad, 0xe5, 0xad, 0xe5, 0xad, 0xe5, 0xad, 0xe5, 0xad, 0xe5,
  0xad, 0xe5, 0xad, 0xe5, 0xad, 0xe5, 0xad, 0xe5, 0xad, 0xe5, 0xad, 0xe5, 0xad, 0xe5, 0xad, 0xe5,
  0xad, 0xe5, 0xad, 0xe5, 0xad, 0xe5, 0xad, 0xe5, 0xad, 0xe5, 0xad, 0xe5, 0xad, 0xe5, 0xad, 0xe5,
  0xad, 0xe5, 0xad, 0xe5, 0xad, 0xe5, 0xad, 0xe5, 0xad, 0xe5, 0xad, 0xe5, 0xad, 0xe5, 0xad, 0xe5,
  0xad, 0xe5, 0xad, 0xe5, 0xad, 0xe5, 0xad, 0xe5, 0xad, 0xe5, 0xad, 0xe5, 0xad, 0xe5, 0xad, 0xe5,
  0xad, 0xe5, 0xad, 0xe5, 0xad, 0xe5, 0xad, 0xe5, 0xad, 0xe5, 0xad, 0xe5, 0xad, 0xe5, 0xad, 0xe5,
  0xad, 0xe5, 0xad, 0xe5, 0xad, 0xe5, 0xad, 0xe5, 0xad, 0xe5, 0xad, 0xe5, 0xad, 0xe5, 0xad, 0xe5,
  0xad, 0xe5, 0xad, 0xe5, 0xad, 0xe5, 0xad, 0xe5, 0xad, 0xe5, 0xad, 0xe5, 0xad, 0xe5, 0xad, 0xe5,
  0xad, 0xe5, 0xad, 0xe5, 0xad, 0xe5, 0xad, 0xe5, 0xad, 0xe5, 0xad, 0xe5, 0xad, 0xe5, 0xad, 0xe5,
  0xad, 0xe5, 0xad, 0xe5, 0xad, 0xe5, 0xad, 0xe5, 0xad, 0xe5, 0xad, 0xe5, 0xad, 0xe5, 0xad, 0xe5,
  0xad, 0xe5, 0xad, 0xe5, 0xad, 0xe5, 0xad, 0xe5, 0xad, 0xe5, 0xad, 0xe5, 0x8a, 0xbc, 0x81, 0x18,
  0x61, 0x18, 0x61, 0x18, 0x61, 0x18, 0x61, 0x18, 0x61, 0x18, 0x61, 0x18, 0x61, 0x18, 0x61, 0x18,
  0x61, 0x18, 0x61, 0x18, 0x61, 0x18, 0x61, 0x18, 0x61, 0x18, 0x61, 0x18, 0x61, 0x18, 0x61, 0x18,
  0x61, 0x18, 0x61, 0x18, 0x61, 0x18, 0x61, 0x18, 0x61, 0x18, 0x61, 0x18, 0x61, 0x18, 0x61, 0x18,
  0x61, 0x18, 0x61, 0x18, 0x61, 0x18, 0x61, 0x18, 0x61, 0x18, 0x61, 0x18, 0x61, 0x18, 0x61, 0x18,
  0x61, 0x18, 0x61, 0x18, 0x61, 0x18, 0x61, 0x18, 0x61, 0x18, 0x61, 0x18, 0x61, 0x18, 0x61, 0x18,
  0x61, 0x18, 0x61, 0x18, 0x61, 0x18, 0x61, 0x18, 0x61, 0x18, 0x61, 0x18, 0x61, 0x18, 0x61, 0x18,
  0x61, 0x18, 0xe9, 0xa3, 0xad, 0xe5, 0xad, 0xe5, 0xad, 0xe5, 0xad, 0xe5, 0xad, 0xe5, 0xad, 0xe5,
  0xad, 0xe5, 0xad, 0xe5, 0xad, 0xe5, 0xad, 0xe5, 0xad, 0xe5, 0xad, 0xe5, 0xad, 0xe5, 0xad, 0xe5,
  0xad, 0xe5, 0xad, 0xe5, 0xad, 0xe5, 0xad, 0xe5, 0xad, 0xe5, 0xad, 0xe5, 0xad, 0xe5, 0xad, 0xe5,
  0xad, 0xe5, 0xad, 0xe5, 0xad, 0xe5, 0xad, 0xe5, 0xad, 0xe5, 0xad, 0xe5, 0xad, 0xe5, 0xad, 0xe5,
  0xad, 0xe5, 0xad, 0xe5, 0xad, 0xe5, 0xad, 0xe5, 0xad, 0xe5, 0xad, 0xe5, 0xad, 0xe5, 0xad, 0xe5,
  0xad, 0xe5, 0xad, 0xe5, 0xad, 0xe5, 0xad, 0xe5, 0xad, 0xe5, 0xad, 0xe5, 0xad, 0xe5, 0xad, 0xe5,
  0xad, 0xe5, 0xad, 0xe5, 0xad, 0xe5, 0xad, 0xe5, 0xad, 0xe5, 0xad, 0xe5, 0xad, 0xe5, 0xad, 0xe5,
  0xad, 0xe5, 0xad, 0xe5, 0xad, 0xe5, 0xad, 0xe5, 0xad, 0xe5, 0xad, 0xe5, 0xad, 0xe5, 0xad, 0xe5,
  0xad, 0xe5, 0xad, 0xe5, 0xad, 0xe5, 0xad, 0xe5, 0xad, 0xe5, 0xad, 0xe5, 0xad, 0xe5, 0xad, 0xe5,
  0xad, 0xe5, 0xad, 0xe5, 0xad, 0xe5, 0xad, 0xe5, 0xad, 0xe5, 0xad, 0xe5, 0xad, 0xe5, 0xad, 0xe5,
  0xad, 0xe5, 0xad, 0xe5, 0xad, 0xe5, 0xad, 0xe5, 0xad, 0xe5, 0xad, 0xe5, 0xad, 0xe5, 0xad, 0xe5,
  0xad, 0xe5, 0xad, 0xe5, 0xad, 0xe5, 0xad, 0xe5, 0xad, 0xe5, 0xad, 0xe5, 0xad, 0xe5, 0xad, 0xe5,
  0xad, 0xe5, 0xad, 0xe5, 0xad, 0xe5, 0xad, 0xe5, 0xad, 0xe5, 0xad, 0xe5, 0xad, 0xe5, 0xad, 0xe5,
  0xad, 0xe5, 0xad, 0xe5, 0xad, 0xe5, 0xad, 0xe5, 0xad, 0xe5, 0xad, 0xe5, 0xad, 0xe5, 0xad, 0xe5,
  0xad, 0xe5, 0xad, 0xe5, 0xad, 0xe5, 0xad, 0xe5, 0xad, 0xe5, 0xad, 0xe5, 0xad, 0xe5, 0x07, 0x83,
  0x61, 0x18, 0x61, 0x18, 0x61, 0x18, 0x61, 0x18, 0x61, 0x18, 0x61, 0x18, 0x61, 0x18, 0x61, 0x18,
  0x61, 0x18, 0x61, 0x18, 0x61, 0x18, 0x61, 0x18, 0x61, 0x18, 0x61, 0x18, 0x61, 0x18, 0x61, 0x18,
  0x61, 0x18, 0x61, 0x18, 0x61, 0x18, 0x61, 0x18, 0x61, 0x18, 0x61, 0x18, 0x61, 0x18, 0x61, 0x18,
  0x61, 0x18, 0x61, 0x18, 0x61, 0x18, 0x61, 0x18, 0x61, 0x18, 0x61, 0x18, 0x61, 0x18, 0x61, 0x18,
  0x61, 0x18, 0x61, 0x18, 0x61, 0x18, 0x61, 0x18, 0x61, 0x18, 0x61, 0x18, 0x61, 0x18, 0x61, 0x18,
  0x61, 0x18, 0x61, 0x18, 0x61, 0x18, 0x61, 0x18, 0x61, 0x18, 0x61, 0x18, 0x61, 0x18, 0x61, 0x18,
  0x63, 0x41, 0xad, 0xe5, 0xad, 0xe5, 0xad, 0xe5, 0xad, 0xe5, 0xad, 0xe5, 0xad, 0xe5, 0xad, 0xe5,
  0xad, 0xe5, 0xad, 0xe5, 0xad, 0xe5, 0xad, 0xe5, 0xad, 0xe5, 0xad, 0xe5, 0xad, 0xe5, 0xad, 0xe5,
  0xad, 0xe5, 0xad, 0xe5, 0xad, 0xe5, 0xad, 0xe5, 0xad, 0xe5, 0xad, 0xe5, 0xad, 0xe5, 0xad, 0xe5,
  0xad, 0xe5, 0xad, 0xe5, 0xad, 0xe5, 0xad, 0xe5, 0xad, 0xe5, 0xad, 0xe5, 0xad, 0xe5, 0xad, 0xe5,
  0xad, 0xe5, 0xad, 0xe5, 0xad, 0xe5, 0xad, 0xe5, 0xad, 0xe5, 0xad, 0xe5, 0xad, 0xe5, 0xad, 0xe5,
  0xad, 0xe5, 0xad, 0xe5, 0xad, 0xe5, 0xad, 0xe5, 0xad, 0xe5, 0xad, 0xe5, 0xad, 0xe5, 0xad, 0xe5,
  0xad, 0xe5, 0xad, 0xe5, 0xad, 0xe5, 0xad, 0xe5, 0xad, 0xe5, 0xad, 0xe5, 0xad, 0xe5, 0xad, 0xe5,
  0xad, 0xe5, 0xad, 0xe5, 0xad, 0xe5, 0xad, 0xe5, 0xad, 0xe5, 0xad, 0xe5, 0xad, 0xe5, 0xad, 0xe5,
  0xad, 0xe5, 0xad, 0xe5, 0xad, 0xe5, 0xad, 0xe5, 0xad, 0xe5, 0xad, 0xe5, 0xad, 0xe5, 0xad, 0xe5,
  0xad, 0xe5, 0xad, 0xe5, 0xad, 0xe5, 0xad, 0xe5, 0xad, 0xe5, 0xad, 0xe5, 0xad, 0xe5, 0xad, 0xe5,
  0xad, 0xe5, 0xad, 0xe5, 0xad, 0xe5, 0xad, 0xe5, 0xad, 0xe5, 0xad, 0xe5, 0xad, 0xe5, 0xad, 0xe5,
  0xad, 0xe5, 0xad, 0xe5, 0xad, 0xe5, 0xad, 0xe5, 0xad, 0xe5, 0xad, 0xe5, 0xad, 0xe5, 0xad, 0xe5,
  0xad, 0xe5, 0xad, 0xe5, 0xad, 0xe5, 0xad, 0xe5, 0xad, 0xe5, 0xad, 0xe5, 0xad, 0xe5, 0xad, 0xe5,
  0xad, 0xe5, 0xad, 0xe5, 0xad, 0xe5, 0xad, 0xe5, 0xad, 0xe5, 0xad, 0xe5, 0xad, 0xe5, 0xad, 0xe5,
  0xad, 0xe5, 0xad, 0xe5, 0xad, 0xe5, 0xad, 0xe5, 0xad, 0xe5, 0xad, 0xe5, 0xad, 0xe5, 0x8d, 0xe5,
  0x83, 0x41, 0x61, 0x18, 0x61, 0x18, 0x61, 0x18, 0x61, 0x18, 0x61, 0x18, 0x61, 0x18, 0x61, 0x18,
  0x61, 0x18, 0x61, 0x18, 0x61, 0x18, 0x61, 0x18, 0x61, 0x18, 0x61, 0x18, 0x61, 0x18, 0x61, 0x18,
  0x61, 0x18, 0x61, 0x18, 0x61, 0x18, 0x61, 0x18, 0x61, 0x18, 0x61, 0x18, 0x61, 0x18, 0x61, 0x18,
  0x61, 0x18, 0x61, 0x18, 0x61, 0x18, 0x61, 0x18, 0x61, 0x18, 0x61, 0x18, 0x61, 0x18, 0x61, 0x18,
  0x61, 0x18, 0x61, 0x18, 0x61, 0x18, 0x61, 0x18, 0x61, 0x18, 0x61, 0x18, 0x61, 0x18, 0x61, 0x18,
  0x61, 0x18, 0x61, 0x18, 0x61, 0x18, 0x61, 0x18, 0x61, 0x18, 0x61, 0x18, 0x61, 0x18, 0x61, 0x18,
  0x09, 0xac, 0xad, 0xe5, 0xad, 0xe5, 0xad, 0xe5, 0xad, 0xe5, 0xad, 0xe5, 0xad, 0xe5, 0xad, 0xe5,
  0xad, 0xe5, 0xad, 0xe5, 0xad, 0xe5, 0xad, 0xe5, 0xad, 0xe5, 0xad, 0xe5, 0xad, 0xe5, 0xad, 0xe5,
  0xad, 0xe5, 0xad, 0xe5, 0xad, 0xe5, 0xad, 0xe5, 0xad, 0xe5, 0xad, 0xe5, 0xad, 0xe5, 0xad, 0xe5,
  0xad, 0xe5, 0xad, 0xe5, 0xad, 0xe5, 0xad, 0xe5, 0xad, 0xe5, 0xad, 0xe5, 0xad, 0xe5, 0xad, 0xe5,
  0xad, 0xe5, 0xad, 0xe5, 0xad, 0xe5, 0xad, 0xe5, 0xad, 0xe5, 0xad, 0xe5, 0xad, 0xe5, 0xad, 0xe5,
  0xad, 0xe5, 0xad, 0xe5, 0xad, 0xe5, 0xad, 0xe5, 0xad, 0xe5, 0xad, 0xe5, 0xad, 0xe5, 0xad, 0xe5,
  0xad, 0xe5, 0xad, 0xe5, 0xad, 0xe5, 0xad, 0xe5, 0xad, 0xe5, 0xad, 0xe5, 0xad, 0xe5, 0xad, 0xe5,
  0xad, 0xe5, 0xad, 0xe5, 0xad, 0xe5, 0xad, 0xe5, 0xad, 0xe5, 0xad, 0xe5, 0xad, 0xe5, 0xad, 0xe5,
  0xad, 0xe5, 0xad, 0xe5, 0xad, 0xe5, 0xad, 0xe5, 0xad, 0xe5, 0xad, 0xe5, 0xad, 0xe5, 0xad, 0xe5,
  0xad, 0xe5, 0xad, 0xe5, 0xad, 0xe5, 0xad, 0xe5, 0xad, 0xe5, 0xad, 0xe5, 0xad, 0xe5, 0xad, 0xe5,
  0xad, 0xe5, 0xad, 0xe5, 0xad, 0xe5, 0xad, 0xe5, 0xad, 0xe5, 0xad, 0xe5, 0xad, 0xe5, 0xad, 0xe5,
  0xad, 0xe5, 0xad, 0xe5, 0xad, 0xe5, 0xad, 0xe5, 0xad, 0xe5, 0xad, 0xe5, 0xad, 0xe5, 0xad, 0xe5,
  0xad, 0xe5, 0xad, 0xe5, 0xad, 0xe5, 0xad, 0xe5, 0xad, 0xe5, 0xad, 0xe5, 0xad, 0xe5, 0xad, 0xe5,
  0xad, 0xe5, 0xad, 0xe5, 0xad, 0xe5, 0xad, 0xe5, 0xad, 0xe5, 0xad, 0xe5, 0xad, 0xe5, 0xad, 0xe5,
  0xad, 0xe5, 0xad, 0xe5, 0xad, 0xe5, 0xad, 0xe5, 0xad, 0xe5, 0xad, 0xe5, 0xad, 0xe5, 0xad, 0xe5,
  0xab, 0xc4, 0x81, 0x18, 0x61, 0x18, 0x61, 0x18, 0x61, 0x18, 0x61, 0x18, 0x61, 0x18, 0x61, 0x18,
  0x61, 0x18, 0x61, 0x18, 0x61, 0x18, 0x61, 0x18, 0x61, 0x18, 0x61, 0x18, 0x61, 0x18, 0x61, 0x18,
  0x61, 0x18, 0x61, 0x18, 0x61, 0x18, 0x61, 0x18, 0x61, 0x18, 0x61, 0x18, 0x61, 0x18, 0x61, 0x18,
  0x61, 0x18, 0x61, 0x18, 0x61, 0x18, 0x61, 0x18, 0x61, 0x18, 0x61, 0x18, 0x61, 0x18, 0x61, 0x18,
  0x61, 0x18, 0x61, 0x18, 0x61, 0x18, 0x61, 0x18, 0x61, 0x18, 0x61, 0x18, 0x61, 0x18, 0x61, 0x18,
  0x61, 0x18, 0x61, 0x18, 0x61, 0x18, 0x61, 0x18, 0x61, 0x18, 0x61, 0x18, 0x61, 0x18, 0x63, 0x41,
  0xad, 0xe5, 0xad, 0xe5, 0xad, 0xe5, 0xad, 0xe5, 0xad, 0xe5, 0xad, 0xe5, 0xad, 0xe5, 0xad, 0xe5,
  0xad, 0xe5, 0xad, 0xe5, 0xad, 0xe5, 0xad, 0xe5, 0xad, 0xe5, 0xad, 0xe5, 0xad, 0xe5, 0xad, 0xe5,
  0xad, 0xe5, 0xad, 0xe5, 0xad, 0xe5, 0xad, 0xe5, 0xad, 0xe5, 0xad, 0xe5, 0xad, 0xe5, 0xad, 0xe5,
  0xad, 0xe5, 0xad, 0xe5, 0xad, 0xe5, 0xad, 0xe5, 0xad, 0xe5, 0xad, 0xe5, 0xad, 0xe5, 0xad, 0xe5,
  0xad, 0xe5, 0xad, 0xe5, 0xad, 0xe5, 0xad, 0xe5, 0xad, 0xe5, 0xad, 0xe5, 0xad, 0xe5, 0xad, 0xe5,
  0xad, 0xe5, 0xad, 0xe5, 0xad, 0xe5, 0xad, 0xe5, 0xad, 0xe5, 0xad, 0xe5, 0xad, 0xe5, 0xad, 0xe5,
  0xad, 0xe5, 0xad, 0xe5, 0xad, 0xe5, 0xad, 0xe5, 0xad, 0xe5, 0xad, 0xe5, 0xad, 0xe5, 0xad, 0xe5,
  0xad, 0xe5, 0xad, 0xe5, 0xad, 0xe5, 0xad, 0xe5, 0xad, 0xe5, 0xad, 0xe5, 0xad, 0xe5, 0xad, 0xe5,
  0xad, 0xe5, 0xad, 0xe5, 0xad, 0xe5, 0xad, 0xe5, 0xad, 0xe5, 0xad, 0xe5, 0xad, 0xe5, 0xad, 0xe5,
  0xad, 0xe5, 0xad, 0xe5, 0xad, 0xe5, 0xad, 0xe5, 0xad, 0xe5, 0xad, 0xe5, 0xad, 0xe5, 0xad, 0xe5,
  0xad, 0xe5, 0xad, 0xe5, 0xad, 0xe5, 0xad, 0xe5, 0xad, 0xe5, 0xad, 0xe5, 0xad, 0xe5, 0xad, 0xe5,
  0xad, 0xe5, 0xad, 0xe5, 0xad, 0xe5, 0xad, 0xe5, 0xad, 0xe5, 0xad, 0xe5, 0xad, 0xe5, 0xad, 0xe5,
  0xad, 0xe5, 0xad, 0xe5, 0xad, 0xe5, 0xad, 0xe5, 0xad, 0xe5, 0xad, 0xe5, 0xad, 0xe5, 0xad, 0xe5,
  0xad, 0xe5, 0xad, 0xe5, 0xad, 0xe5, 0xad, 0xe5, 0xad, 0xe5, 0xad, 0xe5, 0xad, 0xe5, 0xad, 0xe5,
  0xad, 0xe5, 0xad, 0xe5, 0xad, 0xe5, 0xad, 0xe5, 0xad, 0xe5, 0xad, 0xe5, 0xad, 0xe5, 0xad, 0xe5,
  0xad, 0xe5, 0xc6, 0x7a, 0x61, 0x18, 0x61, 0x18, 0x61, 0x18, 0x61, 0x18, 0x61, 0x18, 0x61, 0x18,
  0x61, 0x18, 0x61, 0x18, 0x61, 0x18, 0x61, 0x18, 0x61, 0x18, 0x61, 0x18, 0x61, 0x18, 0x61, 0x18,
  0x61, 0x18, 0x61, 0x18, 0x61, 0x18, 0x61, 0x18, 0x61, 0x18, 0x61, 0x18, 0x61, 0x18, 0x61, 0x18,
  0x61, 0x18, 0x61, 0x18, 0x61, 0x18, 0x61, 0x18, 0x61, 0x18, 0x61, 0x18, 0x61, 0x18, 0x61, 0x18,
  0x61, 0x18, 0x61, 0x18, 0x61, 0x18, 0x61, 0x18, 0x61, 0x18, 0x61, 0x18, 0x61, 0x18, 0x61, 0x18,
  0x61, 0x18, 0x61, 0x18, 0x61, 0x18, 0x61, 0x18, 0x61, 0x18, 0x61, 0x18, 0x61, 0x18, 0xc9, 0x9b,
  0xad, 0xe5, 0xad, 0xe5, 0xad, 0xe5, 0xad, 0xe5, 0xad, 0xe5, 0xad, 0xe5, 0xad, 0xe5, 0xad, 0xe5,
  0xad, 0xe5, 0xad, 0xe5, 0xad, 0xe5, 0xad, 0xe5, 0xad, 0xe5, 0xad, 0xe5, 0xad, 0xe5, 0xad, 0xe5,
  0xad, 0xe5, 0xad, 0xe5, 0xad, 0xe5, 0xad, 0xe5, 0xad, 0xe5, 0xad, 0xe5, 0xad, 0xe5, 0xad, 0xe5,
  0xad, 0xe5, 0xad, 0xe5, 0xad, 0xe5, 0xad, 0xe5, 0xad, 0xe5, 0xad, 0xe5, 0xad, 0xe5, 0xad, 0xe5,
  0xad, 0xe5, 0xad, 0xe5, 0xad, 0xe5, 0xad, 0xe5, 0xad, 0xe5, 0xad, 0xe5, 0xad, 0xe5, 0xad, 0xe5,
  0xad, 0xe5, 0xad, 0xe5, 0xad, 0xe5, 0xad, 0xe5, 0xad, 0xe5, 0xad, 0xe5, 0xad, 0xe5, 0xad, 0xe5,
  0xad, 0xe5, 0xad, 0xe5, 0xad, 0xe5, 0xad, 0xe5, 0xad, 0xe5, 0xad, 0xe5, 0xad, 0xe5, 0xad, 0xe5,
  0xad, 0xe5, 0xad, 0xe5, 0xad, 0xe5, 0xad, 0xe5, 0xad, 0xe5, 0xad, 0xe5, 0xad, 0xe5, 0xad, 0xe5,
  0xad, 0xe5, 0xad, 0xe5, 0xad, 0xe5, 0xad, 0xe5, 0xad, 0xe5, 0xad, 0xe5, 0xad, 0xe5, 0xad, 0xe5,
  0xad, 0xe5, 0xad, 0xe5, 0xad, 0xe5, 0xad, 0xe5, 0xad, 0xe5, 0xad, 0xe5, 0xad, 0xe5, 0xad, 0xe5,
  0xad, 0xe5, 0xad, 0xe5, 0xad, 0xe5, 0xad, 0xe5, 0xad, 0xe5, 0xad, 0xe5, 0xad, 0xe5, 0xad, 0xe5,
  0xad, 0xe5, 0xad, 0xe5, 0xad, 0xe5, 0xad, 0xe5, 0xad, 0xe5, 0xad, 0xe5, 0xad, 0xe5, 0xad, 0xe5,
  0xad, 0xe5, 0xad, 0xe5, 0xad, 0xe5, 0xad, 0xe5, 0xad, 0xe5, 0xad, 0xe5, 0xad, 0xe5, 0xad, 0xe5,
  0xad, 0xe5, 0xad, 0xe5, 0xad, 0xe5, 0xad, 0xe5, 0xad, 0xe5, 0xad, 0xe5, 0xad, 0xe5, 0xad, 0xe5,
  0xad, 0xe5, 0xad, 0xe5, 0xad, 0xe5, 0xad, 0xe5, 0xad, 0xe5, 0xad, 0xe5, 0xad, 0xe5, 0xad, 0xe5,
  0xad, 0xe5, 0x6c, 0xdd, 0x02, 0x31, 0x61, 0x18, 0x61, 0x18, 0x61, 0x18, 0x61, 0x18, 0x61, 0x18,
  0x61, 0x18, 0x61, 0x18, 0x61, 0x18, 0x61, 0x18, 0x61, 0x18, 0x61, 0x18, 0x61, 0x18, 0x61, 0x18,
  0x61, 0x18, 0x61, 0x18, 0x61, 0x18, 0x61, 0x18, 0x61, 0x18, 0x61, 0x18, 0x61, 0x18, 0x61, 0x18,
  0x61, 0x18, 0x61, 0x18, 0x61, 0x18, 0x61, 0x18, 0x61, 0x18, 0x61, 0x18, 0x61, 0x18, 0x61, 0x18,
  0x61, 0x18, 0x61, 0x18, 0x61, 0x18, 0x61, 0x18, 0x61, 0x18, 0x61, 0x18, 0x61, 0x18, 0x61, 0x18,
  0x61, 0x18, 0x61, 0x18, 0x61, 0x18, 0x61, 0x18, 0x61, 0x18, 0x61, 0x18, 0x02, 0x31, 0x8d, 0xe5,
  0xad, 0xe5, 0xad, 0xe5, 0xad, 0xe5, 0xad, 0xe5, 0xad, 0xe5, 0xad, 0xe5, 0xad, 0xe5, 0xad, 0xe5,
  0xad, 0xe5, 0xad, 0xe5, 0xad, 0xe5, 0xad, 0xe5, 0xad, 0xe5, 0xad, 0xe5, 0xad, 0xe5, 0xad, 0xe5,
  0xad, 0xe5, 0xad, 0xe5, 0xad, 0xe5, 0xad, 0xe5, 0xad, 0xe5, 0xad, 0xe5, 0xad, 0xe5, 0xad, 0xe5,
  0xad, 0xe5, 0xad, 0xe5, 0xad, 0xe5, 0xad, 0xe5, 0xad, 0xe5, 0xad, 0xe5, 0xad, 0xe5, 0xad, 0xe5,
  0xad, 0xe5, 0xad, 0xe5, 0xad, 0xe5, 0xad, 0xe5, 0xad, 0xe5, 0xad, 0xe5, 0xad, 0xe5, 0xad, 0xe5,
  0xad, 0xe5, 0xad, 0xe5, 0xad, 0xe5, 0xad, 0xe5, 0xad, 0xe5, 0xad, 0xe5, 0xad, 0xe5, 0xad, 0xe5,
  0xad, 0xe5, 0xad, 0xe5, 0xad, 0xe5, 0xad, 0xe5, 0xad, 0xe5, 0xad, 0xe5, 0xad, 0xe5, 0xad, 0xe5,
  0xad, 0xe5, 0xad, 0xe5, 0xad, 0xe5, 0xad, 0xe5, 0xad, 0xe5, 0xad, 0xe5, 0xad, 0xe5, 0xad, 0xe5,
  0xad, 0xe5, 0xad, 0xe5, 0xad, 0xe5, 0xad, 0xe5, 0xad, 0xe5, 0xad, 0xe5, 0xad, 0xe5, 0xad, 0xe5,
  0xad, 0xe5, 0xad, 0xe5, 0xad, 0xe5, 0xad, 0xe5, 0xad, 0xe5, 0xad, 0xe5, 0xad, 0xe5, 0xad, 0xe5,
  0xad, 0xe5, 0xad, 0xe5, 0xad, 0xe5, 0xad, 0xe5, 0xad, 0xe5, 0xad, 0xe5, 0xad, 0xe5, 0xad, 0xe5,
  0xad, 0xe5, 0xad, 0xe5, 0xad, 0xe5, 0xad, 0xe5, 0xad, 0xe5, 0xad, 0xe5, 0xad, 0xe5, 0xad, 0xe5,
  0xad, 0xe5, 0xad, 0xe5, 0xad, 0xe5, 0xad, 0xe5, 0xad, 0xe5, 0xad, 0xe5, 0xad, 0xe5, 0xad, 0xe5,
  0xad, 0xe5, 0xad, 0xe5, 0xad, 0xe5, 0xad, 0xe5, 0xad, 0xe5, 0xad, 0xe5, 0xad, 0xe5, 0xad, 0xe5,
  0xad, 0xe5, 0xad, 0xe5, 0xad, 0xe5, 0xad, 0xe5, 0xad, 0xe5, 0xad, 0xe5, 0xad, 0xe5, 0xad, 0xe5,
  0xad, 0xe5, 0xad, 0xe5, 0xc8, 0x9b, 0x61, 0x18, 0x61, 0x18, 0x61, 0x18, 0x61, 0x18, 0x61, 0x18,
  0x61, 0x18, 0x61, 0x18, 0x61, 0x18, 0x61, 0x18, 0x61, 0x18, 0x61, 0x18, 0x61, 0x18, 0x61, 0x18,
  0x61, 0x18, 0x61, 0x18, 0x61, 0x18, 0x61, 0x18, 0x61, 0x18, 0x61, 0x18, 0x61, 0x18, 0x61, 0x18,
  0x61, 0x18, 0x61, 0x18, 0x61, 0x18, 0x61, 0x18, 0x61, 0x18, 0x61, 0x18, 0x61, 0x18, 0x61, 0x18,
  0x61, 0x18, 0x61, 0x18, 0x61, 0x18, 0x61, 0x18, 0x61, 0x18, 0x61, 0x18, 0x61, 0x18, 0x61, 0x18,
  0x61, 0x18, 0x61, 0x18, 0x61, 0x18, 0x61, 0x18, 0x61, 0x18, 0x61, 0x18, 0x47, 0x8b, 0xad, 0xe5,
  0xad, 0xe5, 0xad, 0xe5, 0xad, 0xe5, 0xad, 0xe5, 0xad, 0xe5, 0xad, 0xe5, 0xad, 0xe5, 0xad, 0xe5,
  0xad, 0xe5, 0xad, 0xe5, 0xad, 0xe5, 0xad, 0xe5, 0xad, 0xe5, 0xad, 0xe5, 0xad, 0xe5, 0xad, 0xe5,
  0xad, 0xe5, 0xad, 0xe5, 0xad, 0xe5, 0xad, 0xe5, 0xad, 0xe5, 0xad, 0xe5, 0xad, 0xe5, 0xad, 0xe5,
  0xad, 0xe5, 0xad, 0xe5, 0xad, 0xe5, 0xad, 0xe5, 0xad, 0xe5, 0xad, 0xe5, 0xad, 0xe5, 0xad, 0xe5,
  0xad, 0xe5, 0xad, 0xe5, 0xad, 0xe5, 0xad, 0xe5, 0xad, 0xe5, 0xad, 0xe5, 0xad, 0xe5, 0xad, 0xe5,
  0xad, 0xe5, 0xad, 0xe5, 0xad, 0xe5, 0xad, 0xe5, 0xad, 0xe5, 0xad, 0xe5, 0xad, 0xe5, 0xad, 0xe5,
  0xad, 0xe5, 0xad, 0xe5, 0xad, 0xe5, 0xad, 0xe5, 0xad, 0xe5, 0xad, 0xe5, 0xad, 0xe5, 0xad, 0xe5,
  0xad, 0xe5, 0xad, 0xe5, 0xad, 0xe5, 0xad, 0xe5, 0xad, 0xe5, 0xad, 0xe5, 0xad, 0xe5, 0xad, 0xe5,
  0xad, 0xe5, 0xad, 0xe5, 0xad, 0xe5, 0xad, 0xe5, 0xad, 0xe5, 0xad, 0xe5, 0xad, 0xe5, 0xad, 0xe5,
  0xad, 0xe5, 0xad, 0xe5, 0xad, 0xe5, 0xad, 0xe5, 0xad, 0xe5, 0xad, 0xe5, 0xad, 0xe5, 0xad, 0xe5,
  0xad, 0xe5, 0xad, 0xe5, 0xad, 0xe5, 0xad, 0xe5, 0xad, 0xe5, 0xad, 0xe5, 0xad, 0xe5, 0xad, 0xe5,
  0xad, 0xe5, 0xad, 0xe5, 0xad, 0xe5, 0xad, 0xe5, 0xad, 0xe5, 0xad, 0xe5, 0xad, 0xe5, 0xad, 0xe5,
  0xad, 0xe5, 0xad, 0xe5, 0xad, 0xe5, 0xad, 0xe5, 0xad, 0xe5, 0xad, 0xe5, 0xad, 0xe5, 0xad, 0xe5,
  0xad, 0xe5, 0xad, 0xe5, 0xad, 0xe5, 0xad, 0xe5, 0xad, 0xe5, 0xad, 0xe5, 0xad, 0xe5, 0xad, 0xe5,
  0xad, 0xe5, 0xad, 0xe5, 0xad, 0xe5, 0xad, 0xe5, 0xad, 0xe5, 0xad, 0xe5, 0xad, 0xe5, 0xad, 0xe5,
  0xad, 0xe5, 0xad, 0xe5, 0xad, 0xe5, 0x83, 0x41, 0x61, 0x18, 0x61, 0x18, 0x61, 0x18, 0x61, 0x18,
  0x61, 0x18, 0x61, 0x18, 0x61, 0x18, 0x61, 0x18, 0x61, 0x18, 0x61, 0x18, 0x61, 0x18, 0x61, 0x18,
  0x61, 0x18, 0x61, 0x18, 0x61, 0x18, 0x61, 0x18, 0x61, 0x18, 0x61, 0x18, 0x61, 0x18, 0x61, 0x18,
  0x61, 0x18, 0x61, 0x18, 0x61, 0x18, 0x61, 0x18, 0x61, 0x18, 0x61, 0x18, 0x61, 0x18, 0x61, 0x18,
  0x61, 0x18, 0x61, 0x18, 0x61, 0x18, 0x61, 0x18, 0x61, 0x18, 0x61, 0x18, 0x61, 0x18, 0x61, 0x18,
  0x61, 0x18, 0x61, 0x18, 0x61, 0x18, 0x61, 0x18, 0x61, 0x18, 0x81, 0x18, 0x2c, 0xd5, 0xad, 0xe5,
  0xad, 0xe5, 0xad, 0xe5, 0xad, 0xe5, 0xad, 0xe5, 0xad, 0xe5, 0xad, 0xe5, 0xad, 0xe5, 0xad, 0xe5,
  0xad, 0xe5, 0xad, 0xe5, 0xad, 0xe5, 0xad, 0xe5, 0xad, 0xe5, 0xad, 0xe5, 0xad, 0xe5, 0xad, 0xe5,
  0xad, 0xe5, 0xad, 0xe5, 0xad, 0xe5, 0xad, 0xe5, 0xad, 0xe5, 0xad, 0xe5, 0xad, 0xe5, 0xad, 0xe5,
  0xad, 0xe5, 0xad, 0xe5, 0xad, 0xe5, 0xad, 0xe5, 0xad, 0xe5, 0xad, 0xe5, 0xad, 0xe5, 0xad, 0xe5,
  0xad, 0xe5, 0xad, 0xe5, 0xad, 0xe5, 0xad, 0xe5, 0xad, 0xe5, 0xad, 0xe5, 0xad, 0xe5, 0xad, 0xe5,
  0xad, 0xe5, 0xad, 0xe5, 0xad, 0xe5, 0xad, 0xe5, 0xad, 0xe5, 0xad, 0xe5, 0xad, 0xe5, 0xad, 0xe5,
  0xad, 0xe5, 0xad, 0xe5, 0xad, 0xe5, 0xad, 0xe5, 0xad, 0xe5, 0xad, 0xe5, 0xad, 0xe5, 0xad, 0xe5,
  0xad, 0xe5, 0xad, 0xe5, 0xad, 0xe5, 0xad, 0xe5, 0xad, 0xe5, 0xad, 0xe5, 0xad, 0xe5, 0xad, 0xe5,
  0xad, 0xe5, 0xad, 0xe5, 0xad, 0xe5, 0xad, 0xe5, 0xad, 0xe5, 0xad, 0xe5, 0xad, 0xe5, 0xad, 0xe5,
  0xad, 0xe5, 0xad, 0xe5, 0xad, 0xe5, 0xad, 0xe5, 0xad, 0xe5, 0xad, 0xe5, 0xad, 0xe5, 0xad, 0xe5,
  0xad, 0xe5, 0xad, 0xe5, 0xad, 0xe5, 0xad, 0xe5, 0xad, 0xe5, 0xad, 0xe5, 0xad, 0xe5, 0xad, 0xe5,
  0xad, 0xe5, 0xad, 0xe5, 0xad, 0xe5, 0xad, 0xe5, 0xad, 0xe5, 0xad, 0xe5, 0xad, 0xe5, 0xad, 0xe5,
  0xad, 0xe5, 0xad, 0xe5, 0xad, 0xe5, 0xad, 0xe5, 0xad, 0xe5, 0xad, 0xe5, 0xad, 0xe5, 0xad, 0xe5,
  0xad, 0xe5, 0xad, 0xe5, 0xad, 0xe5, 0xad, 0xe5, 0xad, 0xe5, 0xad, 0xe5, 0xad, 0xe5, 0xad, 0xe5,
  0xad, 0xe5, 0xad, 0xe5, 0xad, 0xe5, 0xad, 0xe5, 0xad, 0xe5, 0xad, 0xe5, 0xad, 0xe5, 0xad, 0xe5,
  0xad, 0xe5, 0xad, 0xe5, 0xad, 0xe5, 0x4a, 0xb4, 0x61, 0x18, 0x61, 0x18, 0x61, 0x18, 0x61, 0x18,
  0x61, 0x18, 0x61, 0x18, 0x61, 0x18, 0x61, 0x18, 0x61, 0x18, 0x61, 0x18, 0x61, 0x18, 0x61, 0x18,
  0x61, 0x18, 0x61, 0x18, 0x61, 0x18, 0x61, 0x18, 0x61, 0x18, 0x61, 0x18, 0x61, 0x18, 0x61, 0x18,
  0x61, 0x18, 0x61, 0x18, 0x61, 0x18, 0x61, 0x18, 0x61, 0x18, 0x61, 0x18, 0x61, 0x18, 0x61, 0x18,
  0x61, 0x18, 0x61, 0x18, 0x61, 0x18, 0x61, 0x18, 0x61, 0x18, 0x61, 0x18, 0x61, 0x18, 0x61, 0x18,
  0x61, 0x18, 0x61, 0x18, 0x61, 0x18, 0x61, 0x18, 0x61, 0x18, 0x45, 0x62, 0xad, 0xe5, 0xad, 0xe5,
  0xad, 0xe5, 0xad, 0xe5, 0xad, 0xe5, 0xad, 0xe5, 0xad, 0xe5, 0xad, 0xe5, 0xad, 0xe5, 0xad, 0xe5,
  0xad, 0xe5, 0xad, 0xe5, 0xad, 0xe5, 0xad, 0xe5, 0xad, 0xe5, 0xad, 0xe5, 0xad, 0xe5, 0xad, 0xe5,
  0xad, 0xe5, 0xad, 0xe5, 0xad, 0xe5, 0xad, 0xe5, 0xad, 0xe5, 0xad, 0xe5, 0xad, 0xe5, 0xad, 0xe5,
  0xad, 0xe5, 0xad, 0xe5, 0xad, 0xe5, 0xad, 0xe5, 0xad, 0xe5, 0xad, 0xe5, 0xad, 0xe5, 0xad, 0xe5,
  0xad, 0xe5, 0xad, 0xe5, 0xad, 0xe5, 0xad, 0xe5, 0xad, 0xe5, 0xad, 0xe5, 0xad, 0xe5, 0xad, 0xe5,
  0xad, 0xe5, 0xad, 0xe5, 0xad, 0xe5, 0xad, 0xe5, 0xad, 0xe5, 0xad, 0xe5, 0xad, 0xe5, 0xad, 0xe5,
  0xad, 0xe5, 0xad, 0xe5, 0xad, 0xe5, 0xad, 0xe5, 0xad, 0xe5, 0xad, 0xe5, 0xad, 0xe5, 0xad, 0xe5,
  0xad, 0xe5, 0xad, 0xe5, 0xad, 0xe5, 0xad, 0xe5, 0xad, 0xe5, 0xad, 0xe5, 0xad, 0xe5, 0xad, 0xe5,
  0xad, 0xe5, 0xad, 0xe5, 0xad, 0xe5, 0xad, 0xe5, 0xad, 0xe5, 0xad, 0xe5, 0xad, 0xe5, 0xad, 0xe5,
  0xad, 0xe5, 0xad, 0xe5, 0xad, 0xe5, 0xad, 0xe5, 0xad, 0xe5, 0xad, 0xe5, 0xad, 0xe5, 0xad, 0xe5,
  0xad, 0xe5, 0xad, 0xe5, 0xad, 0xe5, 0xad, 0xe5, 0xad, 0xe5, 0xad, 0xe5, 0xad, 0xe5, 0xad, 0xe5,
  0xad, 0xe5, 0xad, 0xe5, 0xad, 0xe5, 0xad, 0xe5, 0xad, 0xe5, 0xad, 0xe5, 0xad, 0xe5, 0xad, 0xe5,
  0xad, 0xe5, 0xad, 0xe5, 0xad, 0xe5, 0xad, 0xe5, 0xad, 0xe5, 0xad, 0xe5, 0xad, 0xe5, 0xad, 0xe5,
  0xad, 0xe5, 0xad, 0xe5, 0xad, 0xe5, 0xad, 0xe5, 0xad, 0xe5, 0xad, 0xe5, 0xad, 0xe5, 0xad, 0xe5,
  0xad, 0xe5, 0xad, 0xe5, 0xad, 0xe5, 0xad, 0xe5, 0xad, 0xe5, 0xad, 0xe5, 0xad, 0xe5, 0xad, 0xe5,
  0xad, 0xe5, 0xad, 0xe5, 0xad, 0xe5, 0xad, 0xe5, 0x04, 0x5a, 0x61, 0x18, 0x61, 0x18, 0x61, 0x18,
  0x61, 0x18, 0x61, 0x18, 0x61, 0x18, 0x61, 0x18, 0x61, 0x18, 0x61, 0x18, 0x61, 0x18, 0x61, 0x18,
  0x61, 0x18, 0x61, 0x18, 0x61, 0x18, 0x61, 0x18, 0x61, 0x18, 0x61, 0x18, 0x61, 0x18, 0x61, 0x18,
  0x61, 0x18, 0x61, 0x18, 0x61, 0x18, 0x61, 0x18, 0x61, 0x18, 0x61, 0x18, 0x61, 0x18, 0x61, 0x18,
  0x61, 0x18, 0x61, 0x18, 0x61, 0x18, 0x61, 0x18, 0x61, 0x18, 0x61, 0x18, 0x61, 0x18, 0x61, 0x18,
  0x61, 0x18, 0x61, 0x18, 0x61, 0x18, 0x61, 0x18, 0x61, 0x18, 0x4a, 0xb4, 0xad, 0xe5, 0xad, 0xe5,
  0xad, 0xe5, 0xad, 0xe5, 0xad, 0xe5, 0xad, 0xe5, 0xad, 0xe5, 0xad, 0xe5, 0xad, 0xe5, 0xad, 0xe5,
  0xad, 0xe5, 0xad, 0xe5, 0xad, 0xe5, 0xad, 0xe5, 0xad, 0xe5, 0xad, 0xe5, 0xad, 0xe5, 0xad, 0xe5,
  0xad, 0xe5, 0xad, 0xe5, 0xad, 0xe5, 0xad, 0xe5, 0xad, 0xe5, 0xad, 0xe5, 0xad, 0xe5, 0xad, 0xe5,
  0xad, 0xe5, 0xad, 0xe5, 0xad, 0xe5, 0xad, 0xe5, 0xad, 0xe5, 0xad, 0xe5, 0xad, 0xe5, 0xad, 0xe5,
  0xad, 0xe5, 0xad, 0xe5, 0xad, 0xe5, 0xad, 0xe5, 0xad, 0xe5, 0xad, 0xe5, 0xad, 0xe5, 0xad, 0xe5,
  0xad, 0xe5, 0xad, 0xe5, 0xad, 0xe5, 0xad, 0xe5, 0xad, 0xe5, 0xad, 0xe5, 0xad, 0xe5, 0xad, 0xe5,
  0xad, 0xe5, 0xad, 0xe5, 0xad, 0xe5, 0xad, 0xe5, 0xad, 0xe5, 0xad, 0xe5, 0xad, 0xe5, 0xad, 0xe5,
  0xad, 0xe5, 0xad, 0xe5, 0xad, 0xe5, 0xad, 0xe5, 0xad, 0xe5, 0xad, 0xe5, 0xad, 0xe5, 0xad, 0xe5,
  0xad, 0xe5, 0xad, 0xe5, 0xad, 0xe5, 0xad, 0xe5, 0xad, 0xe5, 0xad, 0xe5, 0xad, 0xe5, 0xad, 0xe5,
  0xad, 0xe5, 0xad, 0xe5, 0xad, 0xe5, 0xad, 0xe5, 0xad, 0xe5, 0xad, 0xe5, 0xad, 0xe5, 0xad, 0xe5,
  0xad, 0xe5, 0xad, 0xe5, 0xad, 0xe5, 0xad, 0xe5, 0xad, 0xe5, 0xad, 0xe5, 0xad, 0xe5, 0xad, 0xe5,
  0xad, 0xe5, 0xad, 0xe5, 0xad, 0xe5, 0xad, 0xe5, 0xad, 0xe5, 0xad, 0xe5, 0xad, 0xe5, 0xad, 0xe5,
  0xad, 0xe5, 0xad, 0xe5, 0xad, 0xe5, 0xad, 0xe5, 0xad, 0xe5, 0xad, 0xe5, 0xad, 0xe5, 0xad, 0xe5,
  0xad, 0xe5, 0xad, 0xe5, 0xad, 0xe5, 0xad, 0xe5, 0xad, 0xe5, 0xad, 0xe5, 0xad, 0xe5, 0xad, 0xe5,
  0xad, 0xe5, 0xad, 0xe5, 0xad, 0xe5, 0xad, 0xe5, 0xad, 0xe5, 0xad, 0xe5, 0xad, 0xe5, 0xad, 0xe5,
  0xad, 0xe5, 0xad, 0xe5, 0xad, 0xe5, 0xad, 0xe5, 0xcb, 0xc4, 0x81, 0x18, 0x61, 0x18, 0x61, 0x18,
  0x61, 0x18, 0x61, 0x18, 0x61, 0x18, 0x61, 0x18, 0x61, 0x18, 0x61, 0x18, 0x61, 0x18, 0x61, 0x18,
  0x61, 0x18, 0x61, 0x18, 0x61, 0x18, 0x61, 0x18, 0x61, 0x18, 0x61, 0x18, 0x61, 0x18, 0x61, 0x18,
  0x61, 0x18, 0x61, 0x18, 0x61, 0x18, 0x61, 0x18, 0x61, 0x18, 0x61, 0x18, 0x61, 0x18, 0x61, 0x18,
  0x61, 0x18, 0x61, 0x18, 0x61, 0x18, 0x61, 0x18, 0x61, 0x18, 0x61, 0x18, 0x61, 0x18, 0x61, 0x18,
  0x61, 0x18, 0x61, 0x18, 0x61, 0x18, 0x61, 0x18, 0xe2, 0x28, 0xad, 0xe5, 0xad, 0xe5, 0xad, 0xe5,
  0xad, 0xe5, 0xad, 0xe5, 0xad, 0xe5, 0xad, 0xe5, 0xad, 0xe5, 0xad, 0xe5, 0xad, 0xe5, 0xad, 0xe5,
  0xad, 0xe5, 0xad, 0xe5, 0xad, 0xe5, 0xad, 0xe5, 0xad, 0xe5, 0xad, 0xe5, 0xad, 0xe5, 0xad, 0xe5,
  0xad, 0xe5, 0xad, 0xe5, 0xad, 0xe5, 0xad, 0xe5, 0xad, 0xe5, 0xad, 0xe5, 0xad, 0xe5, 0xad, 0xe5,
  0xad, 0xe5, 0xad, 0xe5, 0xad, 0xe5, 0xad, 0xe5, 0xad, 0xe5, 0xad, 0xe5, 0xad, 0xe5, 0xad, 0xe5,
  0xad, 0xe5, 0xad, 0xe5, 0xad, 0xe5, 0xad, 0xe5, 0xad, 0xe5, 0xad, 0xe5, 0xad, 0xe5, 0xad, 0xe5,
  0xad, 0xe5, 0xad, 0xe5, 0xad, 0xe5, 0xad, 0xe5, 0xad, 0xe5, 0xad, 0xe5, 0xad, 0xe5, 0xad, 0xe5,
  0xad, 0xe5, 0xad, 0xe5, 0xad, 0xe5, 0xad, 0xe5, 0xad, 0xe5, 0xad, 0xe5, 0xad, 0xe5, 0xad, 0xe5,
  0xad, 0xe5, 0xad, 0xe5, 0xad, 0xe5, 0xad, 0xe5, 0xad, 0xe5, 0xad, 0xe5, 0xad, 0xe5, 0xad, 0xe5,
  0xad, 0xe5, 0xad, 0xe5, 0xad, 0xe5, 0xad, 0xe5, 0xad, 0xe5, 0xad, 0xe5, 0xad, 0xe5, 0xad, 0xe5,
  0xad, 0xe5, 0xad, 0xe5, 0xad, 0xe5, 0xad, 0xe5, 0xad, 0xe5, 0xad, 0xe5, 0xad, 0xe5, 0xad, 0xe5,
  0xad, 0xe5, 0xad, 0xe5, 0xad, 0xe5, 0xad, 0xe5, 0xad, 0xe5, 0xad, 0xe5, 0xad, 0xe5, 0xad, 0xe5,
  0xad, 0xe5, 0xad, 0xe5, 0xad, 0xe5, 0xad, 0xe5, 0xad, 0xe5, 0xad, 0xe5, 0xad, 0xe5, 0xad, 0xe5,
  0xad, 0xe5, 0xad, 0xe5, 0xad, 0xe5, 0xad, 0xe5, 0xad, 0xe5, 0xad, 0xe5, 0xad, 0xe5, 0xad, 0xe5,
  0xad, 0xe5, 0xad, 0xe5, 0xad, 0xe5, 0xad, 0xe5, 0xad, 0xe5, 0xad, 0xe5, 0xad, 0xe5, 0xad, 0xe5,
  0xad, 0xe5, 0xad, 0xe5, 0xad, 0xe5, 0xad, 0xe5, 0xad, 0xe5, 0xad, 0xe5, 0xad, 0xe5, 0xad, 0xe5,
  0xad, 0xe5, 0xad, 0xe5, 0xad, 0xe5, 0xad, 0xe5, 0xad, 0xe5, 0x86, 0x6a, 0x61, 0x18, 0x61, 0x18,
  0x61, 0x18, 0x61, 0x18, 0x61, 0x18, 0x61, 0x18, 0x61, 0x18, 0x61, 0x18, 0x61, 0x18, 0x61, 0x18,
  0x61, 0x18, 0x61, 0x18, 0x61, 0x18, 0x61, 0x18, 0x61, 0x18, 0x61, 0x18, 0x61, 0x18, 0x61, 0x18,
  0x61, 0x18, 0x61, 0x18, 0x61, 0x18, 0x61, 0x18, 0x61, 0x18, 0x61, 0x18, 0x61, 0x18, 0x61, 0x18,
  0x61, 0x18, 0x61, 0x18, 0x61, 0x18, 0x61, 0x18, 0x61, 0x18, 0x61, 0x18, 0x61, 0x18, 0x61, 0x18,
  0x61, 0x18, 0x61, 0x18, 0x61, 0x18, 0x61, 0x18, 0xa6, 0x72, 0xad, 0xe5, 0xad, 0xe5, 0xad, 0xe5,
  0xad, 0xe5, 0xad, 0xe5, 0xad, 0xe5, 0xad, 0xe5, 0xad, 0xe5, 0xad, 0xe5, 0xad, 0xe5, 0xad, 0xe5,
  0xad, 0xe5, 0xad, 0xe5, 0xad, 0xe5, 0xad, 0xe5, 0xad, 0xe5, 0xad, 0xe5, 0xad, 0xe5, 0xad, 0xe5,
  0xad, 0xe5, 0xad, 0xe5, 0xad, 0xe5, 0xad, 0xe5, 0xad, 0xe5, 0xad, 0xe5, 0xad, 0xe5, 0xad, 0xe5,
  0xad, 0xe5, 0xad, 0xe5, 0xad, 0xe5, 0xad, 0xe5, 0xad, 0xe5, 0xad, 0xe5, 0xad, 0xe5, 0xad, 0xe5,
  0xad, 0xe5, 0xad, 0xe5, 0xad, 0xe5, 0xad, 0xe5, 0xad, 0xe5, 0xad, 0xe5, 0xad, 0xe5, 0xad, 0xe5,
  0xad, 0xe5, 0xad, 0xe5, 0xad, 0xe5, 0xad, 0xe5, 0xad, 0xe5, 0xad, 0xe5, 0xad, 0xe5, 0xad, 0xe5,
  0xad, 0xe5, 0xad, 0xe5, 0xad, 0xe5, 0xad, 0xe5, 0xad, 0xe5, 0xad, 0xe5, 0xad, 0xe5, 0xad, 0xe5,
  0xad, 0xe5, 0xad, 0xe5, 0xad, 0xe5, 0xad, 0xe5, 0xad, 0xe5, 0xad, 0xe5, 0xad, 0xe5, 0xad, 0xe5,
  0xad, 0xe5, 0xad, 0xe5, 0xad, 0xe5, 0xad, 0xe5, 0xad, 0xe5, 0xad, 0xe5, 0xad, 0xe5, 0xad, 0xe5,
  0xad, 0xe5, 0xad, 0xe5, 0xad, 0xe5, 0xad, 0xe5, 0xad, 0xe5, 0xad, 0xe5, 0xad, 0xe5, 0xad, 0xe5,
  0xad, 0xe5, 0xad, 0xe5, 0xad, 0xe5, 0xad, 0xe5, 0xad, 0xe5, 0xad, 0xe5, 0xad, 0xe5, 0xad, 0xe5,
  0xad, 0xe5, 0xad, 0xe5, 0xad, 0xe5, 0xad, 0xe5, 0xad, 0xe5, 0xad, 0xe5, 0xad, 0xe5, 0xad, 0xe5,
  0xad, 0xe5, 0xad, 0xe5, 0xad, 0xe5, 0xad, 0xe5, 0xad, 0xe5, 0xad, 0xe5, 0xad, 0xe5, 0xad, 0xe5,
  0xad, 0xe5, 0xad, 0xe5, 0xad, 0xe5, 0xad, 0xe5, 0xad, 0xe5, 0xad, 0xe5, 0xad, 0xe5, 0xad, 0xe5,
  0xad, 0xe5, 0xad, 0xe5, 0xad, 0xe5, 0xad, 0xe5, 0xad, 0xe5, 0xad, 0xe5, 0xad, 0xe5, 0xad, 0xe5,
  0xad, 0xe5, 0xad, 0xe5, 0xad, 0xe5, 0xad, 0xe5, 0xad, 0xe5, 0x0b, 0xcd, 0x81, 0x18, 0x61, 0x18,
  0x61, 0x18, 0x61, 0x18, 0x61, 0x18, 0x61, 0x18, 0x61, 0x18, 0x61, 0x18, 0x61, 0x18, 0x61, 0x18,
  0x61, 0x18, 0x61, 0x18, 0x61, 0x18, 0x61, 0x18, 0x61, 0x18, 0x61, 0x18, 0x61, 0x18, 0x61, 0x18,
  0x61, 0x18, 0x61, 0x18, 0x61, 0x18, 0x61, 0x18, 0x61, 0x18, 0x61, 0x18, 0x61, 0x18, 0x61, 0x18,
  0x61, 0x18, 0x61, 0x18, 0x61, 0x18, 0x61, 0x18, 0x61, 0x18, 0x61, 0x18, 0x61, 0x18, 0x61, 0x18,
  0x61, 0x18, 0x61, 0x18, 0x61, 0x18, 0x61, 0x18, 0x4a, 0xb4, 0xad, 0xe5, 0xad, 0xe5, 0xad, 0xe5,
  0xad, 0xe5, 0xad, 0xe5, 0xad, 0xe5, 0xad, 0xe5, 0xad, 0xe5, 0xad, 0xe5, 0xad, 0xe5, 0xad, 0xe5,
  0xad, 0xe5, 0xad, 0xe5, 0xad, 0xe5, 0xad, 0xe5, 0xad, 0xe5, 0xad, 0xe5, 0xad, 0xe5, 0xad, 0xe5,
  0xad, 0xe5, 0xad, 0xe5, 0xad, 0xe5, 0xad, 0xe5, 0xad, 0xe5, 0xad, 0xe5, 0xad, 0xe5, 0xad, 0xe5,
  0xad, 0xe5, 0xad, 0xe5, 0xad, 0xe5, 0xad, 0xe5, 0xad, 0xe5, 0xad, 0xe5, 0xad, 0xe5, 0xad, 0xe5,
  0xad, 0xe5, 0xad, 0xe5, 0xad, 0xe5, 0xad, 0xe5, 0xad, 0xe5, 0xad, 0xe5, 0xad, 0xe5, 0xad, 0xe5,
  0xad, 0xe5, 0xad, 0xe5, 0xad, 0xe5, 0xad, 0xe5, 0xad, 0xe5, 0xad, 0xe5, 0xad, 0xe5, 0xad, 0xe5,
  0xad, 0xe5, 0xad, 0xe5, 0xad, 0xe5, 0xad, 0xe5, 0xad, 0xe5, 0xad, 0xe5, 0xad, 0xe5, 0xad, 0xe5,
  0xad, 0xe5, 0xad, 0xe5, 0xad, 0xe5, 0xad, 0xe5, 0xad, 0xe5, 0xad, 0xe5, 0xad, 0xe5, 0xad, 0xe5,
  0xad, 0xe5, 0xad, 0xe5, 0xad, 0xe5, 0xad, 0xe5, 0xad, 0xe5, 0xad, 0xe5, 0xad, 0xe5, 0xad, 0xe5,
  0xad, 0xe5, 0xad, 0xe5, 0xad, 0xe5, 0xad, 0xe5, 0xad, 0xe5, 0xad, 0xe5, 0xad, 0xe5, 0xad, 0xe5,
  0xad, 0xe5, 0xad, 0xe5, 0xad, 0xe5, 0xad, 0xe5, 0xad, 0xe5, 0xad, 0xe5, 0xad, 0xe5, 0xad, 0xe5,
  0xad, 0xe5, 0xad, 0xe5, 0xad, 0xe5, 0xad, 0xe5, 0xad, 0xe5, 0xad, 0xe5, 0xad, 0xe5, 0xad, 0xe5,
  0xad, 0xe5, 0xad, 0xe5, 0xad, 0xe5, 0xad, 0xe5, 0xad, 0xe5, 0xad, 0xe5, 0xad, 0xe5, 0xad, 0xe5,
  0xad, 0xe5, 0xad, 0xe5, 0xad, 0xe5, 0xad, 0xe5, 0xad, 0xe5, 0xad, 0xe5, 0xad, 0xe5, 0xad, 0xe5,
  0xad, 0xe5, 0xad, 0xe5, 0xad, 0xe5, 0xad, 0xe5, 0xad, 0xe5, 0xad, 0xe5, 0xad, 0xe5, 0xad, 0xe5,
  0xad, 0xe5, 0xad, 0xe5, 0xad, 0xe5, 0xad, 0xe5, 0xad, 0xe5, 0xad, 0xe5, 0x04, 0x5a, 0x61, 0x18,
  0x61, 0x18, 0x61, 0x18, 0x61, 0x18, 0x61, 0x18, 0x61, 0x18, 0x61, 0x18, 0x61, 0x18, 0x61, 0x18,
  0x61, 0x18, 0x61, 0x18, 0x61, 0x18, 0x61, 0x18, 0x61, 0x18, 0x61, 0x18, 0x61, 0x18, 0x61, 0x18,
  0x61, 0x18, 0x61, 0x18, 0x61, 0x18, 0x61, 0x18, 0x61, 0x18, 0x61, 0x18, 0x61, 0x18, 0x61, 0x18,
  0x61, 0x18, 0x61, 0x18, 0x61, 0x18, 0x61, 0x18, 0x61, 0x18, 0x61, 0x18, 0x61, 0x18, 0x61, 0x18,
  0x61, 0x18, 0x61, 0x18, 0x61, 0x18, 0xe2, 0x28, 0x8d, 0xe5, 0xad, 0xe5, 0xad, 0xe5, 0xad, 0xe5,
  0xad, 0xe5, 0xad, 0xe5, 0xad, 0xe5, 0xad, 0xe5, 0xad, 0xe5, 0xad, 0xe5, 0xad, 0xe5, 0xad, 0xe5,
  0xad, 0xe5, 0xad, 0xe5, 0xad, 0xe5, 0xad, 0xe5, 0xad, 0xe5, 0xad, 0xe5, 0xad, 0xe5, 0xad, 0xe5,
  0xad, 0xe5, 0xad, 0xe5, 0xad, 0xe5, 0xad, 0xe5, 0xad, 0xe5, 0xad, 0xe5, 0xad, 0xe5, 0xad, 0xe5,
  0xad, 0xe5, 0xad, 0xe5, 0xad, 0xe5, 0xad, 0xe5, 0xad, 0xe5, 0xad, 0xe5, 0xad, 0xe5, 0xad, 0xe5,
  0xad, 0xe5, 0xad, 0xe5, 0xad, 0xe5, 0xad, 0xe5, 0xad, 0xe5, 0xad, 0xe5, 0xad, 0xe5, 0xad, 0xe5,
  0xad, 0xe5, 0xad, 0xe5, 0xad, 0xe5, 0xad, 0xe5, 0xad, 0xe5, 0xad, 0xe5, 0xad, 0xe5, 0xad, 0xe5,
  0xad, 0xe5, 0xad, 0xe5, 0xad, 0xe5, 0xad, 0xe5, 0xad, 0xe5, 0xad, 0xe5, 0xad, 0xe5, 0xad, 0xe5,
  0xad, 0xe5, 0xad, 0xe5, 0xad, 0xe5, 0xad, 0xe5, 0xad, 0xe5, 0xad, 0xe5, 0xad, 0xe5, 0xad, 0xe5,
  0xad, 0xe5, 0xad, 0xe5, 0xad, 0xe5, 0xad, 0xe5, 0xad, 0xe5, 0xad, 0xe5, 0xad, 0xe5, 0xad, 0xe5,
  0xad, 0xe5, 0xad, 0xe5, 0xad, 0xe5, 0xad, 0xe5, 0xad, 0xe5, 0xad, 0xe5, 0xad, 0xe5, 0xad, 0xe5,
  0xad, 0xe5, 0xad, 0xe5, 0xad, 0xe5, 0xad, 0xe5, 0xad, 0xe5, 0xad, 0xe5, 0xad, 0xe5, 0xad, 0xe5,
  0xad, 0xe5, 0xad, 0xe5, 0xad, 0xe5, 0xad, 0xe5, 0xad, 0xe5, 0xad, 0xe5, 0xad, 0xe5, 0xad, 0xe5,
  0xad, 0xe5, 0xad, 0xe5, 0xad, 0xe5, 0xad, 0xe5, 0xad, 0xe5, 0xad, 0xe5, 0xad, 0xe5, 0xad, 0xe5,
  0xad, 0xe5, 0xad, 0xe5, 0xad, 0xe5, 0xad, 0xe5, 0xad, 0xe5, 0xad, 0xe5, 0xad, 0xe5, 0xad, 0xe5,
  0xad, 0xe5, 0xad, 0xe5, 0xad, 0xe5, 0xad, 0xe5, 0xad, 0xe5, 0xad, 0xe5, 0xad, 0xe5, 0xad, 0xe5,
  0xad, 0xe5, 0xad, 0xe5, 0xad, 0xe5, 0xad, 0xe5, 0xad, 0xe5, 0xad, 0xe5, 0x6a, 0xb4, 0x61, 0x18,
  0x61, 0x18, 0x61, 0x18, 0x61, 0x18, 0x61, 0x18, 0x61, 0x18, 0x61, 0x18, 0x61, 0x18, 0x61, 0x18,
  0x61, 0x18, 0x61, 0x18, 0x61, 0x18, 0x61, 0x18, 0x61, 0x18, 0x61, 0x18, 0x61, 0x18, 0x61, 0x18,
  0x61, 0x18, 0x61, 0x18, 0x61, 0x18, 0x61, 0x18, 0x61, 0x18, 0x61, 0x18, 0x61, 0x18, 0x61, 0x18,
  0x61, 0x18, 0x61, 0x18, 0x61, 0x18, 0x61, 0x18, 0x61, 0x18, 0x61, 0x18, 0x61, 0x18, 0x61, 0x18,
  0x61, 0x18, 0x61, 0x18, 0x61, 0x18, 0x45, 0x62, 0xad, 0xe5, 0xad, 0xe5, 0xad, 0xe5, 0xad, 0xe5,
  0xad, 0xe5, 0xad, 0xe5, 0xad, 0xe5, 0xad, 0xe5, 0xad, 0xe5, 0xad, 0xe5, 0xad, 0xe5, 0xad, 0xe5,
  0xad, 0xe5, 0xad, 0xe5, 0xad, 0xe5, 0xad, 0xe5, 0xad, 0xe5, 0xad, 0xe5, 0xad, 0xe5, 0xad, 0xe5,
  0xad, 0xe5, 0xad, 0xe5, 0xad, 0xe5, 0xad, 0xe5, 0xad, 0xe5, 0xad, 0xe5, 0xad, 0xe5, 0xad, 0xe5,
  0xad, 0xe5, 0xad, 0xe5, 0xad, 0xe5, 0xad, 0xe5, 0xad, 0xe5, 0xad, 0xe5, 0xad, 0xe5, 0xad, 0xe5,
  0xad, 0xe5, 0xad, 0xe5, 0xad, 0xe5, 0xad, 0xe5, 0xad, 0xe5, 0xad, 0xe5, 0xad, 0xe5, 0xad, 0xe5,
  0xad, 0xe5, 0xad, 0xe5, 0xad, 0xe5, 0xad, 0xe5, 0xad, 0xe5, 0xad, 0xe5, 0xad, 0xe5, 0xad, 0xe5,
  0xad, 0xe5, 0xad, 0xe5, 0xad, 0xe5, 0xad, 0xe5, 0xad, 0xe5, 0xad, 0xe5, 0xad, 0xe5, 0xad, 0xe5,
  0xad, 0xe5, 0xad, 0xe5, 0xad, 0xe5, 0xad, 0xe5, 0xad, 0xe5, 0xad, 0xe5, 0xad, 0xe5, 0xad, 0xe5,
  0xad, 0xe5, 0xad, 0xe5, 0xad, 0xe5, 0xad, 0xe5, 0xad, 0xe5, 0xad, 0xe5, 0xad, 0xe5, 0xad, 0xe5,
  0xad, 0xe5, 0xad, 0xe5, 0xad, 0xe5, 0xad, 0xe5, 0xad, 0xe5, 0xad, 0xe5, 0xad, 0xe5, 0xad, 0xe5,
  0xad, 0xe5, 0xad, 0xe5, 0xad, 0xe5, 0xad, 0xe5, 0xad, 0xe5, 0xad, 0xe5, 0xad, 0xe5, 0xad, 0xe5,
  0xad, 0xe5, 0xad, 0xe5, 0xad, 0xe5, 0xad, 0xe5, 0xad, 0xe5, 0xad, 0xe5, 0xad, 0xe5, 0xad, 0xe5,
  0xad, 0xe5, 0xad, 0xe5, 0xad, 0xe5, 0xad, 0xe5, 0xad, 0xe5, 0xad, 0xe5, 0xad, 0xe5, 0xad, 0xe5,
  0xad, 0xe5, 0xad, 0xe5, 0xad, 0xe5, 0xad, 0xe5, 0xad, 0xe5, 0xad, 0xe5, 0xad, 0xe5, 0xad, 0xe5,
  0xad, 0xe5, 0xad, 0xe5, 0xad, 0xe5, 0xad, 0xe5, 0xad, 0xe5, 0xad, 0xe5, 0xad, 0xe5, 0xad, 0xe5,
  0xad, 0xe5, 0xad, 0xe5, 0xad, 0xe5, 0xad, 0xe5, 0xad, 0xe5, 0xad, 0xe5, 0xad, 0xe5, 0x63, 0x39,
  0x61, 0x18, 0x61, 0x18, 0x61, 0x18, 0x61, 0x18, 0x61, 0x18, 0x61, 0x18, 0x61, 0x18, 0x61, 0x18,
  0x61, 0x18, 0x61, 0x18, 0x61, 0x18, 0x61, 0x18, 0x61, 0x18, 0x61, 0x18, 0x61, 0x18, 0x61, 0x18,
  0x61, 0x18, 0x61, 0x18, 0x61, 0x18, 0x61, 0x18, 0x61, 0x18, 0x61, 0x18, 0x61, 0x18, 0x61, 0x18,
  0x61, 0x18, 0x61, 0x18, 0x61, 0x18, 0x61, 0x18, 0x61, 0x18, 0x61, 0x18, 0x61, 0x18, 0x61, 0x18,
  0x61, 0x18, 0x61, 0x18, 0x61, 0x18, 0xc8, 0x9b, 0xad, 0xe5, 0xad, 0xe5, 0xad, 0xe5, 0xad, 0xe5,
  0xad, 0xe5, 0xad, 0xe5, 0xad, 0xe5, 0xad, 0xe5, 0xad, 0xe5, 0xad, 0xe5, 0xad, 0xe5, 0xad, 0xe5,
  0xad, 0xe5, 0xad, 0xe5, 0xad, 0xe5, 0xad, 0xe5, 0xad, 0xe5, 0xad, 0xe5, 0xad, 0xe5, 0xad, 0xe5,
  0xad, 0xe5, 0xad, 0xe5, 0xad, 0xe5, 0xad, 0xe5, 0xad, 0xe5, 0xad, 0xe5, 0xad, 0xe5, 0xad, 0xe5,
  0xad, 0xe5, 0xad, 0xe5, 0xad, 0xe5, 0xad, 0xe5, 0xad, 0xe5, 0xad, 0xe5, 0xad, 0xe5, 0xad, 0xe5,
  0xad, 0xe5, 0xad, 0xe5, 0xad, 0xe5, 0xad, 0xe5, 0xad, 0xe5, 0xad, 0xe5, 0xad, 0xe5, 0xad, 0xe5,
  0xad, 0xe5, 0xad, 0xe5, 0xad, 0xe5, 0xad, 0xe5, 0xad, 0xe5, 0xad, 0xe5, 0xad, 0xe5, 0xad, 0xe5,
  0xad, 0xe5, 0xad, 0xe5, 0xad, 0xe5, 0xad, 0xe5, 0xad, 0xe5, 0xad, 0xe5, 0xad, 0xe5, 0xad, 0xe5,
  0xad, 0xe5, 0xad, 0xe5, 0xad, 0xe5, 0xad, 0xe5, 0xad, 0xe5, 0xad, 0xe5, 0xad, 0xe5, 0xad, 0xe5,
  0xad, 0xe5, 0xad, 0xe5, 0xad, 0xe5, 0xad, 0xe5, 0xad, 0xe5, 0xad, 0xe5, 0xad, 0xe5, 0xad, 0xe5,
  0xad, 0xe5, 0xad, 0xe5, 0xad, 0xe5, 0xad, 0xe5, 0xad, 0xe5, 0xad, 0xe5, 0xad, 0xe5, 0xad, 0xe5,
  0xad, 0xe5, 0xad, 0xe5, 0xad, 0xe5, 0xad, 0xe5, 0xad, 0xe5, 0xad, 0xe5, 0xad, 0xe5, 0xad, 0xe5,
  0xad, 0xe5, 0xad, 0xe5, 0xad, 0xe5, 0xad, 0xe5, 0xad, 0xe5, 0xad, 0xe5, 0xad, 0xe5, 0xad, 0xe5,
  0xad, 0xe5, 0xad, 0xe5, 0xad, 0xe5, 0xad, 0xe5, 0xad, 0xe5, 0xad, 0xe5, 0xad, 0xe5, 0xad, 0xe5,
  0xad, 0xe5, 0xad, 0xe5, 0xad, 0xe5, 0xad, 0xe5, 0xad, 0xe5, 0xad, 0xe5, 0xad, 0xe5, 0xad, 0xe5,
  0xad, 0xe5, 0xad, 0xe5, 0xad, 0xe5, 0xad, 0xe5, 0xad, 0xe5, 0xad, 0xe5, 0xad, 0xe5, 0xad, 0xe5,
  0xad, 0xe5, 0xad, 0xe5, 0xad, 0xe5, 0xad, 0xe5, 0xad, 0xe5, 0xad, 0xe5, 0xad, 0xe5, 0x47, 0x8b,
  0x61, 0x18, 0x61, 0x18, 0x61, 0x18, 0x61, 0x18, 0x61, 0x18, 0x61, 0x18, 0x61, 0x18, 0x61, 0x18,
  0x61, 0x18, 0x61, 0x18, 0x61, 0x18, 0x61, 0x18, 0x61, 0x18, 0x61, 0x18, 0x61, 0x18, 0x61, 0x18,
  0x61, 0x18, 0x61, 0x18, 0x61, 0x18, 0x61, 0x18, 0x61, 0x18, 0x61, 0x18, 0x61, 0x18, 0x61, 0x18,
  0x61, 0x18, 0x61, 0x18, 0x61, 0x18, 0x61, 0x18, 0x61, 0x18, 0x61, 0x18, 0x61, 0x18, 0x61, 0x18,
  0x61, 0x18, 0x61, 0x18, 0x61, 0x18, 0x2c, 0xd5, 0xad, 0xe5, 0xad, 0xe5, 0xad, 0xe5, 0xad, 0xe5,
  0xad, 0xe5, 0xad, 0xe5, 0xad, 0xe5, 0xad, 0xe5, 0xad, 0xe5, 0xad, 0xe5, 0xad, 0xe5, 0xad, 0xe5,
  0xad, 0xe5, 0xad, 0xe5, 0xad, 0xe5, 0xad, 0xe5, 0xad, 0xe5, 0xad, 0xe5, 0xad, 0xe5, 0xad, 0xe5,
  0xad, 0xe5, 0xad, 0xe5, 0xad, 0xe5, 0xad, 0xe5, 0xad, 0xe5, 0xad, 0xe5, 0xad, 0xe5, 0xad, 0xe5,
  0xad, 0xe5, 0xad, 0xe5, 0xad, 0xe5, 0xad, 0xe5, 0xad, 0xe5, 0xad, 0xe5, 0xad, 0xe5, 0xad, 0xe5,
  0xad, 0xe5, 0xad, 0xe5, 0xad, 0xe5, 0xad, 0xe5, 0xad, 0xe5, 0xad, 0xe5, 0xad, 0xe5, 0xad, 0xe5,
  0xad, 0xe5, 0xad, 0xe5, 0xad, 0xe5, 0xad, 0xe5, 0xad, 0xe5, 0xad, 0xe5, 0xad, 0xe5, 0xad, 0xe5,
  0xad, 0xe5, 0xad, 0xe5, 0xad, 0xe5, 0xad, 0xe5, 0xad, 0xe5, 0xad, 0xe5, 0xad, 0xe5, 0xad, 0xe5,
  0xad, 0xe5, 0xad, 0xe5, 0xad, 0xe5, 0xad, 0xe5, 0xad, 0xe5, 0xad, 0xe5, 0xad, 0xe5, 0xad, 0xe5,
  0xad, 0xe5, 0xad, 0xe5, 0xad, 0xe5, 0xad, 0xe5, 0xad, 0xe5, 0xad, 0xe5, 0xad, 0xe5, 0xad, 0xe5,
  0xad, 0xe5, 0xad, 0xe5, 0xad, 0xe5, 0xad, 0xe5, 0xad, 0xe5, 0xad, 0xe5, 0xad, 0xe5, 0xad, 0xe5,
  0xad, 0xe5, 0xad, 0xe5, 0xad, 0xe5, 0xad, 0xe5, 0xad, 0xe5, 0xad, 0xe5, 0xad, 0xe5, 0xad, 0xe5,
  0xad, 0xe5, 0xad, 0xe5, 0xad, 0xe5, 0xad, 0xe5, 0xad, 0xe5, 0xad, 0xe5, 0xad, 0xe5, 0xad, 0xe5,
  0xad, 0xe5, 0xad, 0xe5, 0xad, 0xe5, 0xad, 0xe5, 0xad, 0xe5, 0xad, 0xe5, 0xad, 0xe5, 0xad, 0xe5,
  0xad, 0xe5, 0xad, 0xe5, 0xad, 0xe5, 0xad, 0xe5, 0xad, 0xe5, 0xad, 0xe5, 0xad, 0xe5, 0xad, 0xe5,
  0xad, 0xe5, 0xad, 0xe5, 0xad, 0xe5, 0xad, 0xe5, 0xad, 0xe5, 0xad, 0xe5, 0xad, 0xe5, 0xad, 0xe5,
  0xad, 0xe5, 0xad, 0xe5, 0xad, 0xe5, 0xad, 0xe5, 0xad, 0xe5, 0xad, 0xe5, 0xad, 0xe5, 0x4c, 0xd5,
  0x81, 0x18, 0x61, 0x18, 0x61, 0x18, 0x61, 0x18, 0x61, 0x18, 0x61, 0x18, 0x61, 0x18, 0x61, 0x18,
  0x61, 0x18, 0x61, 0x18, 0x61, 0x18, 0x61, 0x18, 0x61, 0x18, 0x61, 0x18, 0x61, 0x18, 0x61, 0x18,
  0x61, 0x18, 0x61, 0x18, 0x61, 0x18, 0x61, 0x18, 0x61, 0x18, 0x61, 0x18, 0x61, 0x18, 0x61, 0x18,
  0x61, 0x18, 0x61, 0x18, 0x61, 0x18, 0x61, 0x18, 0x61, 0x18, 0x61, 0x18, 0x61, 0x18, 0x61, 0x18,
  0x61, 0x18, 0x61, 0x18, 0x63, 0x39, 0xad, 0xe5, 0xad, 0xe5, 0xad, 0xe5, 0xad, 0xe5, 0xad, 0xe5,
  0xad, 0xe5, 0xad, 0xe5, 0xad, 0xe5, 0xad, 0xe5, 0xad, 0xe5, 0xad, 0xe5, 0xad, 0xe5, 0xad, 0xe5,
  0xad, 0xe5, 0xad, 0xe5, 0xad, 0xe5, 0xad, 0xe5, 0xad, 0xe5, 0xad, 0xe5, 0xad, 0xe5, 0xad, 0xe5,
  0xad, 0xe5, 0xad, 0xe5, 0xad, 0xe5, 0xad, 0xe5, 0xad, 0xe5, 0xad, 0xe5, 0xad, 0xe5, 0xad, 0xe5,
  0xad, 0xe5, 0xad, 0xe5, 0xad, 0xe5, 0xad, 0xe5, 0xad, 0xe5, 0xad, 0xe5, 0xad, 0xe5, 0xad, 0xe5,
  0xad, 0xe5, 0xad, 0xe5, 0xad, 0xe5, 0xad, 0xe5, 0xad, 0xe5, 0xad, 0xe5, 0xad, 0xe5, 0xad, 0xe5,
  0xad, 0xe5, 0xad, 0xe5, 0xad, 0xe5, 0xad, 0xe5, 0xad, 0xe5, 0xad, 0xe5, 0xad, 0xe5, 0xad, 0xe5,
  0xad, 0xe5, 0xad, 0xe5, 0xad, 0xe5, 0xad, 0xe5, 0xad, 0xe5, 0xad, 0xe5, 0xad, 0xe5, 0xad, 0xe5,
  0xad, 0xe5, 0xad, 0xe5, 0xad, 0xe5, 0xad, 0xe5, 0xad, 0xe5, 0xad, 0xe5, 0xad, 0xe5, 0xad, 0xe5,
  0xad, 0xe5, 0xad, 0xe5, 0xad, 0xe5, 0xad, 0xe5, 0xad, 0xe5, 0xad, 0xe5, 0xad, 0xe5, 0xad, 0xe5,
  0xad, 0xe5, 0xad, 0xe5, 0xad, 0xe5, 0xad, 0xe5, 0xad, 0xe5, 0xad, 0xe5, 0xad, 0xe5, 0xad, 0xe5,
  0xad, 0xe5, 0xad, 0xe5, 0xad, 0xe5, 0xad, 0xe5, 0xad, 0xe5, 0xad, 0xe5, 0xad, 0xe5, 0xad, 0xe5,
  0xad, 0xe5, 0xad, 0xe5, 0xad, 0xe5, 0xad, 0xe5, 0xad, 0xe5, 0xad, 0xe5, 0xad, 0xe5, 0xad, 0xe5,
  0xad, 0xe5, 0xad, 0xe5, 0xad, 0xe5, 0xad, 0xe5, 0xad, 0xe5, 0xad, 0xe5, 0xad, 0xe5, 0xad, 0xe5,
  0xad, 0xe5, 0xad, 0xe5, 0xad, 0xe5, 0xad, 0xe5, 0xad, 0xe5, 0xad, 0xe5, 0xad, 0xe5, 0xad, 0xe5,
  0xad, 0xe5, 0xad, 0xe5, 0xad, 0xe5, 0xad, 0xe5, 0xad, 0xe5, 0xad, 0xe5, 0xad, 0xe5, 0xad, 0xe5,
  0xad, 0xe5, 0xad, 0xe5, 0xad, 0xe5, 0xad, 0xe5, 0xad, 0xe5, 0xad, 0xe5, 0xad, 0xe5, 0xad, 0xe5,
  0x24, 0x5a, 0x61, 0x18, 0x61, 0x18, 0x61, 0x18, 0x61, 0x18, 0x61, 0x18, 0x61, 0x18, 0x61, 0x18,
  0x61, 0x18, 0x61, 0x18, 0x61, 0x18, 0x61, 0x18, 0x61, 0x18, 0x61, 0x18, 0x61, 0x18, 0x61, 0x18,
  0x61, 0x18, 0x61, 0x18, 0x61, 0x18, 0x61, 0x18, 0x61, 0x18, 0x61, 0x18, 0x61, 0x18, 0x61, 0x18,
  0x61, 0x18, 0x61, 0x18, 0x61, 0x18, 0x61, 0x18, 0x61, 0x18, 0x61, 0x18, 0x61, 0x18, 0x61, 0x18,
  0x61, 0x18, 0x61, 0x18, 0xa6, 0x72, 0xad, 0xe5, 0xad, 0xe5, 0xad, 0xe5, 0xad, 0xe5, 0xad, 0xe5,
  0xad, 0xe5, 0xad, 0xe5, 0xad, 0xe5, 0xad, 0xe5, 0xad, 0xe5, 0xad, 0xe5, 0xad, 0xe5, 0xad, 0xe5,
  0xad, 0xe5, 0xad, 0xe5, 0xad, 0xe5, 0xad, 0xe5, 0xad, 0xe5, 0xad, 0xe5, 0xad, 0xe5, 0xad, 0xe5,
  0xad, 0xe5, 0xad, 0xe5, 0xad, 0xe5, 0xad, 0xe5, 0xad, 0xe5, 0xad, 0xe5, 0xad, 0xe5, 0xad, 0xe5,
  0xad, 0xe5, 0xad, 0xe5, 0xad, 0xe5, 0xad, 0xe5, 0xad, 0xe5, 0xad, 0xe5, 0xad, 0xe5, 0xad, 0xe5,
  0xad, 0xe5, 0xad, 0xe5, 0xad, 0xe5, 0xad, 0xe5, 0xad, 0xe5, 0xad, 0xe5, 0xad, 0xe5, 0xad, 0xe5,
  0xad, 0xe5, 0xad, 0xe5, 0xad, 0xe5, 0xad, 0xe5, 0xad, 0xe5, 0xad, 0xe5, 0xad, 0xe5, 0xad, 0xe5,
  0xad, 0xe5, 0xad, 0xe5, 0xad, 0xe5, 0xad, 0xe5, 0xad, 0xe5, 0xad, 0xe5, 0xad, 0xe5, 0xad, 0xe5,
  0xad, 0xe5, 0xad, 0xe5, 0xad, 0xe5, 0xad, 0xe5, 0xad, 0xe5, 0xad, 0xe5, 0xad, 0xe5, 0xad, 0xe5,
  0xad, 0xe5, 0xad, 0xe5, 0xad, 0xe5, 0xad, 0xe5, 0xad, 0xe5, 0xad, 0xe5, 0xad, 0xe5, 0xad, 0xe5,
  0xad, 0xe5, 0xad, 0xe5, 0xad, 0xe5, 0xad, 0xe5, 0xad, 0xe5, 0xad, 0xe5, 0xad, 0xe5, 0xad, 0xe5,
  0xad, 0xe5, 0xad, 0xe5, 0xad, 0xe5, 0xad, 0xe5, 0xad, 0xe5, 0xad, 0xe5, 0xad, 0xe5, 0xad, 0xe5,
  0xad, 0xe5, 0xad, 0xe5, 0xad, 0xe5, 0xad, 0xe5, 0xad, 0xe5, 0xad, 0xe5, 0xad, 0xe5, 0xad, 0xe5,
  0xad, 0xe5, 0xad, 0xe5, 0xad, 0xe5, 0xad, 0xe5, 0xad, 0xe5, 0xad, 0xe5, 0xad, 0xe5, 0xad, 0xe5,
  0xad, 0xe5, 0xad, 0xe5, 0xad, 0xe5, 0xad, 0xe5, 0xad, 0xe5, 0xad, 0xe5, 0xad, 0xe5, 0xad, 0xe5,
  0xad, 0xe5, 0xad, 0xe5, 0xad, 0xe5, 0xad, 0xe5, 0xad, 0xe5, 0xad, 0xe5, 0xad, 0xe5, 0xad, 0xe5,
  0xad, 0xe5, 0xad, 0xe5, 0xad, 0xe5, 0xad, 0xe5, 0xad, 0xe5, 0xad, 0xe5, 0xad, 0xe5, 0xad, 0xe5,
  0xc9, 0x9b, 0x61, 0x18, 0x61, 0x18, 0x61, 0x18, 0x61, 0x18, 0x61, 0x18, 0x61, 0x18, 0x61, 0x18,
  0x61, 0x18, 0x61, 0x18, 0x61, 0x18, 0x61, 0x18, 0x61, 0x18, 0x61, 0x18, 0x61, 0x18, 0x61, 0x18,
  0x61, 0x18, 0x61, 0x18, 0x61, 0x18, 0x61, 0x18, 0x61, 0x18, 0x61, 0x18, 0x61, 0x18, 0x61, 0x18,
  0x61, 0x18, 0x61, 0x18, 0x61, 0x18, 0x61, 0x18, 0x61, 0x18, 0x61, 0x18, 0x61, 0x18, 0x61, 0x18,
  0x61, 0x18, 0x61, 0x18, 0xe9, 0xa3, 0xad, 0xe5, 0xad, 0xe5, 0xad, 0xe5, 0xad, 0xe5, 0xad, 0xe5,
  0xad, 0xe5, 0xad, 0xe5, 0xad, 0xe5, 0xad, 0xe5, 0xad, 0xe5, 0xad, 0xe5, 0xad, 0xe5, 0xad, 0xe5,
  0xad, 0xe5, 0xad, 0xe5, 0xad, 0xe5, 0xad, 0xe5, 0xad, 0xe5, 0xad, 0xe5, 0xad, 0xe5, 0xad, 0xe5,
  0xad, 0xe5, 0xad, 0xe5, 0xad, 0xe5, 0xad, 0xe5, 0xad, 0xe5, 0xad, 0xe5, 0xad, 0xe5, 0xad, 0xe5,
  0xad, 0xe5, 0xad, 0xe5, 0xad, 0xe5, 0xad, 0xe5, 0xad, 0xe5, 0xad, 0xe5, 0xad, 0xe5, 0xad, 0xe5,
  0xad, 0xe5, 0xad, 0xe5, 0xad, 0xe5, 0xad, 0xe5, 0xad, 0xe5, 0xad, 0xe5, 0xad, 0xe5, 0xad, 0xe5,
  0xad, 0xe5, 0xad, 0xe5, 0xad, 0xe5, 0xad, 0xe5, 0xad, 0xe5, 0xad, 0xe5, 0xad, 0xe5, 0xad, 0xe5,
  0xad, 0xe5, 0xad, 0xe5, 0xad, 0xe5, 0xad, 0xe5, 0xad, 0xe5, 0xad, 0xe5, 0xad, 0xe5, 0xad, 0xe5,
  0xad, 0xe5, 0xad, 0xe5, 0xad, 0xe5, 0xad, 0xe5, 0xad, 0xe5, 0xad, 0xe5, 0xad, 0xe5, 0xad, 0xe5,
  0xad, 0xe5, 0xad, 0xe5, 0xad, 0xe5, 0xad, 0xe5, 0xad, 0xe5, 0xad, 0xe5, 0xad, 0xe5, 0xad, 0xe5,
  0xad, 0xe5, 0xad, 0xe5, 0xad, 0xe5, 0xad, 0xe5, 0xad, 0xe5, 0xad, 0xe5, 0xad, 0xe5, 0xad, 0xe5,
  0xad, 0xe5, 0xad, 0xe5, 0xad, 0xe5, 0xad, 0xe5, 0xad, 0xe5, 0xad, 0xe5, 0xad, 0xe5, 0xad, 0xe5,
  0xad, 0xe5, 0xad, 0xe5, 0xad, 0xe5, 0xad, 0xe5, 0xad, 0xe5, 0xad, 0xe5, 0xad, 0xe5, 0xad, 0xe5,
  0xad, 0xe5, 0xad, 0xe5, 0xad, 0xe5, 0xad, 0xe5, 0xad, 0xe5, 0xad, 0xe5, 0xad, 0xe5, 0xad, 0xe5,
  0xad, 0xe5, 0xad, 0xe5, 0xad, 0xe5, 0xad, 0xe5, 0xad, 0xe5, 0xad, 0xe5, 0xad, 0xe5, 0xad, 0xe5,
  0xad, 0xe5, 0xad, 0xe5, 0xad, 0xe5, 0xad, 0xe5, 0xad, 0xe5, 0xad, 0xe5, 0xad, 0xe5, 0xad, 0xe5,
  0xad, 0xe5, 0xad, 0xe5, 0xad, 0xe5, 0xad, 0xe5, 0xad, 0xe5, 0xad, 0xe5, 0xad, 0xe5, 0xad, 0xe5,
  0x6c, 0xdd, 0xa1, 0x20, 0x61, 0x18, 0x61, 0x18, 0x61, 0x18, 0x61, 0x18, 0x61, 0x18, 0x61, 0x18,
  0x61, 0x18, 0x61, 0x18, 0x61, 0x18, 0x61, 0x18, 0x61, 0x18, 0x61, 0x18, 0x61, 0x18, 0x61, 0x18,
  0x61, 0x18, 0x61, 0x18, 0x61, 0x18, 0x61, 0x18, 0x61, 0x18, 0x61, 0x18, 0x61, 0x18, 0x61, 0x18,
  0x61, 0x18, 0x61, 0x18, 0x61, 0x18, 0x61, 0x18, 0x61, 0x18, 0x61, 0x18, 0x61, 0x18, 0x61, 0x18,
  0x61, 0x18, 0x61, 0x18, 0x0b, 0xd5, 0xad, 0xe5, 0xad, 0xe5, 0xad, 0xe5, 0xad, 0xe5, 0xad, 0xe5,
  0xad, 0xe5, 0xad, 0xe5, 0xad, 0xe5, 0xad, 0xe5, 0xad, 0xe5, 0xad, 0xe5, 0xad, 0xe5, 0xad, 0xe5,
  0xad, 0xe5, 0xad, 0xe5, 0xad, 0xe5, 0xad, 0xe5, 0xad, 0xe5, 0xad, 0xe5, 0xad, 0xe5, 0xad, 0xe5,
  0xad, 0xe5, 0xad, 0xe5, 0xad, 0xe5, 0xad, 0xe5, 0xad, 0xe5, 0xad, 0xe5, 0xad, 0xe5, 0xad, 0xe5,
  0xad, 0xe5, 0xad, 0xe5, 0xad, 0xe5, 0xad, 0xe5, 0xad, 0xe5, 0xad, 0xe5, 0xad, 0xe5, 0xad, 0xe5,
  0xad, 0xe5, 0xad, 0xe5, 0xad, 0xe5, 0xad, 0xe5, 0xad, 0xe5, 0xad, 0xe5, 0xad, 0xe5, 0xad, 0xe5,
  0xad, 0xe5, 0xad, 0xe5, 0xad, 0xe5, 0xad, 0xe5, 0xad, 0xe5, 0xad, 0xe5, 0xad, 0xe5, 0xad, 0xe5,
  0xad, 0xe5, 0xad, 0xe5, 0xad, 0xe5, 0xad, 0xe5, 0xad, 0xe5, 0xad, 0xe5, 0xad, 0xe5, 0xad, 0xe5,
  0xad, 0xe5, 0xad, 0xe5, 0xad, 0xe5, 0xad, 0xe5, 0xad, 0xe5, 0xad, 0xe5, 0xad, 0xe5, 0xad, 0xe5,
  0xad, 0xe5, 0xad, 0xe5, 0xad, 0xe5, 0xad, 0xe5, 0xad, 0xe5, 0xad, 0xe5, 0xad, 0xe5, 0xad, 0xe5,
  0xad, 0xe5, 0xad, 0xe5, 0xad, 0xe5, 0xad, 0xe5, 0xad, 0xe5, 0xad, 0xe5, 0xad, 0xe5, 0xad, 0xe5,
  0xad, 0xe5, 0xad, 0xe5, 0xad, 0xe5, 0xad, 0xe5, 0xad, 0xe5, 0xad, 0xe5, 0xad, 0xe5, 0xad, 0xe5,
  0xad, 0xe5, 0xad, 0xe5, 0xad, 0xe5, 0xad, 0xe5, 0xad, 0xe5, 0xad, 0xe5, 0xad, 0xe5, 0xad, 0xe5,
  0xad, 0xe5, 0xad, 0xe5, 0xad, 0xe5, 0xad, 0xe5, 0xad, 0xe5, 0xad, 0xe5, 0xad, 0xe5, 0xad, 0xe5,
  0xad, 0xe5, 0xad, 0xe5, 0xad, 0xe5, 0xad, 0xe5, 0xad, 0xe5, 0xad, 0xe5, 0xad, 0xe5, 0xad, 0xe5,
  0xad, 0xe5, 0xad, 0xe5, 0xad, 0xe5, 0xad, 0xe5, 0xad, 0xe5, 0xad, 0xe5, 0xad, 0xe5, 0xad, 0xe5,
  0xad, 0xe5, 0xad, 0xe5, 0xad, 0xe5, 0xad, 0xe5, 0xad, 0xe5, 0xad, 0xe5, 0xad, 0xe5, 0xad, 0xe5,
  0xad, 0xe5, 0xe4, 0x51, 0x61, 0x18, 0x61, 0x18, 0x61, 0x18, 0x61, 0x18, 0x61, 0x18, 0x61, 0x18,
  0x61, 0x18, 0x61, 0x18, 0x61, 0x18, 0x61, 0x18, 0x61, 0x18, 0x61, 0x18, 0x61, 0x18, 0x61, 0x18,
  0x61, 0x18, 0x61, 0x18, 0x61, 0x18, 0x61, 0x18, 0x61, 0x18, 0x61, 0x18, 0x61, 0x18, 0x61, 0x18,
  0x61, 0x18, 0x61, 0x18, 0x61, 0x18, 0x61, 0x18, 0x61, 0x18, 0x61, 0x18, 0x61, 0x18, 0x61, 0x18,
  0x61, 0x18, 0x02, 0x31, 0xad, 0xe5, 0xad, 0xe5, 0xad, 0xe5, 0xad, 0xe5, 0xad, 0xe5, 0xad, 0xe5,
  0xad, 0xe5, 0xad, 0xe5, 0xad, 0xe5, 0xad, 0xe5, 0xad, 0xe5, 0xad, 0xe5, 0xad, 0xe5, 0xad, 0xe5,
  0xad, 0xe5, 0xad, 0xe5, 0xad, 0xe5, 0xad, 0xe5, 0xad, 0xe5, 0xad, 0xe5, 0xad, 0xe5, 0xad, 0xe5,
  0xad, 0xe5, 0xad, 0xe5, 0xad, 0xe5, 0xad, 0xe5, 0xad, 0xe5, 0xad, 0xe5, 0xad, 0xe5, 0xad, 0xe5,
  0xad, 0xe5, 0xad, 0xe5, 0xad, 0xe5, 0xad, 0xe5, 0xad, 0xe5, 0xad, 0xe5, 0xad, 0xe5, 0xad, 0xe5,
  0xad, 0xe5, 0xad, 0xe5, 0xad, 0xe5, 0xad, 0xe5, 0xad, 0xe5, 0xad, 0xe5, 0xad, 0xe5, 0xad, 0xe5,
  0xad, 0xe5, 0xad, 0xe5, 0xad, 0xe5, 0xad, 0xe5, 0xad, 0xe5, 0xad, 0xe5, 0xad, 0xe5, 0xad, 0xe5,
  0xad, 0xe5, 0xad, 0xe5, 0xad, 0xe5, 0xad, 0xe5, 0xad, 0xe5, 0xad, 0xe5, 0xad, 0xe5, 0xad, 0xe5,
  0xad, 0xe5, 0xad, 0xe5, 0xad, 0xe5, 0xad, 0xe5, 0xad, 0xe5, 0xad, 0xe5, 0xad, 0xe5, 0xad, 0xe5,
  0xad, 0xe5, 0xad, 0xe5, 0xad, 0xe5, 0xad, 0xe5, 0xad, 0xe5, 0xad, 0xe5, 0xad, 0xe5, 0xad, 0xe5,
  0xad, 0xe5, 0xad, 0xe5, 0xad, 0xe5, 0xad, 0xe5, 0xad, 0xe5, 0xad, 0xe5, 0xad, 0xe5, 0xad, 0xe5,
  0xad, 0xe5, 0xad, 0xe5, 0xad, 0xe5, 0xad, 0xe5, 0xad, 0xe5, 0xad, 0xe5, 0xad, 0xe5, 0xad, 0xe5,
  0xad, 0xe5, 0xad, 0xe5, 0xad, 0xe5, 0xad, 0xe5, 0xad, 0xe5, 0xad, 0xe5, 0xad, 0xe5, 0xad, 0xe5,
  0xad, 0xe5, 0xad, 0xe5, 0xad, 0xe5, 0xad, 0xe5, 0xad, 0xe5, 0xad, 0xe5, 0xad, 0xe5, 0xad, 0xe5,
  0xad, 0xe5, 0xad, 0xe5, 0xad, 0xe5, 0xad, 0xe5, 0xad, 0xe5, 0xad, 0xe5, 0xad, 0xe5, 0xad, 0xe5,
  0xad, 0xe5, 0xad, 0xe5, 0xad, 0xe5, 0xad, 0xe5, 0xad, 0xe5, 0xad, 0xe5, 0xad, 0xe5, 0xad, 0xe5,
  0xad, 0xe5, 0xad, 0xe5, 0xad, 0xe5, 0xad, 0xe5, 0xad, 0xe5, 0xad, 0xe5, 0xad, 0xe5, 0xad, 0xe5,
  0xad, 0xe5, 0x88, 0x93, 0x61, 0x18, 0x61, 0x18, 0x61, 0x18, 0x61, 0x18, 0x61, 0x18, 0x61, 0x18,
  0x61, 0x18, 0x61, 0x18, 0x61, 0x18, 0x61, 0x18, 0x61, 0x18, 0x61, 0x18, 0x61, 0x18, 0x61, 0x18,
  0x61, 0x18, 0x61, 0x18, 0x61, 0x18, 0x61, 0x18, 0x61, 0x18, 0x61, 0x18, 0x61, 0x18, 0x61, 0x18,
  0x61, 0x18, 0x61, 0x18, 0x61, 0x18, 0x61, 0x18, 0x61, 0x18, 0x61, 0x18, 0x61, 0x18, 0x61, 0x18,
  0x61, 0x18, 0x45, 0x62, 0xad, 0xe5, 0xad, 0xe5, 0xad, 0xe5, 0xad, 0xe5, 0xad, 0xe5, 0xad, 0xe5,
  0xad, 0xe5, 0xad, 0xe5, 0xad, 0xe5, 0xad, 0xe5, 0xad, 0xe5, 0xad, 0xe5, 0xad, 0xe5, 0xad, 0xe5,
  0xad, 0xe5, 0xad, 0xe5, 0xad, 0xe5, 0xad, 0xe5, 0xad, 0xe5, 0xad, 0xe5, 0xad, 0xe5, 0xad, 0xe5,
  0xad, 0xe5, 0xad, 0xe5, 0xad, 0xe5, 0xad, 0xe5, 0xad, 0xe5, 0xad, 0xe5, 0xad, 0xe5, 0xad, 0xe5,
  0xad, 0xe5, 0xad, 0xe5, 0xad, 0xe5, 0xad, 0xe5, 0xad, 0xe5, 0xad, 0xe5, 0xad, 0xe5, 0xad, 0xe5,
  0xad, 0xe5, 0xad, 0xe5, 0xad, 0xe5, 0xad, 0xe5, 0xad, 0xe5, 0xad, 0xe5, 0xad, 0xe5, 0xad, 0xe5,
  0xad, 0xe5, 0xad, 0xe5, 0xad, 0xe5, 0xad, 0xe5, 0xad, 0xe5, 0xad, 0xe5, 0xad, 0xe5, 0xad, 0xe5,
  0xad, 0xe5, 0xad, 0xe5, 0xad, 0xe5, 0xad, 0xe5, 0xad, 0xe5, 0xad, 0xe5, 0xad, 0xe5, 0xad, 0xe5,
  0xad, 0xe5, 0xad, 0xe5, 0xad, 0xe5, 0xad, 0xe5, 0xad, 0xe5, 0xad, 0xe5, 0xad, 0xe5, 0xad, 0xe5,
  0xad, 0xe5, 0xad, 0xe5, 0xad, 0xe5, 0xad, 0xe5, 0xad, 0xe5, 0xad, 0xe5, 0xad, 0xe5, 0xad, 0xe5,
  0xad, 0xe5, 0xad, 0xe5, 0xad, 0xe5, 0xad, 0xe5, 0xad, 0xe5, 0xad, 0xe5, 0xad, 0xe5, 0xad, 0xe5,
  0xad, 0xe5, 0xad, 0xe5, 0xad, 0xe5, 0xad, 0xe5, 0xad, 0xe5, 0xad, 0xe5, 0xad, 0xe5, 0xad, 0xe5,
  0xad, 0xe5, 0xad, 0xe5, 0xad, 0xe5, 0xad, 0xe5, 0xad, 0xe5, 0xad, 0xe5, 0xad, 0xe5, 0xad, 0xe5,
  0xad, 0xe5, 0xad, 0xe5, 0xad, 0xe5, 0xad, 0xe5, 0xad, 0xe5, 0xad, 0xe5, 0xad, 0xe5, 0xad, 0xe5,
  0xad, 0xe5, 0xad, 0xe5, 0xad, 0xe5, 0xad, 0xe5, 0xad, 0xe5, 0xad, 0xe5, 0xad, 0xe5, 0xad, 0xe5,
  0xad, 0xe5, 0xad, 0xe5, 0xad, 0xe5, 0xad, 0xe5, 0xad, 0xe5, 0xad, 0xe5, 0xad, 0xe5, 0xad, 0xe5,
  0xad, 0xe5, 0xad, 0xe5, 0xad, 0xe5, 0xad, 0xe5, 0xad, 0xe5, 0xad, 0xe5, 0xad, 0xe5, 0xad, 0xe5,
  0xad, 0xe5, 0x2c, 0xd5, 0x81, 0x18, 0x61, 0x18, 0x61, 0x18, 0x61, 0x18, 0x61, 0x18, 0x61, 0x18,
  0x61, 0x18, 0x61, 0x18, 0x61, 0x18, 0x61, 0x18, 0x61, 0x18, 0x61, 0x18, 0x61, 0x18, 0x61, 0x18,
  0x61, 0x18, 0x61, 0x18, 0x61, 0x18, 0x61, 0x18, 0x61, 0x18, 0x61, 0x18, 0x61, 0x18, 0x61, 0x18,
  0x61, 0x18, 0x61, 0x18, 0x61, 0x18, 0x61, 0x18, 0x61, 0x18, 0x61, 0x18, 0x61, 0x18, 0x61, 0x18,
  0x61, 0x18, 0x68, 0x93, 0xad, 0xe5, 0xad, 0xe5, 0xad, 0xe5, 0xad, 0xe5, 0xad, 0xe5, 0xad, 0xe5,
  0xad, 0xe5, 0xad, 0xe5, 0xad, 0xe5, 0xad, 0xe5, 0xad, 0xe5, 0xad, 0xe5, 0xad, 0xe5, 0xad, 0xe5,
  0xad, 0xe5, 0xad, 0xe5, 0xad, 0xe5, 0xad, 0xe5, 0xad, 0xe5, 0xad, 0xe5, 0xad, 0xe5, 0xad, 0xe5,
  0xad, 0xe5, 0xad, 0xe5, 0xad, 0xe5, 0xad, 0xe5, 0xad, 0xe5, 0xad, 0xe5, 0xad, 0xe5, 0xad, 0xe5,
  0xad, 0xe5, 0xad, 0xe5, 0xad, 0xe5, 0xad, 0xe5, 0xad, 0xe5, 0xad, 0xe5, 0xad, 0xe5, 0xad, 0xe5,
  0xad, 0xe5, 0xad, 0xe5, 0xad, 0xe5, 0xad, 0xe5, 0xad, 0xe5, 0xad, 0xe5, 0xad, 0xe5, 0xad, 0xe5,
  0xad, 0xe5, 0xad, 0xe5, 0xad, 0xe5, 0xad, 0xe5, 0xad, 0xe5, 0xad, 0xe5, 0xad, 0xe5, 0xad, 0xe5,
  0xad, 0xe5, 0xad, 0xe5, 0xad, 0xe5, 0xad, 0xe5, 0xad, 0xe5, 0xad, 0xe5, 0xad, 0xe5, 0xad, 0xe5,
  0xad, 0xe5, 0xad, 0xe5, 0xad, 0xe5, 0xad, 0xe5, 0xad, 0xe5, 0xad, 0xe5, 0xad, 0xe5, 0xad, 0xe5,
  0xad, 0xe5, 0xad, 0xe5, 0xad, 0xe5, 0xad, 0xe5, 0xad, 0xe5, 0xad, 0xe5, 0xad, 0xe5, 0xad, 0xe5,
  0xad, 0xe5, 0xad, 0xe5, 0xad, 0xe5, 0xad, 0xe5, 0xad, 0xe5, 0xad, 0xe5, 0xad, 0xe5, 0xad, 0xe5,
  0xad, 0xe5, 0xad, 0xe5, 0xad, 0xe5, 0xad, 0xe5, 0xad, 0xe5, 0xad, 0xe5, 0xad, 0xe5, 0xad, 0xe5,
  0xad, 0xe5, 0xad, 0xe5, 0xad, 0xe5, 0xad, 0xe5, 0xad, 0xe5, 0xad, 0xe5, 0xad, 0xe5, 0xad, 0xe5,
  0xad, 0xe5, 0xad, 0xe5, 0xad, 0xe5, 0xad, 0xe5, 0xad, 0xe5, 0xad, 0xe5, 0xad, 0xe5, 0xad, 0xe5,
  0xad, 0xe5, 0xad, 0xe5, 0xad, 0xe5, 0xad, 0xe5, 0xad, 0xe5, 0xad, 0xe5, 0xad, 0xe5, 0xad, 0xe5,
  0xad, 0xe5, 0xad, 0xe5, 0xad, 0xe5, 0xad, 0xe5, 0xad, 0xe5, 0xad, 0xe5, 0xad, 0xe5, 0xad, 0xe5,
  0xad, 0xe5, 0xad, 0xe5, 0xad, 0xe5, 0xad, 0xe5, 0xad, 0xe5, 0xad, 0xe5, 0xad, 0xe5, 0xad, 0xe5,
  0xad, 0xe5, 0xad, 0xe5, 0xa3, 0x49, 0x61, 0x18, 0x61, 0x18, 0x61, 0x18, 0x61, 0x18, 0x61, 0x18,
  0x61, 0x18, 0x61, 0x18, 0x61, 0x18, 0x61, 0x18, 0x61, 0x18, 0x61, 0x18, 0x61, 0x18, 0x61, 0x18,
  0x61, 0x18, 0x61, 0x18, 0x61, 0x18, 0x61, 0x18, 0x61, 0x18, 0x61, 0x18, 0x61, 0x18, 0x61, 0x18,
  0x61, 0x18, 0x61, 0x18, 0x61, 0x18, 0x61, 0x18, 0x61, 0x18, 0x61, 0x18, 0x61, 0x18, 0x61, 0x18,
  0x61, 0x18, 0xab, 0xbc, 0xad, 0xe5, 0xad, 0xe5, 0xad, 0xe5, 0xad, 0xe5, 0xad, 0xe5, 0xad, 0xe5,
  0xad, 0xe5, 0xad, 0xe5, 0xad, 0xe5, 0xad, 0xe5, 0xad, 0xe5, 0xad, 0xe5, 0xad, 0xe5, 0xad, 0xe5,
  0xad, 0xe5, 0xad, 0xe5, 0xad, 0xe5, 0xad, 0xe5, 0xad, 0xe5, 0xad, 0xe5, 0xad, 0xe5, 0xad, 0xe5,
  0xad, 0xe5, 0xad, 0xe5, 0xad, 0xe5, 0xad, 0xe5, 0xad, 0xe5, 0xad, 0xe5, 0xad, 0xe5, 0xad, 0xe5,
  0xad, 0xe5, 0xad, 0xe5, 0xad, 0xe5, 0xad, 0xe5, 0xad, 0xe5, 0xad, 0xe5, 0xad, 0xe5, 0xad, 0xe5,
  0xad, 0xe5, 0xad, 0xe5, 0xad, 0xe5, 0xad, 0xe5, 0xad, 0xe5, 0xad, 0xe5, 0xad, 0xe5, 0xad, 0xe5,
  0xad, 0xe5, 0xad, 0xe5, 0xad, 0xe5, 0xad, 0xe5, 0xad, 0xe5, 0xad, 0xe5, 0xad, 0xe5, 0xad, 0xe5,
  0xad, 0xe5, 0xad, 0xe5, 0xad, 0xe5, 0xad, 0xe5, 0xad, 0xe5, 0xad, 0xe5, 0xad, 0xe5, 0xad, 0xe5,
  0xad, 0xe5, 0xad, 0xe5, 0xad, 0xe5, 0xad, 0xe5, 0xad, 0xe5, 0xad, 0xe5, 0xad, 0xe5, 0xad, 0xe5,
  0xad, 0xe5, 0xad, 0xe5, 0xad, 0xe5, 0xad, 0xe5, 0xad, 0xe5, 0xad, 0xe5, 0xad, 0xe5, 0xad, 0xe5,
  0xad, 0xe5, 0xad, 0xe5, 0xad, 0xe5, 0xad, 0xe5, 0xad, 0xe5, 0xad, 0xe5, 0xad, 0xe5, 0xad, 0xe5,
  0xad, 0xe5, 0xad, 0xe5, 0xad, 0xe5, 0xad, 0xe5, 0xad, 0xe5, 0xad, 0xe5, 0xad, 0xe5, 0xad, 0xe5,
  0xad, 0xe5, 0xad, 0xe5, 0xad, 0xe5, 0xad, 0xe5, 0xad, 0xe5, 0xad, 0xe5, 0xad, 0xe5, 0xad, 0xe5,
  0xad, 0xe5, 0xad, 0xe5, 0xad, 0xe5, 0xad, 0xe5, 0xad, 0xe5, 0xad, 0xe5, 0xad, 0xe5, 0xad, 0xe5,
  0xad, 0xe5, 0xad, 0xe5, 0xad, 0xe5, 0xad, 0xe5, 0xad, 0xe5, 0xad, 0xe5, 0xad, 0xe5, 0xad, 0xe5,
  0xad, 0xe5, 0xad, 0xe5, 0xad, 0xe5, 0xad, 0xe5, 0xad, 0xe5, 0xad, 0xe5, 0xad, 0xe5, 0xad, 0xe5,
  0xad, 0xe5, 0xad, 0xe5, 0xad, 0xe5, 0xad, 0xe5, 0xad, 0xe5, 0xad, 0xe5, 0xad, 0xe5, 0xad, 0xe5,
  0xad, 0xe5, 0xad, 0xe5, 0x47, 0x8b, 0x61, 0x18, 0x61, 0x18, 0x61, 0x18, 0x61, 0x18, 0x61, 0x18,
  0x61, 0x18, 0x61, 0x18, 0x61, 0x18, 0x61, 0x18, 0x61, 0x18, 0x61, 0x18, 0x61, 0x18, 0x61, 0x18,
  0x61, 0x18, 0x61, 0x18, 0x61, 0x18, 0x61, 0x18, 0x61, 0x18, 0x61, 0x18, 0x61, 0x18, 0x61, 0x18,
  0x61, 0x18, 0x61, 0x18, 0x61, 0x18, 0x61, 0x18, 0x61, 0x18, 0x61, 0x18, 0x61, 0x18, 0x61, 0x18,
  0xa1, 0x20, 0x8d, 0xe5, 0xad, 0xe5, 0xad, 0xe5, 0xad, 0xe5, 0xad, 0xe5, 0xad, 0xe5, 0xad, 0xe5,
  0xad, 0xe5, 0xad, 0xe5, 0xad, 0xe5, 0xad, 0xe5, 0xad, 0xe5, 0xad, 0xe5, 0xad, 0xe5, 0xad, 0xe5,
  0xad, 0xe5, 0xad, 0xe5, 0xad, 0xe5, 0xad, 0xe5, 0xad, 0xe5, 0xad, 0xe5, 0xad, 0xe5, 0xad, 0xe5,
  0xad, 0xe5, 0xad, 0xe5, 0xad, 0xe5, 0xad, 0xe5, 0xad, 0xe5, 0xad, 0xe5, 0xad, 0xe5, 0xad, 0xe5,
  0xad, 0xe5, 0xad, 0xe5, 0xad, 0xe5, 0xad, 0xe5, 0xad, 0xe5, 0xad, 0xe5, 0xad, 0xe5, 0xad, 0xe5,
  0xad, 0xe5, 0xad, 0xe5, 0xad, 0xe5, 0xad, 0xe5, 0xad, 0xe5, 0xad, 0xe5, 0xad, 0xe5, 0xad, 0xe5,
  0xad, 0xe5, 0xad, 0xe5, 0xad, 0xe5, 0xad, 0xe5, 0xad, 0xe5, 0xad, 0xe5, 0xad, 0xe5, 0xad, 0xe5,
  0xad, 0xe5, 0xad, 0xe5, 0xad, 0xe5, 0xad, 0xe5, 0xad, 0xe5, 0xad, 0xe5, 0xad, 0xe5, 0xad, 0xe5,
  0xad, 0xe5, 0xad, 0xe5, 0xad, 0xe5, 0xad, 0xe5, 0xad, 0xe5, 0xad, 0xe5, 0xad, 0xe5, 0xad, 0xe5,
  0xad, 0xe5, 0xad, 0xe5, 0xad, 0xe5, 0xad, 0xe5, 0xad, 0xe5, 0xad, 0xe5, 0xad, 0xe5, 0xad, 0xe5,
  0xad, 0xe5, 0xad, 0xe5, 0xad, 0xe5, 0xad, 0xe5, 0xad, 0xe5, 0xad, 0xe5, 0xad, 0xe5, 0xad, 0xe5,
  0xad, 0xe5, 0xad, 0xe5, 0xad, 0xe5, 0xad, 0xe5, 0xad, 0xe5, 0xad, 0xe5, 0xad, 0xe5, 0xad, 0xe5,
  0xad, 0xe5, 0xad, 0xe5, 0xad, 0xe5, 0xad, 0xe5, 0xad, 0xe5, 0xad, 0xe5, 0xad, 0xe5, 0xad, 0xe5,
  0xad, 0xe5, 0xad, 0xe5, 0xad, 0xe5, 0xad, 0xe5, 0xad, 0xe5, 0xad, 0xe5, 0xad, 0xe5, 0xad, 0xe5,
  0xad, 0xe5, 0xad, 0xe5, 0xad, 0xe5, 0xad, 0xe5, 0xad, 0xe5, 0xad, 0xe5, 0xad, 0xe5, 0xad, 0xe5,
  0xad, 0xe5, 0xad, 0xe5, 0xad, 0xe5, 0xad, 0xe5, 0xad, 0xe5, 0xad, 0xe5, 0xad, 0xe5, 0xad, 0xe5,
  0xad, 0xe5, 0xad, 0xe5, 0xad, 0xe5, 0xad, 0xe5, 0xad, 0xe5, 0xad, 0xe5, 0xad, 0xe5, 0xad, 0xe5,
  0xad, 0xe5, 0xad, 0xe5, 0xab, 0xc4, 0x61, 0x18, 0x61, 0x18, 0x61, 0x18, 0x61, 0x18, 0x61, 0x18,
  0x61, 0x18, 0x61, 0x18, 0x61, 0x18, 0x61, 0x18, 0x61, 0x18, 0x61, 0x18, 0x61, 0x18, 0x61, 0x18,
  0x61, 0x18, 0x61, 0x18, 0x61, 0x18, 0x61, 0x18, 0x61, 0x18, 0x61, 0x18, 0x61, 0x18, 0x61, 0x18,
  0x61, 0x18, 0x61, 0x18, 0x61, 0x18, 0x61, 0x18, 0x61, 0x18, 0x61, 0x18, 0x61, 0x18, 0x61, 0x18,
  0xc4, 0x49, 0xad, 0xe5, 0xad, 0xe5, 0xad, 0xe5, 0xad, 0xe5, 0xad, 0xe5, 0xad, 0xe5, 0xad, 0xe5,
  0xad, 0xe5, 0xad, 0xe5, 0xad, 0xe5, 0xad, 0xe5, 0xad, 0xe5, 0xad, 0xe5, 0xad, 0xe5, 0xad, 0xe5,
  0xad, 0xe5, 0xad, 0xe5, 0xad, 0xe5, 0xad, 0xe5, 0xad, 0xe5, 0xad, 0xe5, 0xad, 0xe5, 0xad, 0xe5,
  0xad, 0xe5, 0xad, 0xe5, 0xad, 0xe5, 0xad, 0xe5, 0xad, 0xe5, 0xad, 0xe5, 0xad, 0xe5, 0xad, 0xe5,
  0xad, 0xe5, 0xad, 0xe5, 0xad, 0xe5, 0xad, 0xe5, 0xad, 0xe5, 0xad, 0xe5, 0xad, 0xe5, 0xad, 0xe5,
  0xad, 0xe5, 0xad, 0xe5, 0xad, 0xe5, 0xad, 0xe5, 0xad, 0xe5, 0xad, 0xe5, 0xad, 0xe5, 0xad, 0xe5,
  0xad, 0xe5, 0xad, 0xe5, 0xad, 0xe5, 0xad, 0xe5, 0xad, 0xe5, 0xad, 0xe5, 0xad, 0xe5, 0xad, 0xe5,
  0xad, 0xe5, 0xad, 0xe5, 0xad, 0xe5, 0xad, 0xe5, 0xad, 0xe5, 0xad, 0xe5, 0xad, 0xe5, 0xad, 0xe5,
  0xad, 0xe5, 0xad, 0xe5, 0xad, 0xe5, 0xad, 0xe5, 0xad, 0xe5, 0xad, 0xe5, 0xad, 0xe5, 0xad, 0xe5,
  0xad, 0xe5, 0xad, 0xe5, 0xad, 0xe5, 0xad, 0xe5, 0xad, 0xe5, 0xad, 0xe5, 0xad, 0xe5, 0xad, 0xe5,
  0xad, 0xe5, 0xad, 0xe5, 0xad, 0xe5, 0xad, 0xe5, 0xad, 0xe5, 0xad, 0xe5, 0xad, 0xe5, 0xad, 0xe5,
  0xad, 0xe5, 0xad, 0xe5, 0xad, 0xe5, 0xad, 0xe5, 0xad, 0xe5, 0xad, 0xe5, 0xad, 0xe5, 0xad, 0xe5,
  0xad, 0xe5, 0xad, 0xe5, 0xad, 0xe5, 0xad, 0xe5, 0xad, 0xe5, 0xad, 0xe5, 0xad, 0xe5, 0xad, 0xe5,
  0xad, 0xe5, 0xad, 0xe5, 0xad, 0xe5, 0xad, 0xe5, 0xad, 0xe5, 0xad, 0xe5, 0xad, 0xe5, 0xad, 0xe5,
  0xad, 0xe5, 0xad, 0xe5, 0xad, 0xe5, 0xad, 0xe5, 0xad, 0xe5, 0xad, 0xe5, 0xad, 0xe5, 0xad, 0xe5,
  0xad, 0xe5, 0xad, 0xe5, 0xad, 0xe5, 0xad, 0xe5, 0xad, 0xe5, 0xad, 0xe5, 0xad, 0xe5, 0xad, 0xe5,
  0xad, 0xe5, 0xad, 0xe5, 0xad, 0xe5, 0xad, 0xe5, 0xad, 0xe5, 0xad, 0xe5, 0xad, 0xe5, 0xad, 0xe5,
  0xad, 0xe5, 0xad, 0xe5, 0xad, 0xe5, 0xc1, 0x28, 0x61, 0x18, 0x61, 0x18, 0x61, 0x18, 0x61, 0x18,
  0x61, 0x18, 0x61, 0x18, 0x61, 0x18, 0x61, 0x18, 0x61, 0x18, 0x61, 0x18, 0x61, 0x18, 0x61, 0x18,
  0x61, 0x18, 0x61, 0x18, 0x61, 0x18, 0x61, 0x18, 0x61, 0x18, 0x61, 0x18, 0x61, 0x18, 0x61, 0x18,
  0x61, 0x18, 0x61, 0x18, 0x61, 0x18, 0x61, 0x18, 0x61, 0x18, 0x61, 0x18, 0x61, 0x18, 0x61, 0x18,
  0xe6, 0x7a, 0xad, 0xe5, 0xad, 0xe5, 0xad, 0xe5, 0xad, 0xe5, 0xad, 0xe5, 0xad, 0xe5, 0xad, 0xe5,
  0xad, 0xe5, 0xad, 0xe5, 0xad, 0xe5, 0xad, 0xe5, 0xad, 0xe5, 0xad, 0xe5, 0xad, 0xe5, 0xad, 0xe5,
  0xad, 0xe5, 0xad, 0xe5, 0xad, 0xe5, 0xad, 0xe5, 0xad, 0xe5, 0xad, 0xe5, 0xad, 0xe5, 0xad, 0xe5,
  0xad, 0xe5, 0xad, 0xe5, 0xad, 0xe5, 0xad, 0xe5, 0xad, 0xe5, 0xad, 0xe5, 0xad, 0xe5, 0xad, 0xe5,
  0xad, 0xe5, 0xad, 0xe5, 0xad, 0xe5, 0xad, 0xe5, 0xad, 0xe5, 0xad, 0xe5, 0xad, 0xe5, 0xad, 0xe5,
  0xad, 0xe5, 0xad, 0xe5, 0xad, 0xe5, 0xad, 0xe5, 0xad, 0xe5, 0xad, 0xe5, 0xad, 0xe5, 0xad, 0xe5,
  0xad, 0xe5, 0xad, 0xe5, 0xad, 0xe5, 0xad, 0xe5, 0xad, 0xe5, 0xad, 0xe5, 0xad, 0xe5, 0xad, 0xe5,
  0xad, 0xe5, 0xad, 0xe5, 0xad, 0xe5, 0xad, 0xe5, 0xad, 0xe5, 0xad, 0xe5, 0xad, 0xe5, 0xad, 0xe5,
  0xad, 0xe5, 0xad, 0xe5, 0xad, 0xe5, 0xad, 0xe5, 0xad, 0xe5, 0xad, 0xe5, 0xad, 0xe5, 0xad, 0xe5,
  0xad, 0xe5, 0xad, 0xe5, 0xad, 0xe5, 0xad, 0xe5, 0xad, 0xe5, 0xad, 0xe5, 0xad, 0xe5, 0xad, 0xe5,
  0xad, 0xe5, 0xad, 0xe5, 0xad, 0xe5, 0xad, 0xe5, 0xad, 0xe5, 0xad, 0xe5, 0xad, 0xe5, 0xad, 0xe5,
  0xad, 0xe5, 0xad, 0xe5, 0xad, 0xe5, 0xad, 0xe5, 0xad, 0xe5, 0xad, 0xe5, 0xad, 0xe5, 0xad, 0xe5,
  0xad, 0xe5, 0xad, 0xe5, 0xad, 0xe5, 0xad, 0xe5, 0xad, 0xe5, 0xad, 0xe5, 0xad, 0xe5, 0xad, 0xe5,
  0xad, 0xe5, 0xad, 0xe5, 0xad, 0xe5, 0xad, 0xe5, 0xad, 0xe5, 0xad, 0xe5, 0xad, 0xe5, 0xad, 0xe5,
  0xad, 0xe5, 0xad, 0xe5, 0xad, 0xe5, 0xad, 0xe5, 0xad, 0xe5, 0xad, 0xe5, 0xad, 0xe5, 0xad, 0xe5,
  0xad, 0xe5, 0xad, 0xe5, 0xad, 0xe5, 0xad, 0xe5, 0xad, 0xe5, 0xad, 0xe5, 0xad, 0xe5, 0xad, 0xe5,
  0xad, 0xe5, 0xad, 0xe5, 0xad, 0xe5, 0xad, 0xe5, 0xad, 0xe5, 0xad, 0xe5, 0xad, 0xe5, 0xad, 0xe5,
  0xad, 0xe5, 0xad, 0xe5, 0xad, 0xe5, 0x04, 0x5a, 0x61, 0x18, 0x61, 0x18, 0x61, 0x18, 0x61, 0x18,
  0x61, 0x18, 0x61, 0x18, 0x61, 0x18, 0x61, 0x18, 0x61, 0x18, 0x61, 0x18, 0x61, 0x18, 0x61, 0x18,
  0x61, 0x18, 0x61, 0x18, 0x61, 0x18, 0x61, 0x18, 0x61, 0x18, 0x61, 0x18, 0x61, 0x18, 0x61, 0x18,
  0x61, 0x18, 0x61, 0x18, 0x61, 0x18, 0x61, 0x18, 0x61, 0x18, 0x61, 0x18, 0x61, 0x18, 0x61, 0x18,
  0x09, 0xa4, 0xad, 0xe5, 0xad, 0xe5, 0xad, 0xe5, 0xad, 0xe5, 0xad, 0xe5, 0xad, 0xe5, 0xad, 0xe5,
  0xad, 0xe5, 0xad, 0xe5, 0xad, 0xe5, 0xad, 0xe5, 0xad, 0xe5, 0xad, 0xe5, 0xad, 0xe5, 0xad, 0xe5,
  0xad, 0xe5, 0xad, 0xe5, 0xad, 0xe5, 0xad, 0xe5, 0xad, 0xe5, 0xad, 0xe5, 0xad, 0xe5, 0xad, 0xe5,
  0xad, 0xe5, 0xad, 0xe5, 0xad, 0xe5, 0xad, 0xe5, 0xad, 0xe5, 0xad, 0xe5, 0xad, 0xe5, 0xad, 0xe5,
  0xad, 0xe5, 0xad, 0xe5, 0xad, 0xe5, 0xad, 0xe5, 0xad, 0xe5, 0xad, 0xe5, 0xad, 0xe5, 0xad, 0xe5,
  0xad, 0xe5, 0xad, 0xe5, 0xad, 0xe5, 0xad, 0xe5, 0xad, 0xe5, 0xad, 0xe5, 0xad, 0xe5, 0xad, 0xe5,
  0xad, 0xe5, 0xad, 0xe5, 0xad, 0xe5, 0xad, 0xe5, 0xad, 0xe5, 0xad, 0xe5, 0xad, 0xe5, 0xad, 0xe5,
  0xad, 0xe5, 0xad, 0xe5, 0xad, 0xe5, 0xad, 0xe5, 0xad, 0xe5, 0xad, 0xe5, 0xad, 0xe5, 0xad, 0xe5,
  0xad, 0xe5, 0xad, 0xe5, 0xad, 0xe5, 0xad, 0xe5, 0xad, 0xe5, 0xad, 0xe5, 0xad, 0xe5, 0xad, 0xe5,
  0xad, 0xe5, 0xad, 0xe5, 0xad, 0xe5, 0xad, 0xe5, 0xad, 0xe5, 0xad, 0xe5, 0xad, 0xe5, 0xad, 0xe5,
  0xad, 0xe5, 0xad, 0xe5, 0xad, 0xe5, 0xad, 0xe5, 0xad, 0xe5, 0xad, 0xe5, 0x2c, 0xd5, 0xeb, 0xcc,
  0xcb, 0xc4, 0x6c, 0xdd, 0xad, 0xe5, 0xad, 0xe5, 0xad, 0xe5, 0xad, 0xe5, 0xad, 0xe5, 0xad, 0xe5,
  0xad, 0xe5, 0xad, 0xe5, 0xad, 0xe5, 0xad, 0xe5, 0xad, 0xe5, 0xad, 0xe5, 0xad, 0xe5, 0xad, 0xe5,
  0xad, 0xe5, 0xad, 0xe5, 0xad, 0xe5, 0xad, 0xe5, 0xad, 0xe5, 0xad, 0xe5, 0xad, 0xe5, 0xad, 0xe5,
  0xad, 0xe5, 0xad, 0xe5, 0xad, 0xe5, 0xad, 0xe5, 0xad, 0xe5, 0xad, 0xe5, 0xad, 0xe5, 0xad, 0xe5,
  0xad, 0xe5, 0xad, 0xe5, 0xad, 0xe5, 0xad, 0xe5, 0xad, 0xe5, 0xad, 0xe5, 0xad, 0xe5, 0xad, 0xe5,
  0xad, 0xe5, 0xad, 0xe5, 0xad, 0xe5, 0xad, 0xe5, 0xad, 0xe5, 0xad, 0xe5, 0xad, 0xe5, 0xad, 0xe5,
  0xad, 0xe5, 0xad, 0xe5, 0xad, 0xe5, 0x67, 0x8b, 0x61, 0x18, 0x61, 0x18, 0x61, 0x18, 0x61, 0x18,
  0x61, 0x18, 0x61, 0x18, 0x61, 0x18, 0x61, 0x18, 0x61, 0x18, 0x61, 0x18, 0x61, 0x18, 0x61, 0x18,
  0x61, 0x18, 0x61, 0x18, 0x61, 0x18, 0x61, 0x18, 0x61, 0x18, 0x61, 0x18, 0x61, 0x18, 0x61, 0x18,
  0x61, 0x18, 0x61, 0x18, 0x61, 0x18, 0x61, 0x18, 0x61, 0x18, 0x61, 0x18, 0x61, 0x18, 0x61, 0x18,
  0x2c, 0xd5, 0xad, 0xe5, 0xad, 0xe5, 0xad, 0xe5, 0xad, 0xe5, 0xad, 0xe5, 0xad, 0xe5, 0xad, 0xe5,
  0xad, 0xe5, 0xad, 0xe5, 0xad, 0xe5, 0xad, 0xe5, 0xad, 0xe5, 0xad, 0xe5, 0xad, 0xe5, 0xad, 0xe5,
  0xad, 0xe5, 0xad, 0xe5, 0xad, 0xe5, 0xad, 0xe5, 0xad, 0xe5, 0xad, 0xe5, 0xad, 0xe5, 0xad, 0xe5,
  0xad, 0xe5, 0xad, 0xe5, 0xad, 0xe5, 0xad, 0xe5, 0xad, 0xe5, 0xad, 0xe5, 0xad, 0xe5, 0xad, 0xe5,
  0xad, 0xe5, 0xad, 0xe5, 0xad, 0xe5, 0xad, 0xe5, 0xad, 0xe5, 0xad, 0xe5, 0xad, 0xe5, 0xad, 0xe5,
  0xad, 0xe5, 0xad, 0xe5, 0xad, 0xe5, 0xad, 0xe5, 0xad, 0xe5, 0xad, 0xe5, 0xad, 0xe5, 0xad, 0xe5,
  0xad, 0xe5, 0xad, 0xe5, 0xad, 0xe5, 0xad, 0xe5, 0xad, 0xe5, 0xad, 0xe5, 0xad, 0xe5, 0xad, 0xe5,
  0xad, 0xe5, 0xad, 0xe5, 0xad, 0xe5, 0xad, 0xe5, 0xad, 0xe5, 0xad, 0xe5, 0xad, 0xe5, 0xad, 0xe5,
  0xad, 0xe5, 0xad, 0xe5, 0xad, 0xe5, 0xad, 0xe5, 0xad, 0xe5, 0xad, 0xe5, 0xad, 0xe5, 0xad, 0xe5,
  0xad, 0xe5, 0xad, 0xe5, 0xad, 0xe5, 0xad, 0xe5, 0xad, 0xe5, 0xad, 0xe5, 0xad, 0xe5, 0xad, 0xe5,
  0xad, 0xe5, 0xad, 0xe5, 0x6c, 0xdd, 0xc9, 0x9b, 0x04, 0x52, 0xc1, 0x28, 0x61, 0x18, 0x61, 0x18,
  0x61, 0x18, 0x61, 0x18, 0xe2, 0x28, 0x25, 0x5a, 0xc8, 0x9b, 0x6c, 0xdd, 0xad, 0xe5, 0xad, 0xe5,
  0xad, 0xe5, 0xad, 0xe5, 0xad, 0xe5, 0xad, 0xe5, 0xad, 0xe5, 0xad, 0xe5, 0xad, 0xe5, 0xad, 0xe5,
  0xad, 0xe5, 0xad, 0xe5, 0xad, 0xe5, 0xad, 0xe5, 0xad, 0xe5, 0xad, 0xe5, 0xad, 0xe5, 0xad, 0xe5,
  0xad, 0xe5, 0xad, 0xe5, 0xad, 0xe5, 0xad, 0xe5, 0xad, 0xe5, 0xad, 0xe5, 0xad, 0xe5, 0xad, 0xe5,
  0xad, 0xe5, 0xad, 0xe5, 0xad, 0xe5, 0xad, 0xe5, 0xad, 0xe5, 0xad, 0xe5, 0xad, 0xe5, 0xad, 0xe5,
  0xad, 0xe5, 0xad, 0xe5, 0xad, 0xe5, 0xad, 0xe5, 0xad, 0xe5, 0xad, 0xe5, 0xad, 0xe5, 0xad, 0xe5,
  0xad, 0xe5, 0xad, 0xe5, 0xad, 0xe5, 0xaa, 0xc4, 0x61, 0x18, 0x61, 0x18, 0x61, 0x18, 0x61, 0x18,
  0x61, 0x18, 0x61, 0x18, 0x61, 0x18, 0x61, 0x18, 0x61, 0x18, 0x61, 0x18, 0x61, 0x18, 0x61, 0x18,
  0x61, 0x18, 0x61, 0x18, 0x61, 0x18, 0x61, 0x18, 0x61, 0x18, 0x61, 0x18, 0x61, 0x18, 0x61, 0x18,
  0x61, 0x18, 0x61, 0x18, 0x61, 0x18, 0x61, 0x18, 0x61, 0x18, 0x61, 0x18, 0x61, 0x18, 0x02, 0x31,
  0xad, 0xe5, 0xad, 0xe5, 0xad, 0xe5, 0xad, 0xe5, 0xad, 0xe5, 0xad, 0xe5, 0xad, 0xe5, 0xad, 0xe5,
  0xad, 0xe5, 0xad, 0xe5, 0xad, 0xe5, 0xad, 0xe5, 0xad, 0xe5, 0xad, 0xe5, 0xad, 0xe5, 0xad, 0xe5,
  0xad, 0xe5, 0xad, 0xe5, 0xad, 0xe5, 0xad, 0xe5, 0xad, 0xe5, 0xad, 0xe5, 0xad, 0xe5, 0xad, 0xe5,
  0xad, 0xe5, 0xad, 0xe5, 0xad, 0xe5, 0xad, 0xe5, 0xad, 0xe5, 0xad, 0xe5, 0xad, 0xe5, 0xad, 0xe5,
  0xad, 0xe5, 0xad, 0xe5, 0xad, 0xe5, 0xad, 0xe5, 0xad, 0xe5, 0xad, 0xe5, 0xad, 0xe5, 0xad, 0xe5,
  0xad, 0xe5, 0xad, 0xe5, 0xad, 0xe5, 0xad, 0xe5, 0xad, 0xe5, 0xad, 0xe5, 0xad, 0xe5, 0xad, 0xe5,
  0xad, 0xe5, 0xad, 0xe5, 0xad, 0xe5, 0xad, 0xe5, 0xad, 0xe5, 0xad, 0xe5, 0xad, 0xe5, 0xad, 0xe5,
  0xad, 0xe5, 0xad, 0xe5, 0xad, 0xe5, 0xad, 0xe5, 0xad, 0xe5, 0xad, 0xe5, 0xad, 0xe5, 0xad, 0xe5,
  0xad, 0xe5, 0xad, 0xe5, 0xad, 0xe5, 0xad, 0xe5, 0xad, 0xe5, 0xad, 0xe5, 0xad, 0xe5, 0xad, 0xe5,
  0xad, 0xe5, 0xad, 0xe5, 0xad, 0xe5, 0xad, 0xe5, 0xad, 0xe5, 0xad, 0xe5, 0xad, 0xe5, 0xad, 0xe5,
  0x8c, 0xe5, 0x47, 0x83, 0xe2, 0x28, 0x61, 0x18, 0x61, 0x18, 0x61, 0x18, 0x61, 0x18, 0x61, 0x18,
  0x61, 0x18, 0x61, 0x18, 0x61, 0x18, 0x61, 0x18, 0x61, 0x18, 0xa1, 0x20, 0xe7, 0x7a, 0x4c, 0xdd,
  0xad, 0xe5, 0xad, 0xe5, 0xad, 0xe5, 0xad, 0xe5, 0xad, 0xe5, 0xad, 0xe5, 0xad, 0xe5, 0xad, 0xe5,
  0xad, 0xe5, 0xad, 0xe5, 0xad, 0xe5, 0xad, 0xe5, 0xad, 0xe5, 0xad, 0xe5, 0xad, 0xe5, 0xad, 0xe5,
  0xad, 0xe5, 0xad, 0xe5, 0xad, 0xe5, 0xad, 0xe5, 0xad, 0xe5, 0xad, 0xe5, 0xad, 0xe5, 0xad, 0xe5,
  0xad, 0xe5, 0xad, 0xe5, 0xad, 0xe5, 0xad, 0xe5, 0xad, 0xe5, 0xad, 0xe5, 0xad, 0xe5, 0xad, 0xe5,
  0xad, 0xe5, 0xad, 0xe5, 0xad, 0xe5, 0xad, 0xe5, 0xad, 0xe5, 0xad, 0xe5, 0xad, 0xe5, 0xad, 0xe5,
  0xad, 0xe5, 0xad, 0xe5, 0xad, 0xe5, 0xad, 0xe5, 0xc1, 0x28, 0x61, 0x18, 0x61, 0x18, 0x61, 0x18,
  0x61, 0x18, 0x61, 0x18, 0x61, 0x18, 0x61, 0x18, 0x61, 0x18, 0x61, 0x18, 0x61, 0x18, 0x61, 0x18,
  0x61, 0x18, 0x61, 0x18, 0x61, 0x18, 0x61, 0x18, 0x61, 0x18, 0x61, 0x18, 0x61, 0x18, 0x61, 0x18,
  0x61, 0x18, 0x61, 0x18, 0x61, 0x18, 0x61, 0x18, 0x61, 0x18, 0x61, 0x18, 0x61, 0x18, 0x25, 0x5a,
  0xad, 0xe5, 0xad, 0xe5, 0xad, 0xe5, 0xad, 0xe5, 0xad, 0xe5, 0xad, 0xe5, 0xad, 0xe5, 0xad, 0xe5,
  0xad, 0xe5, 0xad, 0xe5, 0xad, 0xe5, 0xad, 0xe5, 0xad, 0xe5, 0xad, 0xe5, 0xad, 0xe5, 0xad, 0xe5,
  0xad, 0xe5, 0xad, 0xe5, 0xad, 0xe5, 0xad, 0xe5, 0xad, 0xe5, 0xad, 0xe5, 0xad, 0xe5, 0xad, 0xe5,
  0xad, 0xe5, 0xad, 0xe5, 0xad, 0xe5, 0xad, 0xe5, 0xad, 0xe5, 0xad, 0xe5, 0xad, 0xe5, 0xad, 0xe5,
  0xad, 0xe5, 0xad, 0xe5, 0xad, 0xe5, 0xad, 0xe5, 0xad, 0xe5, 0xad, 0xe5, 0xad, 0xe5, 0xad, 0xe5,
  0xad, 0xe5, 0xad, 0xe5, 0xad, 0xe5, 0xad, 0xe5, 0xad, 0xe5, 0xad, 0xe5, 0xad, 0xe5, 0xad, 0xe5,
  0xad, 0xe5, 0xad, 0xe5, 0xad, 0xe5, 0xad, 0xe5, 0xad, 0xe5, 0xad, 0xe5, 0xad, 0xe5, 0xad, 0xe5,
  0xad, 0xe5, 0xad, 0xe5, 0xad, 0xe5, 0xad, 0xe5, 0xad, 0xe5, 0xad, 0xe5, 0xad, 0xe5, 0xad, 0xe5,
  0xad, 0xe5, 0xad, 0xe5, 0xad, 0xe5, 0xad, 0xe5, 0xad, 0xe5, 0xad, 0xe5, 0xad, 0xe5, 0xad, 0xe5,
  0xad, 0xe5, 0xad, 0xe5, 0xad, 0xe5, 0xad, 0xe5, 0xad, 0xe5, 0xad, 0xe5, 0xad, 0xe5, 0xab, 0xc4,
  0x22, 0x39, 0x61, 0x18, 0x61, 0x18, 0x61, 0x18, 0x61, 0x18, 0x61, 0x18, 0x61, 0x18, 0x61, 0x18,
  0x61, 0x18, 0x61, 0x18, 0x61, 0x18, 0x61, 0x18, 0x61, 0x18, 0x61, 0x18, 0x61, 0x18, 0xe2, 0x28,
  0x09, 0xa4, 0xad, 0xe5, 0xad, 0xe5, 0xad, 0xe5, 0xad, 0xe5, 0xad, 0xe5, 0xad, 0xe5, 0xad, 0xe5,
  0xad, 0xe5, 0xad, 0xe5, 0xad, 0xe5, 0xad, 0xe5, 0xad, 0xe5, 0xad, 0xe5, 0xad, 0xe5, 0xad, 0xe5,
  0xad, 0xe5, 0xad, 0xe5, 0xad, 0xe5, 0xad, 0xe5, 0xad, 0xe5, 0xad, 0xe5, 0xad, 0xe5, 0xad, 0xe5,
  0xad, 0xe5, 0xad, 0xe5, 0xad, 0xe5, 0xad, 0xe5, 0xad, 0xe5, 0xad, 0xe5, 0xad, 0xe5, 0xad, 0xe5,
  0xad, 0xe5, 0xad, 0xe5, 0xad, 0xe5, 0xad, 0xe5, 0xad, 0xe5, 0xad, 0xe5, 0xad, 0xe5, 0xad, 0xe5,
  0xad, 0xe5, 0xad, 0xe5, 0xad, 0xe5, 0xad, 0xe5, 0x04, 0x5a, 0x61, 0x18, 0x61, 0x18, 0x61, 0x18,
  0x61, 0x18, 0x61, 0x18, 0x61, 0x18, 0x61, 0x18, 0x61, 0x18, 0x61, 0x18, 0x61, 0x18, 0x61, 0x18,
  0x61, 0x18, 0x61, 0x18, 0x61, 0x18, 0x61, 0x18, 0x61, 0x18, 0x61, 0x18, 0x61, 0x18, 0x61, 0x18,
  0x61, 0x18, 0x61, 0x18, 0x61, 0x18, 0x61, 0x18, 0x61, 0x18, 0x61, 0x18, 0x61, 0x18, 0x47, 0x8b,
  0xad, 0xe5, 0xad, 0xe5, 0xad, 0xe5, 0xad, 0xe5, 0xad, 0xe5, 0xad, 0xe5, 0xad, 0xe5, 0xad, 0xe5,
  0xad, 0xe5, 0xad, 0xe5, 0xad, 0xe5, 0xad, 0xe5, 0xad, 0xe5, 0xad, 0xe5, 0xad, 0xe5, 0xad, 0xe5,
  0xad, 0xe5, 0xad, 0xe5, 0xad, 0xe5, 0xad, 0xe5, 0xad, 0xe5, 0xad, 0xe5, 0xad, 0xe5, 0xad, 0xe5,
  0xad, 0xe5, 0xad, 0xe5, 0xad, 0xe5, 0xad, 0xe5, 0xad, 0xe5, 0xad, 0xe5, 0xad, 0xe5, 0xad, 0xe5,
  0xad, 0xe5, 0xad, 0xe5, 0xad, 0xe5, 0xad, 0xe5, 0xad, 0xe5, 0xad, 0xe5, 0xad, 0xe5, 0xad, 0xe5,
  0xad, 0xe5, 0xad, 0xe5, 0xad, 0xe5, 0xad, 0xe5, 0xad, 0xe5, 0xad, 0xe5, 0xad, 0xe5, 0xad, 0xe5,
  0xad, 0xe5, 0xad, 0xe5, 0xad, 0xe5, 0xad, 0xe5, 0xad, 0xe5, 0xad, 0xe5, 0xad, 0xe5, 0xad, 0xe5,
  0xad, 0xe5, 0xad, 0xe5, 0xad, 0xe5, 0xad, 0xe5, 0xad, 0xe5, 0xad, 0xe5, 0xad, 0xe5, 0xad, 0xe5,
  0xad, 0xe5, 0xad, 0xe5, 0xad, 0xe5, 0xad, 0xe5, 0xad, 0xe5, 0xad, 0xe5, 0xad, 0xe5, 0xad, 0xe5,
  0xad, 0xe5, 0xad, 0xe5, 0xad, 0xe5, 0xad, 0xe5, 0xad, 0xe5, 0xad, 0xe5, 0x09, 0xa4, 0xa1, 0x20,
  0x61, 0x18, 0x61, 0x18, 0x61, 0x18, 0x61, 0x18, 0x61, 0x18, 0x61, 0x18, 0x61, 0x18, 0x61, 0x18,
  0x61, 0x18, 0x61, 0x18, 0x61, 0x18, 0x61, 0x18, 0x61, 0x18, 0x61, 0x18, 0x61, 0x18, 0x61, 0x18,
  0x61, 0x18, 0x86, 0x6a, 0x8d, 0xe5, 0xad, 0xe5, 0xad, 0xe5, 0xad, 0xe5, 0xad, 0xe5, 0xad, 0xe5,
  0xad, 0xe5, 0xad, 0xe5, 0xad, 0xe5, 0xad, 0xe5, 0xad, 0xe5, 0xad, 0xe5, 0xad, 0xe5, 0xad, 0xe5,
  0xad, 0xe5, 0xad, 0xe5, 0xad, 0xe5, 0xad, 0xe5, 0xad, 0xe5, 0xad, 0xe5, 0xad, 0xe5, 0xad, 0xe5,
  0xad, 0xe5, 0xad, 0xe5, 0xad, 0xe5, 0xad, 0xe5, 0xad, 0xe5, 0xad, 0xe5, 0xad, 0xe5, 0xad, 0xe5,
  0xad, 0xe5, 0xad, 0xe5, 0xad, 0xe5, 0xad, 0xe5, 0xad, 0xe5, 0xad, 0xe5, 0xad, 0xe5, 0xad, 0xe5,
  0xad, 0xe5, 0xad, 0xe5, 0xad, 0xe5, 0xad, 0xe5, 0x47, 0x83, 0x61, 0x18, 0x61, 0x18, 0x61, 0x18,
  0x61, 0x18, 0x61, 0x18, 0x61, 0x18, 0x61, 0x18, 0x61, 0x18, 0x61, 0x18, 0x61, 0x18, 0x61, 0x18,
  0x61, 0x18, 0x61, 0x18, 0x61, 0x18, 0x61, 0x18, 0x61, 0x18, 0x61, 0x18, 0x61, 0x18, 0x61, 0x18,
  0x61, 0x18, 0x61, 0x18, 0x61, 0x18, 0x61, 0x18, 0x61, 0x18, 0x61, 0x18, 0x61, 0x18, 0x6a, 0xb4,
  0xad, 0xe5, 0xad, 0xe5, 0xad, 0xe5, 0xad, 0xe5, 0xad, 0xe5, 0xad, 0xe5, 0xad, 0xe5, 0xad, 0xe5,
  0xad, 0xe5, 0xad, 0xe5, 0xad, 0xe5, 0xad, 0xe5, 0xad, 0xe5, 0xad, 0xe5, 0xad, 0xe5, 0xad, 0xe5,
  0xad, 0xe5, 0xad, 0xe5, 0xad, 0xe5, 0xad, 0xe5, 0xad, 0xe5, 0xad, 0xe5, 0xad, 0xe5, 0xad, 0xe5,
  0xad, 0xe5, 0xad, 0xe5, 0xad, 0xe5, 0xad, 0xe5, 0xad, 0xe5, 0xad, 0xe5, 0xad, 0xe5, 0xad, 0xe5,
  0xad, 0xe5, 0xad, 0xe5, 0xad, 0xe5, 0xad, 0xe5, 0xad, 0xe5, 0xad, 0xe5, 0xad, 0xe5, 0xad, 0xe5,
  0xad, 0xe5, 0xad, 0xe5, 0xad, 0xe5, 0xad, 0xe5, 0xad, 0xe5, 0xad, 0xe5, 0xad, 0xe5, 0xad, 0xe5,
  0xad, 0xe5, 0xad, 0xe5, 0xad, 0xe5, 0xad, 0xe5, 0xad, 0xe5, 0xad, 0xe5, 0xad, 0xe5, 0xad, 0xe5,
  0xad, 0xe5, 0xad, 0xe5, 0xad, 0xe5, 0xad, 0xe5, 0xad, 0xe5, 0xad, 0xe5, 0xad, 0xe5, 0xad, 0xe5,
  0xad, 0xe5, 0xad, 0xe5, 0xad, 0xe5, 0xad, 0xe5, 0xad, 0xe5, 0xad, 0xe5, 0xad, 0xe5, 0xad, 0xe5,
  0xad, 0xe5, 0xad, 0xe5, 0xad, 0xe5, 0xad, 0xe5, 0xad, 0xe5, 0xa8, 0x9b, 0x61, 0x18, 0x61, 0x18,
  0x61, 0x18, 0x61, 0x18, 0x61, 0x18, 0x61, 0x18, 0x61, 0x18, 0x61, 0x18, 0x61, 0x18, 0x61, 0x18,
  0x61, 0x18, 0x61, 0x18, 0x61, 0x18, 0x61, 0x18, 0x61, 0x18, 0x61, 0x18, 0x61, 0x18, 0x61, 0x18,
  0x61, 0x18, 0x61, 0x18, 0xe4, 0x51, 0x8c, 0xe5, 0xad, 0xe5, 0xad, 0xe5, 0xad, 0xe5, 0xad, 0xe5,
  0xad, 0xe5, 0xad, 0xe5, 0xad, 0xe5, 0xad, 0xe5, 0xad, 0xe5, 0xad, 0xe5, 0xad, 0xe5, 0xad, 0xe5,
  0xad, 0xe5, 0xad, 0xe5, 0xad, 0xe5, 0xad, 0xe5, 0xad, 0xe5, 0xad, 0xe5, 0xad, 0xe5, 0xad, 0xe5,
  0xad, 0xe5, 0xad, 0xe5, 0xad, 0xe5, 0xad, 0xe5, 0xad, 0xe5, 0xad, 0xe5, 0xad, 0xe5, 0xad, 0xe5,
  0xad, 0xe5, 0xad, 0xe5, 0xad, 0xe5, 0xad, 0xe5, 0xad, 0xe5, 0xad, 0xe5, 0xad, 0xe5, 0xad, 0xe5,
  0xad, 0xe5, 0xad, 0xe5, 0xad, 0xe5, 0xad, 0xe5, 0x4a, 0xb4, 0x61, 0x18, 0x61, 0x18, 0x61, 0x18,
  0x61, 0x18, 0x61, 0x18, 0x61, 0x18, 0x61, 0x18, 0x61, 0x18, 0x61, 0x18, 0x61, 0x18, 0x61, 0x18,
  0x61, 0x18, 0x61, 0x18, 0x61, 0x18, 0x61, 0x18, 0x61, 0x18, 0x61, 0x18, 0x61, 0x18, 0x61, 0x18,
  0x61, 0x18, 0x61, 0x18, 0x61, 0x18, 0x61, 0x18, 0x61, 0x18, 0x61, 0x18, 0x81, 0x18, 0x6c, 0xdd,
  0xad, 0xe5, 0xad, 0xe5, 0xad, 0xe5, 0xad, 0xe5, 0xad, 0xe5, 0xad, 0xe5, 0xad, 0xe5, 0xad, 0xe5,
  0xad, 0xe5, 0xad, 0xe5, 0xad, 0xe5, 0xad, 0xe5, 0xad, 0xe5, 0xad, 0xe5, 0xad, 0xe5, 0xad, 0xe5,
  0xad, 0xe5, 0xad, 0xe5, 0xad, 0xe5, 0xad, 0xe5, 0xad, 0xe5, 0xad, 0xe5, 0xad, 0xe5, 0xad, 0xe5,
  0xad, 0xe5, 0xad, 0xe5, 0xad, 0xe5, 0xad, 0xe5, 0xad, 0xe5, 0xad, 0xe5, 0xad, 0xe5, 0xad, 0xe5,
  0xad, 0xe5, 0xad, 0xe5, 0xad, 0xe5, 0xad, 0xe5, 0xad, 0xe5, 0xad, 0xe5, 0xad, 0xe5, 0xad, 0xe5,
  0xad, 0xe5, 0xad, 0xe5, 0xad, 0xe5, 0xad, 0xe5, 0xad, 0xe5, 0xad, 0xe5, 0xad, 0xe5, 0xad, 0xe5,
  0xad, 0xe5, 0xad, 0xe5, 0xad, 0xe5, 0xad, 0xe5, 0xad, 0xe5, 0xad, 0xe5, 0xad, 0xe5, 0xad, 0xe5,
  0xad, 0xe5, 0xad, 0xe5, 0xad, 0xe5, 0xad, 0xe5, 0xad, 0xe5, 0xad, 0xe5, 0xad, 0xe5, 0xad, 0xe5,
  0xad, 0xe5, 0xad, 0xe5, 0xad, 0xe5, 0xad, 0xe5, 0xad, 0xe5, 0xad, 0xe5, 0xad, 0xe5, 0xad, 0xe5,
  0xad, 0xe5, 0xad, 0xe5, 0xad, 0xe5, 0xad, 0xe5, 0x4a, 0xb4, 0x81, 0x18, 0x61, 0x18, 0x61, 0x18,
  0x61, 0x18, 0x61, 0x18, 0x61, 0x18, 0x61, 0x18, 0x61, 0x18, 0x61, 0x18, 0x61, 0x18, 0x61, 0x18,
  0x61, 0x18, 0x61, 0x18, 0x61, 0x18, 0x61, 0x18, 0x61, 0x18, 0x61, 0x18, 0x61, 0x18, 0x61, 0x18,
  0x61, 0x18, 0x61, 0x18, 0x61, 0x18, 0x25, 0x5a, 0xad, 0xe5, 0xad, 0xe5, 0xad, 0xe5, 0xad, 0xe5,
  0xad, 0xe5, 0xad, 0xe5, 0xad, 0xe5, 0xad, 0xe5, 0xad, 0xe5, 0xad, 0xe5, 0xad, 0xe5, 0xad, 0xe5,
  0xad, 0xe5, 0xad, 0xe5, 0xad, 0xe5, 0xad, 0xe5, 0xad, 0xe5, 0xad, 0xe5, 0xad, 0xe5, 0xad, 0xe5,
  0xad, 0xe5, 0xad, 0xe5, 0xad, 0xe5, 0xad, 0xe5, 0xad, 0xe5, 0xad, 0xe5, 0xad, 0xe5, 0xad, 0xe5,
  0xad, 0xe5, 0xad, 0xe5, 0xad, 0xe5, 0xad, 0xe5, 0xad, 0xe5, 0xad, 0xe5, 0xad, 0xe5, 0xad, 0xe5,
  0xad, 0xe5, 0xad, 0xe5, 0xad, 0xe5, 0xad, 0xe5, 0x4c, 0xdd, 0x61, 0x18, 0x61, 0x18, 0x61, 0x18,
  0x61, 0x18, 0x61, 0x18, 0x61, 0x18, 0x61, 0x18, 0x61, 0x18, 0x61, 0x18, 0x61, 0x18, 0x61, 0x18,
  0x61, 0x18, 0x61, 0x18, 0x61, 0x18, 0x61, 0x18, 0x61, 0x18, 0x61, 0x18, 0x61, 0x18, 0x61, 0x18,
  0x61, 0x18, 0x61, 0x18, 0x61, 0x18, 0x61, 0x18, 0x61, 0x18, 0x61, 0x18, 0x83, 0x41, 0xad, 0xe5,
  0xad, 0xe5, 0xad, 0xe5, 0xad, 0xe5, 0xad, 0xe5, 0xad, 0xe5, 0xad, 0xe5, 0xad, 0xe5, 0xad, 0xe5,
  0xad, 0xe5, 0xad, 0xe5, 0xad, 0xe5, 0xad, 0xe5, 0xad, 0xe5, 0xad, 0xe5, 0xad, 0xe5, 0xad, 0xe5,
  0xad, 0xe5, 0xad, 0xe5, 0xad, 0xe5, 0xad, 0xe5, 0xad, 0xe5, 0xad, 0xe5, 0xad, 0xe5, 0xad, 0xe5,
  0xad, 0xe5, 0xad, 0xe5, 0xad, 0xe5, 0xad, 0xe5, 0xad, 0xe5, 0xad, 0xe5, 0xad, 0xe5, 0xad, 0xe5,
  0xad, 0xe5, 0xad, 0xe5, 0xad, 0xe5, 0xad, 0xe5, 0xad, 0xe5, 0xad, 0xe5, 0xad, 0xe5, 0xad, 0xe5,
  0xad, 0xe5, 0xad, 0xe5, 0xad, 0xe5, 0xad, 0xe5, 0xad, 0xe5, 0xad, 0xe5, 0xad, 0xe5, 0xad, 0xe5,
  0xad, 0xe5, 0xad, 0xe5, 0xad, 0xe5, 0xad, 0xe5, 0xad, 0xe5, 0xad, 0xe5, 0xad, 0xe5, 0xad, 0xe5,
  0xad, 0xe5, 0xad, 0xe5, 0xad, 0xe5, 0xad, 0xe5, 0xad, 0xe5, 0xad, 0xe5, 0xad, 0xe5, 0xad, 0xe5,
  0xad, 0xe5, 0xad, 0xe5, 0xad, 0xe5, 0xad, 0xe5, 0xad, 0xe5, 0xad, 0xe5, 0xad, 0xe5, 0xad, 0xe5,
  0xad, 0xe5, 0xad, 0xe5, 0xad, 0xe5, 0x0b, 0xcd, 0xc1, 0x20, 0x61, 0x18, 0x61, 0x18, 0x61, 0x18,
  0x61, 0x18, 0x61, 0x18, 0x61, 0x18, 0x61, 0x18, 0x61, 0x18, 0x61, 0x18, 0x61, 0x18, 0x61, 0x18,
  0x61, 0x18, 0x61, 0x18, 0x61, 0x18, 0x61, 0x18, 0x61, 0x18, 0x61, 0x18, 0x61, 0x18, 0x61, 0x18,
  0x61, 0x18, 0x61, 0x18, 0x61, 0x18, 0x61, 0x18, 0x47, 0x8b, 0xad, 0xe5, 0xad, 0xe5, 0xad, 0xe5,
  0xad, 0xe5, 0xad, 0xe5, 0xad, 0xe5, 0xad, 0xe5, 0xad, 0xe5, 0xad, 0xe5, 0xad, 0xe5, 0xad, 0xe5,
  0xad, 0xe5, 0xad, 0xe5, 0xad, 0xe5, 0xad, 0xe5, 0xad, 0xe5, 0xad, 0xe5, 0xad, 0xe5, 0xad, 0xe5,
  0xad, 0xe5, 0xad, 0xe5, 0xad, 0xe5, 0xad, 0xe5, 0xad, 0xe5, 0xad, 0xe5, 0xad, 0xe5, 0xad, 0xe5,
  0xad, 0xe5, 0xad, 0xe5, 0xad, 0xe5, 0xad, 0xe5, 0xad, 0xe5, 0xad, 0xe5, 0xad, 0xe5, 0xad, 0xe5,
  0xad, 0xe5, 0xad, 0xe5, 0xad, 0xe5, 0xad, 0xe5, 0xad, 0xe5, 0x43, 0x39, 0x61, 0x18, 0x61, 0x18,
  0x61, 0x18, 0x61, 0x18, 0x61, 0x18, 0x61, 0x18, 0x61, 0x18, 0x61, 0x18, 0x61, 0x18, 0x61, 0x18,
  0x61, 0x18, 0x61, 0x18, 0x61, 0x18, 0x61, 0x18, 0x61, 0x18, 0x61, 0x18, 0x61, 0x18, 0x61, 0x18,
  0x61, 0x18, 0x61, 0x18, 0x61, 0x18, 0x61, 0x18, 0x61, 0x18, 0x61, 0x18, 0xc6, 0x72, 0xad, 0xe5,
  0xad, 0xe5, 0xad, 0xe5, 0xad, 0xe5, 0xad, 0xe5, 0xad, 0xe5, 0xad, 0xe5, 0xad, 0xe5, 0xad, 0xe5,
  0xad, 0xe5, 0xad, 0xe5, 0xad, 0xe5, 0xad, 0xe5, 0xad, 0xe5, 0xad, 0xe5, 0xad, 0xe5, 0xad, 0xe5,
  0xad, 0xe5, 0xad, 0xe5, 0xad, 0xe5, 0xad, 0xe5, 0xad, 0xe5, 0xad, 0xe5, 0xad, 0xe5, 0xad, 0xe5,
  0xad, 0xe5, 0xad, 0xe5, 0xad, 0xe5, 0xad, 0xe5, 0xad, 0xe5, 0xad, 0xe5, 0xad, 0xe5, 0xad, 0xe5,
  0xad, 0xe5, 0xad, 0xe5, 0xad, 0xe5, 0xad, 0xe5, 0xad, 0xe5, 0xad, 0xe5, 0xad, 0xe5, 0xad, 0xe5,
  0xad, 0xe5, 0xad, 0xe5, 0xad, 0xe5, 0xad, 0xe5, 0xad, 0xe5, 0xad, 0xe5, 0xad, 0xe5, 0xad, 0xe5,
  0xad, 0xe5, 0xad, 0xe5, 0xad, 0xe5, 0xad, 0xe5, 0xad, 0xe5, 0xad, 0xe5, 0xad, 0xe5, 0xad, 0xe5,
  0xad, 0xe5, 0xad, 0xe5, 0xad, 0xe5, 0xad, 0xe5, 0xad, 0xe5, 0xad, 0xe5, 0xad, 0xe5, 0xad, 0xe5,
  0xad, 0xe5, 0xad, 0xe5, 0xad, 0xe5, 0xad, 0xe5, 0xad, 0xe5, 0xad, 0xe5, 0xad, 0xe5, 0xad, 0xe5,
  0xad, 0xe5, 0xad, 0xe5, 0xad, 0xe5, 0x04, 0x5a, 0x61, 0x18, 0x61, 0x18, 0x61, 0x18, 0x61, 0x18,
  0x61, 0x18, 0x61, 0x18, 0x61, 0x18, 0x61, 0x18, 0x61, 0x18, 0x61, 0x18, 0x61, 0x18, 0x61, 0x18,
  0x61, 0x18, 0x61, 0x18, 0x61, 0x18, 0x61, 0x18, 0x61, 0x18, 0x61, 0x18, 0x61, 0x18, 0x61, 0x18,
  0x61, 0x18, 0x61, 0x18, 0x61, 0x18, 0x61, 0x18, 0xa1, 0x20, 0xeb, 0xcc, 0xad, 0xe5, 0xad, 0xe5,
  0xad, 0xe5, 0xad, 0xe5, 0xad, 0xe5, 0xad, 0xe5, 0xad, 0xe5, 0xad, 0xe5, 0xad, 0xe5, 0xad, 0xe5,
  0xad, 0xe5, 0xad, 0xe5, 0xad, 0xe5, 0xad, 0xe5, 0xad, 0xe5, 0xad, 0xe5, 0xad, 0xe5, 0xad, 0xe5,
  0xad, 0xe5, 0xad, 0xe5, 0xad, 0xe5, 0xad, 0xe5, 0xad, 0xe5, 0xad, 0xe5, 0xad, 0xe5, 0xad, 0xe5,
  0xad, 0xe5, 0xad, 0xe5, 0xad, 0xe5, 0xad, 0xe5, 0xad, 0xe5, 0xad, 0xe5, 0xad, 0xe5, 0xad, 0xe5,
  0xad, 0xe5, 0xad, 0xe5, 0xad, 0xe5, 0xad, 0xe5, 0xad, 0xe5, 0x45, 0x62, 0x61, 0x18, 0x61, 0x18,
  0x61, 0x18, 0x61, 0x18, 0x61, 0x18, 0x61, 0x18, 0x61, 0x18, 0x61, 0x18, 0x61, 0x18, 0x61, 0x18,
  0x61, 0x18, 0x61, 0x18, 0x61, 0x18, 0x61, 0x18, 0x61, 0x18, 0x61, 0x18, 0x61, 0x18, 0x61, 0x18,
  0x61, 0x18, 0x61, 0x18, 0x61, 0x18, 0x61, 0x18, 0x61, 0x18, 0x61, 0x18, 0x09, 0xac, 0xad, 0xe5,
  0xad, 0xe5, 0xad, 0xe5, 0xad, 0xe5, 0xad, 0xe5, 0xad, 0xe5, 0xad, 0xe5, 0xad, 0xe5, 0xad, 0xe5,
  0xad, 0xe5, 0xad, 0xe5, 0xad, 0xe5, 0xad, 0xe5, 0xad, 0xe5, 0xad, 0xe5, 0xad, 0xe5, 0xad, 0xe5,
  0xad, 0xe5, 0xad, 0xe5, 0xad, 0xe5, 0xad, 0xe5, 0xad, 0xe5, 0xad, 0xe5, 0xad, 0xe5, 0xad, 0xe5,
  0xad, 0xe5, 0xad, 0xe5, 0xad, 0xe5, 0xad, 0xe5, 0xad, 0xe5, 0xad, 0xe5, 0xad, 0xe5, 0xad, 0xe5,
  0xad, 0xe5, 0xad, 0xe5, 0xad, 0xe5, 0xad, 0xe5, 0xad, 0xe5, 0xad, 0xe5, 0xad, 0xe5, 0xad, 0xe5,
  0xad, 0xe5, 0xad, 0xe5, 0xad, 0xe5, 0xad, 0xe5, 0xad, 0xe5, 0xad, 0xe5, 0xad, 0xe5, 0xad, 0xe5,
  0xad, 0xe5, 0xad, 0xe5, 0xad, 0xe5, 0xad, 0xe5, 0xad, 0xe5, 0xad, 0xe5, 0xad, 0xe5, 0xad, 0xe5,
  0xad, 0xe5, 0xad, 0xe5, 0xad, 0xe5, 0xad, 0xe5, 0xad, 0xe5, 0xad, 0xe5, 0xad, 0xe5, 0xad, 0xe5,
  0xad, 0xe5, 0xad, 0xe5, 0xad, 0xe5, 0xad, 0xe5, 0xad, 0xe5, 0xad, 0xe5, 0xad, 0xe5, 0xad, 0xe5,
  0xad, 0xe5, 0xad, 0xe5, 0x4a, 0xb4, 0x61, 0x18, 0x61, 0x18, 0x61, 0x18, 0x61, 0x18, 0x61, 0x18,
  0x61, 0x18, 0x61, 0x18, 0x61, 0x18, 0x61, 0x18, 0x61, 0x18, 0x61, 0x18, 0x61, 0x18, 0x61, 0x18,
  0x61, 0x18, 0x61, 0x18, 0x61, 0x18, 0x61, 0x18, 0x61, 0x18, 0x61, 0x18, 0x61, 0x18, 0x61, 0x18,
  0x61, 0x18, 0x61, 0x18, 0x61, 0x18, 0x61, 0x18, 0x61, 0x18, 0x65, 0x62, 0xad, 0xe5, 0xad, 0xe5,
  0xad, 0xe5, 0xad, 0xe5, 0xad, 0xe5, 0xad, 0xe5, 0xad, 0xe5, 0xad, 0xe5, 0xad, 0xe5, 0xad, 0xe5,
  0xad, 0xe5, 0xad, 0xe5, 0xad, 0xe5, 0xad, 0xe5, 0xad, 0xe5, 0xad, 0xe5, 0xad, 0xe5, 0xad, 0xe5,
  0xad, 0xe5, 0xad, 0xe5, 0xad, 0xe5, 0xad, 0xe5, 0xad, 0xe5, 0xad, 0xe5, 0xad, 0xe5, 0xad, 0xe5,
  0xad, 0xe5, 0xad, 0xe5, 0xad, 0xe5, 0xad, 0xe5, 0xad, 0xe5, 0xad, 0xe5, 0xad, 0xe5, 0xad, 0xe5,
  0xad, 0xe5, 0xad, 0xe5, 0xad, 0xe5, 0xad, 0xe5, 0xad, 0xe5, 0x68, 0x8b, 0x61, 0x18, 0x61, 0x18,
  0x61, 0x18, 0x61, 0x18, 0x61, 0x18, 0x61, 0x18, 0x61, 0x18, 0x61, 0x18, 0x61, 0x18, 0x61, 0x18,
  0x61, 0x18, 0x61, 0x18, 0x61, 0x18, 0x61, 0x18, 0x61, 0x18, 0x61, 0x18, 0x61, 0x18, 0x61, 0x18,
  0x61, 0x18, 0x61, 0x18, 0x61, 0x18, 0x61, 0x18, 0x61, 0x18, 0x61, 0x18, 0x4c, 0xd5, 0xad, 0xe5,
  0xad, 0xe5, 0xad, 0xe5, 0xad, 0xe5, 0xad, 0xe5, 0xad, 0xe5, 0xad, 0xe5, 0xad, 0xe5, 0xad, 0xe5,
  0xad, 0xe5, 0xad, 0xe5, 0xad, 0xe5, 0xad, 0xe5, 0xad, 0xe5, 0xad, 0xe5, 0xad, 0xe5, 0xad, 0xe5,
  0xad, 0xe5, 0xad, 0xe5, 0xad, 0xe5, 0xad, 0xe5, 0xad, 0xe5, 0xad, 0xe5, 0xad, 0xe5, 0xad, 0xe5,
  0xad, 0xe5, 0xad, 0xe5, 0xad, 0xe5, 0xad, 0xe5, 0xad, 0xe5, 0xad, 0xe5, 0xad, 0xe5, 0xad, 0xe5,
  0xad, 0xe5, 0xad, 0xe5, 0xad, 0xe5, 0xad, 0xe5, 0xad, 0xe5, 0xad, 0xe5, 0xad, 0xe5, 0xad, 0xe5,
  0xad, 0xe5, 0xad, 0xe5, 0xad, 0xe5, 0xad, 0xe5, 0xad, 0xe5, 0xad, 0xe5, 0xad, 0xe5, 0xad, 0xe5,
  0xad, 0xe5, 0xad, 0xe5, 0xad, 0xe5, 0xad, 0xe5, 0xad, 0xe5, 0xad, 0xe5, 0xad, 0xe5, 0xad, 0xe5,
  0xad, 0xe5, 0xad, 0xe5, 0xad, 0xe5, 0xad, 0xe5, 0xad, 0xe5, 0xad, 0xe5, 0xad, 0xe5, 0xad, 0xe5,
  0xad, 0xe5, 0xad, 0xe5, 0xad, 0xe5, 0xad, 0xe5, 0xad, 0xe5, 0xad, 0xe5, 0xad, 0xe5, 0xad, 0xe5,
  0xad, 0xe5, 0xad, 0xe5, 0x83, 0x41, 0x61, 0x18, 0x61, 0x18, 0x61, 0x18, 0x61, 0x18, 0x61, 0x18,
  0x61, 0x18, 0x61, 0x18, 0x61, 0x18, 0x61, 0x18, 0x61, 0x18, 0x61, 0x18, 0x61, 0x18, 0x61, 0x18,
  0x61, 0x18, 0x61, 0x18, 0x61, 0x18, 0x61, 0x18, 0x61, 0x18, 0x61, 0x18, 0x61, 0x18, 0x61, 0x18,
  0x61, 0x18, 0x61, 0x18, 0x61, 0x18, 0x61, 0x18, 0x61, 0x18, 0x81, 0x18, 0xeb, 0xcc, 0xad, 0xe5,
  0xad, 0xe5, 0xad, 0xe5, 0xad, 0xe5, 0xad, 0xe5, 0xad, 0xe5, 0xad, 0xe5, 0xad, 0xe5, 0xad, 0xe5,
  0xad, 0xe5, 0xad, 0xe5, 0xad, 0xe5, 0xad, 0xe5, 0xad, 0xe5, 0xad, 0xe5, 0xad, 0xe5, 0xad, 0xe5,
  0xad, 0xe5, 0xad, 0xe5, 0xad, 0xe5, 0xad, 0xe5, 0xad, 0xe5, 0xad, 0xe5, 0xad, 0xe5, 0xad, 0xe5,
  0xad, 0xe5, 0xad, 0xe5, 0xad, 0xe5, 0xad, 0xe5, 0xad, 0xe5, 0xad, 0xe5, 0xad, 0xe5, 0xad, 0xe5,
  0xad, 0xe5, 0xad, 0xe5, 0xad, 0xe5, 0xad, 0xe5, 0xad, 0xe5, 0x8a, 0xbc, 0x61, 0x18, 0x61, 0x18,
  0x61, 0x18, 0x61, 0x18, 0x61, 0x18, 0x61, 0x18, 0x61, 0x18, 0x61, 0x18, 0x61, 0x18, 0x61, 0x18,
  0x61, 0x18, 0x61, 0x18, 0x61, 0x18, 0x61, 0x18, 0x61, 0x18, 0x61, 0x18, 0x61, 0x18, 0x61, 0x18,
  0x61, 0x18, 0x61, 0x18, 0x61, 0x18, 0x61, 0x18, 0x61, 0x18, 0x63, 0x41, 0xad, 0xe5, 0xad, 0xe5,
  0xad, 0xe5, 0xad, 0xe5, 0xad, 0xe5, 0xad, 0xe5, 0xad, 0xe5, 0xad, 0xe5, 0xad, 0xe5, 0xad, 0xe5,
  0xad, 0xe5, 0xad, 0xe5, 0xad, 0xe5, 0xad, 0xe5, 0xad, 0xe5, 0xad, 0xe5, 0xad, 0xe5, 0xad, 0xe5,
  0xad, 0xe5, 0xad, 0xe5, 0xad, 0xe5, 0xad, 0xe5, 0xad, 0xe5, 0xad, 0xe5, 0xad, 0xe5, 0xad, 0xe5,
  0xad, 0xe5, 0xad, 0xe5, 0xad, 0xe5, 0xad, 0xe5, 0xad, 0xe5, 0xad, 0xe5, 0xad, 0xe5, 0xad, 0xe5,
  0xad, 0xe5, 0xad, 0xe5, 0xad, 0xe5, 0xad, 0xe5, 0xad, 0xe5, 0xad, 0xe5, 0xad, 0xe5, 0xad, 0xe5,
  0xad, 0xe5, 0xad, 0xe5, 0xad, 0xe5, 0xad, 0xe5, 0xad, 0xe5, 0xad, 0xe5, 0xad, 0xe5, 0xad, 0xe5,
  0xad, 0xe5, 0xad, 0xe5, 0xad, 0xe5, 0xad, 0xe5, 0xad, 0xe5, 0xad, 0xe5, 0xad, 0xe5, 0xad, 0xe5,
  0xad, 0xe5, 0xad, 0xe5, 0xad, 0xe5, 0xad, 0xe5, 0xad, 0xe5, 0xad, 0xe5, 0xad, 0xe5, 0xad, 0xe5,
  0xad, 0xe5, 0xad, 0xe5, 0xad, 0xe5, 0xad, 0xe5, 0xad, 0xe5, 0xad, 0xe5, 0xad, 0xe5, 0xad, 0xe5,
  0xad, 0xe5, 0xcb, 0xc4, 0x61, 0x18, 0x61, 0x18, 0x61, 0x18, 0x61, 0x18, 0x61, 0x18, 0x61, 0x18,
  0x61, 0x18, 0x61, 0x18, 0x61, 0x18, 0x61, 0x18, 0x61, 0x18, 0x61, 0x18, 0x61, 0x18, 0x61, 0x18,
  0x61, 0x18, 0x61, 0x18, 0x61, 0x18, 0x61, 0x18, 0x61, 0x18, 0x61, 0x18, 0x61, 0x18, 0x61, 0x18,
  0x61, 0x18, 0x61, 0x18, 0x61, 0x18, 0x61, 0x18, 0x61, 0x18, 0x61, 0x18, 0x85, 0x6a, 0xad, 0xe5,
  0xad, 0xe5, 0xad, 0xe5, 0xad, 0xe5, 0xad, 0xe5, 0xad, 0xe5, 0xad, 0xe5, 0xad, 0xe5, 0xad, 0xe5,
  0xad, 0xe5, 0xad, 0xe5, 0xad, 0xe5, 0xad, 0xe5, 0xad, 0xe5, 0xad, 0xe5, 0xad, 0xe5, 0xad, 0xe5,
  0xad, 0xe5, 0xad, 0xe5, 0xad, 0xe5, 0xad, 0xe5, 0xad, 0xe5, 0xad, 0xe5, 0xad, 0xe5, 0xad, 0xe5,
  0xad, 0xe5, 0xad, 0xe5, 0xad, 0xe5, 0xad, 0xe5, 0xad, 0xe5, 0xad, 0xe5, 0xad, 0xe5, 0xad, 0xe5,
  0xad, 0xe5, 0x6c, 0xe5, 0x8a, 0xbc, 0x88, 0x93, 0x85, 0x6a, 0x63, 0x39, 0x61, 0x18, 0x61, 0x18,
  0x61, 0x18, 0x61, 0x18, 0x61, 0x18, 0x61, 0x18, 0x61, 0x18, 0x61, 0x18, 0x61, 0x18, 0x61, 0x18,
  0x61, 0x18, 0x61, 0x18, 0x61, 0x18, 0x61, 0x18, 0x61, 0x18, 0x61, 0x18, 0x61, 0x18, 0x61, 0x18,
  0x61, 0x18, 0x61, 0x18, 0x61, 0x18, 0x61, 0x18, 0x61, 0x18, 0xe6, 0x7a, 0xad, 0xe5, 0xad, 0xe5,
  0xad, 0xe5, 0xad, 0xe5, 0xad, 0xe5, 0xad, 0xe5, 0xad, 0xe5, 0xad, 0xe5, 0xad, 0xe5, 0xad, 0xe5,
  0xad, 0xe5, 0xad, 0xe5, 0xad, 0xe5, 0xad, 0xe5, 0xad, 0xe5, 0xad, 0xe5, 0xad, 0xe5, 0xad, 0xe5,
  0xad, 0xe5, 0xad, 0xe5, 0xad, 0xe5, 0xad, 0xe5, 0xad, 0xe5, 0xad, 0xe5, 0xad, 0xe5, 0xad, 0xe5,
  0xad, 0xe5, 0xad, 0xe5, 0xad, 0xe5, 0xad, 0xe5, 0xad, 0xe5, 0xad, 0xe5, 0xad, 0xe5, 0xad, 0xe5,
  0xad, 0xe5, 0xad, 0xe5, 0xad, 0xe5, 0xad, 0xe5, 0xad, 0xe5, 0xad, 0xe5, 0xad, 0xe5, 0xad, 0xe5,
  0xad, 0xe5, 0xad, 0xe5, 0xad, 0xe5, 0xad, 0xe5, 0xad, 0xe5, 0xad, 0xe5, 0xad, 0xe5, 0xad, 0xe5,
  0xad, 0xe5, 0xad, 0xe5, 0xad, 0xe5, 0xad, 0xe5, 0xad, 0xe5, 0xad, 0xe5, 0xad, 0xe5, 0xad, 0xe5,
  0xad, 0xe5, 0xad, 0xe5, 0xad, 0xe5, 0xad, 0xe5, 0xad, 0xe5, 0xad, 0xe5, 0xad, 0xe5, 0xad, 0xe5,
  0xad, 0xe5, 0xad, 0xe5, 0xad, 0xe5, 0xad, 0xe5, 0xad, 0xe5, 0xad, 0xe5, 0xad, 0xe5, 0xad, 0xe5,
  0xad, 0xe5, 0xa6, 0x72, 0x61, 0x18, 0x61, 0x18, 0x61, 0x18, 0x61, 0x18, 0x61, 0x18, 0x61, 0x18,
  0x61, 0x18, 0x61, 0x18, 0x61, 0x18, 0x61, 0x18, 0x61, 0x18, 0x61, 0x18, 0x61, 0x18, 0x61, 0x18,
  0x61, 0x18, 0x61, 0x18, 0x61, 0x18, 0x61, 0x18, 0x61, 0x18, 0x61, 0x18, 0x61, 0x18, 0x61, 0x18,
  0x61, 0x18, 0x61, 0x18, 0x61, 0x18, 0x61, 0x18, 0x61, 0x18, 0x61, 0x18, 0xc1, 0x20, 0x8d, 0xe5,
  0xad, 0xe5, 0xad, 0xe5, 0xad, 0xe5, 0xad, 0xe5, 0xad, 0xe5, 0xad, 0xe5, 0xad, 0xe5, 0xad, 0xe5,
  0xad, 0xe5, 0xad, 0xe5, 0xad, 0xe5, 0xad, 0xe5, 0xad, 0xe5, 0xad, 0xe5, 0xad, 0xe5, 0xad, 0xe5,
  0xad, 0xe5, 0xad, 0xe5, 0xad, 0xe5, 0xad, 0xe5, 0xad, 0xe5, 0xad, 0xe5, 0xad, 0xe5, 0xad, 0xe5,
  0xad, 0xe5, 0xad, 0xe5, 0xad, 0xe5, 0x2c, 0xd5, 0xaa, 0xbc, 0xc8, 0x9b, 0xe6, 0x7a, 0x04, 0x5a,
  0x43, 0x39, 0x81, 0x18, 0x61, 0x18, 0x61, 0x18, 0x61, 0x18, 0x61, 0x18, 0x61, 0x18, 0x61, 0x18,
  0x61, 0x18, 0x61, 0x18, 0x61, 0x18, 0x61, 0x18, 0x61, 0x18, 0x61, 0x18, 0x61, 0x18, 0x61, 0x18,
  0x61, 0x18, 0x61, 0x18, 0x61, 0x18, 0x61, 0x18, 0x61, 0x18, 0x61, 0x18, 0x61, 0x18, 0x61, 0x18,
  0x61, 0x18, 0x61, 0x18, 0x61, 0x18, 0x61, 0x18, 0x61, 0x18, 0x4a, 0xb4, 0xad, 0xe5, 0xad, 0xe5,
  0xad, 0xe5, 0xad, 0xe5, 0xad, 0xe5, 0xad, 0xe5, 0xad, 0xe5, 0xad, 0xe5, 0xad, 0xe5, 0xad, 0xe5,
  0xad, 0xe5, 0xad, 0xe5, 0xad, 0xe5, 0xad, 0xe5, 0xad, 0xe5, 0xad, 0xe5, 0xad, 0xe5, 0xad, 0xe5,
  0xad, 0xe5, 0xad, 0xe5, 0xad, 0xe5, 0xad, 0xe5, 0xad, 0xe5, 0xad, 0xe5, 0xad, 0xe5, 0xad, 0xe5,
  0xad, 0xe5, 0xad, 0xe5, 0xad, 0xe5, 0xad, 0xe5, 0xad, 0xe5, 0xad, 0xe5, 0xad, 0xe5, 0xad, 0xe5,
  0xad, 0xe5, 0xad, 0xe5, 0xad, 0xe5, 0xad, 0xe5, 0xad, 0xe5, 0xad, 0xe5, 0xad, 0xe5, 0xad, 0xe5,
  0xad, 0xe5, 0xad, 0xe5, 0xad, 0xe5, 0xad, 0xe5, 0xad, 0xe5, 0xad, 0xe5, 0xad, 0xe5, 0xad, 0xe5,
  0xad, 0xe5, 0xad, 0xe5, 0xad, 0xe5, 0xad, 0xe5, 0xad, 0xe5, 0xad, 0xe5, 0xad, 0xe5, 0xad, 0xe5,
  0xad, 0xe5, 0xad, 0xe5, 0xad, 0xe5, 0xad, 0xe5, 0xad, 0xe5, 0xad, 0xe5, 0xad, 0xe5, 0xad, 0xe5,
  0xad, 0xe5, 0xad, 0xe5, 0xad, 0xe5, 0xad, 0xe5, 0xad, 0xe5, 0xad, 0xe5, 0xad, 0xe5, 0xad, 0xe5,
  0xad, 0xe5, 0x22, 0x31, 0x61, 0x18, 0x61, 0x18, 0x61, 0x18, 0x61, 0x18, 0x61, 0x18, 0x61, 0x18,
  0x61, 0x18, 0x61, 0x18, 0x61, 0x18, 0x61, 0x18, 0x61, 0x18, 0x61, 0x18, 0x61, 0x18, 0x61, 0x18,
  0x61, 0x18, 0x61, 0x18, 0x61, 0x18, 0x61, 0x18, 0x61, 0x18, 0x61, 0x18, 0x61, 0x18, 0x61, 0x18,
  0x61, 0x18, 0x61, 0x18, 0x61, 0x18, 0x61, 0x18, 0x61, 0x18, 0x61, 0x18, 0x61, 0x18, 0x29, 0xac,
  0xad, 0xe5, 0xad, 0xe5, 0xad, 0xe5, 0xad, 0xe5, 0xad, 0xe5, 0xad, 0xe5, 0xad, 0xe5, 0xad, 0xe5,
  0xad, 0xe5, 0xad, 0xe5, 0xad, 0xe5, 0xad, 0xe5, 0xad, 0xe5, 0xad, 0xe5, 0xad, 0xe5, 0xad, 0xe5,
  0xad, 0xe5, 0xad, 0xe5, 0x4c, 0xd5, 0xcb, 0xc4, 0x29, 0xac, 0x88, 0x93, 0x07, 0x7b, 0x65, 0x62,
  0xc4, 0x49, 0x22, 0x39, 0xa1, 0x20, 0x61, 0x18, 0x61, 0x18, 0x61, 0x18, 0x61, 0x18, 0x61, 0x18,
  0x61, 0x18, 0x61, 0x18, 0x61, 0x18, 0x61, 0x18, 0x61, 0x18, 0x61, 0x18, 0x61, 0x18, 0x61, 0x18,
  0x61, 0x18, 0x61, 0x18, 0x61, 0x18, 0x61, 0x18, 0x61, 0x18, 0x61, 0x18, 0x61, 0x18, 0x61, 0x18,
  0x61, 0x18, 0x61, 0x18, 0x61, 0x18, 0x61, 0x18, 0x61, 0x18, 0x61, 0x18, 0x61, 0x18, 0x61, 0x18,
  0x61, 0x18, 0x61, 0x18, 0x61, 0x18, 0x61, 0x18, 0xa1, 0x20, 0x8c, 0xe5, 0xad, 0xe5, 0xad, 0xe5,
  0xad, 0xe5, 0xad, 0xe5, 0xad, 0xe5, 0xad, 0xe5, 0xad, 0xe5, 0xad, 0xe5, 0xad, 0xe5, 0xad, 0xe5,
  0xad, 0xe5, 0xad, 0xe5, 0xad, 0xe5, 0xad, 0xe5, 0xad, 0xe5, 0xad, 0xe5, 0xad, 0xe5, 0xad, 0xe5,
  0xad, 0xe5, 0xad, 0xe5, 0xad, 0xe5, 0xad, 0xe5, 0xad, 0xe5, 0xad, 0xe5, 0xad, 0xe5, 0xad, 0xe5,
  0xad, 0xe5, 0xad, 0xe5, 0xad, 0xe5, 0xad, 0xe5, 0xad, 0xe5, 0xad, 0xe5, 0xad, 0xe5, 0xad, 0xe5,
  0xad, 0xe5, 0xad, 0xe5, 0xad, 0xe5, 0xad, 0xe5, 0xad, 0xe5, 0xad, 0xe5, 0xad, 0xe5, 0xad, 0xe5,
  0xad, 0xe5, 0xad, 0xe5, 0xad, 0xe5, 0xad, 0xe5, 0xad, 0xe5, 0xad, 0xe5, 0xad, 0xe5, 0xad, 0xe5,
  0xad, 0xe5, 0xad, 0xe5, 0xad, 0xe5, 0xad, 0xe5, 0xad, 0xe5, 0xad, 0xe5, 0xad, 0xe5, 0xad, 0xe5,
  0xad, 0xe5, 0xad, 0xe5, 0xad, 0xe5, 0xad, 0xe5, 0xad, 0xe5, 0xad, 0xe5, 0xad, 0xe5, 0xad, 0xe5,
  0xad, 0xe5, 0xad, 0xe5, 0xad, 0xe5, 0xad, 0xe5, 0xad, 0xe5, 0xad, 0xe5, 0xad, 0xe5, 0xad, 0xe5,
  0x4c, 0xdd, 0x61, 0x18, 0x61, 0x18, 0x61, 0x18, 0x61, 0x18, 0x61, 0x18, 0x61, 0x18, 0x61, 0x18,
  0x61, 0x18, 0x61, 0x18, 0x61, 0x18, 0x61, 0x18, 0x61, 0x18, 0x61, 0x18, 0x61, 0x18, 0x61, 0x18,
  0x61, 0x18, 0x61, 0x18, 0x61, 0x18, 0x61, 0x18, 0x61, 0x18, 0x61, 0x18, 0x61, 0x18, 0x61, 0x18,
  0x61, 0x18, 0x61, 0x18, 0x61, 0x18, 0x61, 0x18, 0x61, 0x18, 0x61, 0x18, 0x61, 0x18, 0x45, 0x62,
  0xab, 0xc4, 0xaa, 0xbc, 0x4a, 0xb4, 0x4a, 0xb4, 0x09, 0xa4, 0xe9, 0xa3, 0x88, 0x93, 0x88, 0x93,
  0x27, 0x8b, 0x07, 0x83, 0xc6, 0x72, 0x65, 0x62, 0x04, 0x5a, 0xa4, 0x49, 0x63, 0x39, 0x02, 0x31,
  0xa1, 0x20, 0x61, 0x18, 0x61, 0x18, 0x61, 0x18, 0x61, 0x18, 0x61, 0x18, 0x61, 0x18, 0x61, 0x18,
  0x61, 0x18, 0x61, 0x18, 0x61, 0x18, 0x61, 0x18, 0x61, 0x18, 0x61, 0x18, 0x61, 0x18, 0x61, 0x18,
  0x61, 0x18, 0x61, 0x18, 0x61, 0x18, 0x61, 0x18, 0x61, 0x18, 0x61, 0x18, 0x61, 0x18, 0x61, 0x18,
  0x61, 0x18, 0x61, 0x18, 0x61, 0x18, 0x61, 0x18, 0x61, 0x18, 0x61, 0x18, 0x61, 0x18, 0x61, 0x18,
  0x61, 0x18, 0x61, 0x18, 0x61, 0x18, 0x61, 0x18, 0x61, 0x18, 0x61, 0x18, 0x61, 0x18, 0x61, 0x18,
  0x61, 0x18, 0x61, 0x18, 0x61, 0x18, 0x61, 0x18, 0x65, 0x62, 0xad, 0xe5, 0xad, 0xe5, 0xad, 0xe5,
  0xad, 0xe5, 0xad, 0xe5, 0xad, 0xe5, 0xad, 0xe5, 0xad, 0xe5, 0xad, 0xe5, 0xad, 0xe5, 0xad, 0xe5,
  0xad, 0xe5, 0xad, 0xe5, 0xad, 0xe5, 0xad, 0xe5, 0xad, 0xe5, 0xad, 0xe5, 0xad, 0xe5, 0xad, 0xe5,
  0xad, 0xe5, 0xad, 0xe5, 0xad, 0xe5, 0xad, 0xe5, 0xad, 0xe5, 0xad, 0xe5, 0xad, 0xe5, 0xad, 0xe5,
  0xad, 0xe5, 0xad, 0xe5, 0xad, 0xe5, 0xad, 0xe5, 0xad, 0xe5, 0xad, 0xe5, 0xad, 0xe5, 0xad, 0xe5,
  0xad, 0xe5, 0xad, 0xe5, 0xad, 0xe5, 0xad, 0xe5, 0xad, 0xe5, 0xad, 0xe5, 0xad, 0xe5, 0xad, 0xe5,
  0xad, 0xe5, 0xad, 0xe5, 0xad, 0xe5, 0xad, 0xe5, 0xad, 0xe5, 0xad, 0xe5, 0xad, 0xe5, 0xad, 0xe5,
  0xad, 0xe5, 0xad, 0xe5, 0xad, 0xe5, 0xad, 0xe5, 0xad, 0xe5, 0xad, 0xe5, 0xad, 0xe5, 0xad, 0xe5,
  0xad, 0xe5, 0xad, 0xe5, 0xad, 0xe5, 0xad, 0xe5, 0xad, 0xe5, 0xad, 0xe5, 0xad, 0xe5, 0xad, 0xe5,
  0xad, 0xe5, 0xad, 0xe5, 0xad, 0xe5, 0xad, 0xe5, 0xad, 0xe5, 0xad, 0xe5, 0xad, 0xe5, 0xad, 0xe5,
  0x4a, 0xb4, 0x61, 0x18, 0x61, 0x18, 0x61, 0x18, 0x61, 0x18, 0x61, 0x18, 0x61, 0x18, 0x61, 0x18,
  0x61, 0x18, 0x61, 0x18, 0x61, 0x18, 0x61, 0x18, 0x61, 0x18, 0x61, 0x18, 0x61, 0x18, 0x61, 0x18,
  0x61, 0x18, 0x61, 0x18, 0x61, 0x18, 0x61, 0x18, 0x61, 0x18, 0x61, 0x18, 0x61, 0x18, 0x61, 0x18,
  0x61, 0x18, 0x61, 0x18, 0x61, 0x18, 0x61, 0x18, 0x61, 0x18, 0x61, 0x18, 0x61, 0x18, 0x61, 0x18,
  0x61, 0x18, 0x61, 0x18, 0x61, 0x18, 0x61, 0x18, 0x61, 0x18, 0x61, 0x18, 0x61, 0x18, 0x61, 0x18,
  0x61, 0x18, 0x61, 0x18, 0x61, 0x18, 0x61, 0x18, 0x61, 0x18, 0x61, 0x18, 0x61, 0x18, 0x61, 0x18,
  0x61, 0x18, 0x61, 0x18, 0x61, 0x18, 0x61, 0x18, 0x61, 0x18, 0x61, 0x18, 0x61, 0x18, 0x61, 0x18,
  0x61, 0x18, 0x61, 0x18, 0x61, 0x18, 0x61, 0x18, 0x61, 0x18, 0x61, 0x18, 0x61, 0x18, 0x61, 0x18,
  0x61, 0x18, 0x61, 0x18, 0x61, 0x18, 0x61, 0x18, 0x61, 0x18, 0x61, 0x18, 0x61, 0x18, 0x61, 0x18,
  0x61, 0x18, 0x61, 0x18, 0x61, 0x18, 0x61, 0x18, 0x61, 0x18, 0x61, 0x18, 0x61, 0x18, 0x61, 0x18,
  0x61, 0x18, 0x61, 0x18, 0x61, 0x18, 0x61, 0x18, 0x61, 0x18, 0x61, 0x18, 0x61, 0x18, 0x61, 0x18,
  0x61, 0x18, 0x61, 0x18, 0x61, 0x18, 0x61, 0x18, 0xaa, 0xbc, 0xad, 0xe5, 0xad, 0xe5, 0xad, 0xe5,
  0xad, 0xe5, 0xad, 0xe5, 0xad, 0xe5, 0xad, 0xe5, 0xad, 0xe5, 0xad, 0xe5, 0xad, 0xe5, 0xad, 0xe5,
  0xad, 0xe5, 0xad, 0xe5, 0xad, 0xe5, 0xad, 0xe5, 0xad, 0xe5, 0xad, 0xe5, 0xad, 0xe5, 0xad, 0xe5,
  0xad, 0xe5, 0xad, 0xe5, 0xad, 0xe5, 0xad, 0xe5, 0xad, 0xe5, 0xad, 0xe5, 0xad, 0xe5, 0xad, 0xe5,
  0xad, 0xe5, 0xad, 0xe5, 0xad, 0xe5, 0xad, 0xe5, 0xad, 0xe5, 0xad, 0xe5, 0xad, 0xe5, 0xad, 0xe5,
  0xad, 0xe5, 0xad, 0xe5, 0xad, 0xe5, 0xad, 0xe5, 0xad, 0xe5, 0xad, 0xe5, 0xad, 0xe5, 0xad, 0xe5,
  0xad, 0xe5, 0xad, 0xe5, 0xad, 0xe5, 0xad, 0xe5, 0xad, 0xe5, 0xad, 0xe5, 0xad, 0xe5, 0xad, 0xe5,
  0xad, 0xe5, 0xad, 0xe5, 0xad, 0xe5, 0xad, 0xe5, 0xad, 0xe5, 0xad, 0xe5, 0xad, 0xe5, 0xad, 0xe5,
  0xad, 0xe5, 0xad, 0xe5, 0xad, 0xe5, 0xad, 0xe5, 0xad, 0xe5, 0xad, 0xe5, 0xad, 0xe5, 0xad, 0xe5,
  0xad, 0xe5, 0xad, 0xe5, 0xad, 0xe5, 0xad, 0xe5, 0xad, 0xe5, 0xad, 0xe5, 0xad, 0xe5, 0xad, 0xe5,
  0x88, 0x93, 0x61, 0x18, 0x61, 0x18, 0x61, 0x18, 0x61, 0x18, 0x61, 0x18, 0x61, 0x18, 0x61, 0x18,
  0x61, 0x18, 0x61, 0x18, 0x61, 0x18, 0x61, 0x18, 0x61, 0x18, 0x61, 0x18, 0x61, 0x18, 0x61, 0x18,
  0x61, 0x18, 0x61, 0x18, 0x61, 0x18, 0x61, 0x18, 0x61, 0x18, 0x61, 0x18, 0x61, 0x18, 0x61, 0x18,
  0x61, 0x18, 0x61, 0x18, 0x61, 0x18, 0x61, 0x18, 0x61, 0x18, 0x61, 0x18, 0x61, 0x18, 0x61, 0x18,
  0x61, 0x18, 0x61, 0x18, 0x61, 0x18, 0x61, 0x18, 0x61, 0x18, 0x61, 0x18, 0x61, 0x18, 0x61, 0x18,
  0x61, 0x18, 0x61, 0x18, 0x61, 0x18, 0x61, 0x18, 0x61, 0x18, 0x61, 0x18, 0x61, 0x18, 0x61, 0x18,
  0x61, 0x18, 0x61, 0x18, 0x61, 0x18, 0x61, 0x18, 0x61, 0x18, 0x61, 0x18, 0x61, 0x18, 0x61, 0x18,
  0x61, 0x18, 0x61, 0x18, 0x61, 0x18, 0x61, 0x18, 0x61, 0x18, 0x61, 0x18, 0x61, 0x18, 0x61, 0x18,
  0x61, 0x18, 0x61, 0x18, 0x61, 0x18, 0x61, 0x18, 0x61, 0x18, 0x61, 0x18, 0x61, 0x18, 0x61, 0x18,
  0x61, 0x18, 0x61, 0x18, 0x61, 0x18, 0x61, 0x18, 0x61, 0x18, 0x61, 0x18, 0x61, 0x18, 0x61, 0x18,
  0x61, 0x18, 0x61, 0x18, 0x61, 0x18, 0x61, 0x18, 0x61, 0x18, 0x61, 0x18, 0x61, 0x18, 0x61, 0x18,
  0x61, 0x18, 0x61, 0x18, 0x61, 0x18, 0x65, 0x62, 0xad, 0xe5, 0xad, 0xe5, 0xad, 0xe5, 0xad, 0xe5,
  0xad, 0xe5, 0xad, 0xe5, 0xad, 0xe5, 0xad, 0xe5, 0xad, 0xe5, 0xad, 0xe5, 0xad, 0xe5, 0xad, 0xe5,
  0xad, 0xe5, 0xad, 0xe5, 0xad, 0xe5, 0xad, 0xe5, 0xad, 0xe5, 0xad, 0xe5, 0xad, 0xe5, 0xad, 0xe5,
  0xad, 0xe5, 0xad, 0xe5, 0xad, 0xe5, 0xad, 0xe5, 0xad, 0xe5, 0xad, 0xe5, 0xad, 0xe5, 0xad, 0xe5,
  0xad, 0xe5, 0xad, 0xe5, 0xad, 0xe5, 0xad, 0xe5, 0xad, 0xe5, 0xad, 0xe5, 0xad, 0xe5, 0xad, 0xe5,
  0xad, 0xe5, 0xad, 0xe5, 0xad, 0xe5, 0xad, 0xe5, 0xad, 0xe5, 0xad, 0xe5, 0xad, 0xe5, 0xad, 0xe5,
  0xad, 0xe5, 0xad, 0xe5, 0xad, 0xe5, 0xad, 0xe5, 0xad, 0xe5, 0xad, 0xe5, 0xad, 0xe5, 0xad, 0xe5,
  0xad, 0xe5, 0xad, 0xe5, 0xad, 0xe5, 0xad, 0xe5, 0xad, 0xe5, 0xad, 0xe5, 0xad, 0xe5, 0xad, 0xe5,
  0xad, 0xe5, 0xad, 0xe5, 0xad, 0xe5, 0xad, 0xe5, 0xad, 0xe5, 0xad, 0xe5, 0xad, 0xe5, 0xad, 0xe5,
  0xad, 0xe5, 0xad, 0xe5, 0xad, 0xe5, 0xad, 0xe5, 0xad, 0xe5, 0xad, 0xe5, 0xad, 0xe5, 0xad, 0xe5,
  0x68, 0x93, 0x61, 0x18, 0x61, 0x18, 0x61, 0x18, 0x61, 0x18, 0x61, 0x18, 0x61, 0x18, 0x61, 0x18,
  0x61, 0x18, 0x61, 0x18, 0x61, 0x18, 0x61, 0x18, 0x61, 0x18, 0x61, 0x18, 0x61, 0x18, 0x61, 0x18,
  0x61, 0x18, 0x61, 0x18, 0x61, 0x18, 0x61, 0x18, 0x61, 0x18, 0x61, 0x18, 0x61, 0x18, 0x61, 0x18,
  0x61, 0x18, 0x61, 0x18, 0x61, 0x18, 0x61, 0x18, 0x61, 0x18, 0x61, 0x18, 0x61, 0x18, 0x61, 0x18,
  0x61, 0x18, 0x61, 0x18, 0x61, 0x18, 0x61, 0x18, 0x61, 0x18, 0x61, 0x18, 0x61, 0x18, 0x61, 0x18,
  0x61, 0x18, 0x61, 0x18, 0x61, 0x18, 0x61, 0x18, 0x61, 0x18, 0x61, 0x18, 0x61, 0x18, 0x61, 0x18,
  0x61, 0x18, 0x61, 0x18, 0x61, 0x18, 0x61, 0x18, 0x61, 0x18, 0x61, 0x18, 0x61, 0x18, 0x61, 0x18,
  0x61, 0x18, 0x61, 0x18, 0x61, 0x18, 0x61, 0x18, 0x61, 0x18, 0x61, 0x18, 0x61, 0x18, 0x61, 0x18,
  0x61, 0x18, 0x61, 0x18, 0x61, 0x18, 0x61, 0x18, 0x61, 0x18, 0x61, 0x18, 0x61, 0x18, 0x61, 0x18,
  0x61, 0x18, 0x61, 0x18, 0x61, 0x18, 0x61, 0x18, 0x61, 0x18, 0x61, 0x18, 0x61, 0x18, 0x61, 0x18,
  0x61, 0x18, 0x61, 0x18, 0x61, 0x18, 0x61, 0x18, 0x61, 0x18, 0x61, 0x18, 0x61, 0x18, 0x61, 0x18,
  0x61, 0x18, 0x61, 0x18, 0x42, 0x39, 0x6c, 0xdd, 0xad, 0xe5, 0xad, 0xe5, 0xad, 0xe5, 0xad, 0xe5,
  0xad, 0xe5, 0xad, 0xe5, 0xad, 0xe5, 0xad, 0xe5, 0xad, 0xe5, 0xad, 0xe5, 0xad, 0xe5, 0xad, 0xe5,
  0xad, 0xe5, 0xad, 0xe5, 0xad, 0xe5, 0xad, 0xe5, 0xad, 0xe5, 0xad, 0xe5, 0xad, 0xe5, 0xad, 0xe5,
  0xad, 0xe5, 0xad, 0xe5, 0xad, 0xe5, 0xad, 0xe5, 0xad, 0xe5, 0xad, 0xe5, 0xad, 0xe5, 0xad, 0xe5,
  0xad, 0xe5, 0xad, 0xe5, 0xad, 0xe5, 0xad, 0xe5, 0xad, 0xe5, 0xad, 0xe5, 0xad, 0xe5, 0xad, 0xe5,
  0xad, 0xe5, 0xad, 0xe5, 0xad, 0xe5, 0xad, 0xe5, 0xad, 0xe5, 0xad, 0xe5, 0xad, 0xe5, 0xad, 0xe5,
  0xad, 0xe5, 0xad, 0xe5, 0xad, 0xe5, 0xad, 0xe5, 0xad, 0xe5, 0xad, 0xe5, 0xad, 0xe5, 0xad, 0xe5,
  0xad, 0xe5, 0xad, 0xe5, 0xad, 0xe5, 0xad, 0xe5, 0xad, 0xe5, 0xad, 0xe5, 0xad, 0xe5, 0xad, 0xe5,
  0xad, 0xe5, 0xad, 0xe5, 0xad, 0xe5, 0xad, 0xe5, 0xad, 0xe5, 0xad, 0xe5, 0xad, 0xe5, 0xad, 0xe5,
  0xad, 0xe5, 0xad, 0xe5, 0xad, 0xe5, 0xad, 0xe5, 0xad, 0xe5, 0xad, 0xe5, 0xad, 0xe5, 0xad, 0xe5,
  0x47, 0x8b, 0x61, 0x18, 0x61, 0x18, 0x61, 0x18, 0x61, 0x18, 0x61, 0x18, 0x61, 0x18, 0x61, 0x18,
  0x61, 0x18, 0x61, 0x18, 0x61, 0x18, 0x61, 0x18, 0x61, 0x18, 0x61, 0x18, 0x61, 0x18, 0x61, 0x18,
  0x61, 0x18, 0x61, 0x18, 0x61, 0x18, 0x61, 0x18, 0x61, 0x18, 0x61, 0x18, 0x61, 0x18, 0x61, 0x18,
  0x61, 0x18, 0x61, 0x18, 0x61, 0x18, 0x61, 0x18, 0x61, 0x18, 0x61, 0x18, 0x61, 0x18, 0x61, 0x18,
  0x61, 0x18, 0x61, 0x18, 0x61, 0x18, 0x61, 0x18, 0x61, 0x18, 0x61, 0x18, 0x61, 0x18, 0x61, 0x18,
  0x61, 0x18, 0x61, 0x18, 0x61, 0x18, 0x61, 0x18, 0x61, 0x18, 0x61, 0x18, 0x61, 0x18, 0x61, 0x18,
  0x61, 0x18, 0x61, 0x18, 0x61, 0x18, 0x61, 0x18, 0x61, 0x18, 0x61, 0x18, 0x61, 0x18, 0x61, 0x18,
  0x61, 0x18, 0x61, 0x18, 0x61, 0x18, 0x61, 0x18, 0x61, 0x18, 0x61, 0x18, 0x61, 0x18, 0x61, 0x18,
  0x61, 0x18, 0x61, 0x18, 0x61, 0x18, 0x61, 0x18, 0x61, 0x18, 0xe2, 0x28, 0xe2, 0x28, 0x61, 0x18,
  0x61, 0x18, 0x61, 0x18, 0x61, 0x18, 0x61, 0x18, 0x61, 0x18, 0x61, 0x18, 0x61, 0x18, 0x61, 0x18,
  0x61, 0x18, 0x61, 0x18, 0x61, 0x18, 0x61, 0x18, 0x61, 0x18, 0x61, 0x18, 0x61, 0x18, 0x61, 0x18,
  0x61, 0x18, 0xc1, 0x28, 0xab, 0xc4, 0xad, 0xe5, 0xad, 0xe5, 0xad, 0xe5, 0xad, 0xe5, 0xad, 0xe5,
  0xad, 0xe5, 0xad, 0xe5, 0xad, 0xe5, 0xad, 0xe5, 0xad, 0xe5, 0xad, 0xe5, 0xad, 0xe5, 0xad, 0xe5,
  0xad, 0xe5, 0xad, 0xe5, 0xad, 0xe5, 0xad, 0xe5, 0xad, 0xe5, 0xad, 0xe5, 0xad, 0xe5, 0xad, 0xe5,
  0xad, 0xe5, 0xad, 0xe5, 0xad, 0xe5, 0xad, 0xe5, 0xad, 0xe5, 0xad, 0xe5, 0xad, 0xe5, 0xad, 0xe5,
  0xad, 0xe5, 0xad, 0xe5, 0xad, 0xe5, 0xad, 0xe5, 0xad, 0xe5, 0xad, 0xe5, 0xad, 0xe5, 0xad, 0xe5,
  0xad, 0xe5, 0xad, 0xe5, 0xad, 0xe5, 0xad, 0xe5, 0xad, 0xe5, 0xad, 0xe5, 0xad, 0xe5, 0xad, 0xe5,
  0xad, 0xe5, 0xad, 0xe5, 0xad, 0xe5, 0xad, 0xe5, 0xad, 0xe5, 0xad, 0xe5, 0xad, 0xe5, 0xad, 0xe5,
  0xad, 0xe5, 0xad, 0xe5, 0xad, 0xe5, 0xad, 0xe5, 0xad, 0xe5, 0xad, 0xe5, 0xad, 0xe5, 0xad, 0xe5,
  0xad, 0xe5, 0xad, 0xe5, 0xad, 0xe5, 0xad, 0xe5, 0xad, 0xe5, 0xad, 0xe5, 0xad, 0xe5, 0xad, 0xe5,
  0xad, 0xe5, 0xad, 0xe5, 0xad, 0xe5, 0xad, 0xe5, 0xad, 0xe5, 0xad, 0xe5, 0xad, 0xe5, 0xad, 0xe5,
  0x68, 0x93, 0x61, 0x18, 0x61, 0x18, 0x61, 0x18, 0x61, 0x18, 0x61, 0x18, 0x61, 0x18, 0x61, 0x18,
  0x61, 0x18, 0x61, 0x18, 0x61, 0x18, 0x61, 0x18, 0x61, 0x18, 0x61, 0x18, 0x61, 0x18, 0x61, 0x18,
  0x61, 0x18, 0x61, 0x18, 0x61, 0x18, 0x61, 0x18, 0x61, 0x18, 0x61, 0x18, 0x61, 0x18, 0x61, 0x18,
  0x61, 0x18, 0x61, 0x18, 0x61, 0x18, 0x61, 0x18, 0x61, 0x18, 0x61, 0x18, 0x61, 0x18, 0x61, 0x18,
  0x61, 0x18, 0x61, 0x18, 0x61, 0x18, 0x61, 0x18, 0x61, 0x18, 0x61, 0x18, 0x61, 0x18, 0x61, 0x18,
  0x61, 0x18, 0x61, 0x18, 0x61, 0x18, 0x61, 0x18, 0x61, 0x18, 0x61, 0x18, 0x61, 0x18, 0x61, 0x18,
  0x61, 0x18, 0x61, 0x18, 0x61, 0x18, 0x61, 0x18, 0x61, 0x18, 0x61, 0x18, 0x61, 0x18, 0x61, 0x18,
  0x61, 0x18, 0x61, 0x18, 0x61, 0x18, 0x81, 0x18, 0x22, 0x31, 0xc4, 0x49, 0x65, 0x62, 0x07, 0x7b,
  0x88, 0x93, 0x09, 0xac, 0x8a, 0xbc, 0x0c, 0xd5, 0x8d, 0xe5, 0xad, 0xe5, 0x47, 0x8b, 0x61, 0x18,
  0x61, 0x18, 0x61, 0x18, 0x61, 0x18, 0x61, 0x18, 0x61, 0x18, 0x61, 0x18, 0x61, 0x18, 0x61, 0x18,
  0x61, 0x18, 0x61, 0x18, 0x61, 0x18, 0x61, 0x18, 0x61, 0x18, 0x61, 0x18, 0x61, 0x18, 0x61, 0x18,
  0xe2, 0x28, 0xaa, 0xc4, 0xad, 0xe5, 0xad, 0xe5, 0xad, 0xe5, 0xad, 0xe5, 0xad, 0xe5, 0xad, 0xe5,
  0xad, 0xe5, 0xad, 0xe5, 0xad, 0xe5, 0xad, 0xe5, 0xad, 0xe5, 0xad, 0xe5, 0xad, 0xe5, 0xad, 0xe5,
  0xad, 0xe5, 0xad, 0xe5, 0xad, 0xe5, 0xad, 0xe5, 0xad, 0xe5, 0xad, 0xe5, 0xad, 0xe5, 0xad, 0xe5,
  0xad, 0xe5, 0xad, 0xe5, 0xad, 0xe5, 0xad, 0xe5, 0xad, 0xe5, 0xad, 0xe5, 0xad, 0xe5, 0xad, 0xe5,
  0xad, 0xe5, 0xad, 0xe5, 0xad, 0xe5, 0xad, 0xe5, 0xad, 0xe5, 0xad, 0xe5, 0xad, 0xe5, 0xad, 0xe5,
  0xad, 0xe5, 0xad, 0xe5, 0xad, 0xe5, 0xad, 0xe5, 0xad, 0xe5, 0xad, 0xe5, 0xad, 0xe5, 0xad, 0xe5,
  0xad, 0xe5, 0xad, 0xe5, 0xad, 0xe5, 0xad, 0xe5, 0xad, 0xe5, 0xad, 0xe5, 0xad, 0xe5, 0xad, 0xe5,
  0xad, 0xe5, 0xad, 0xe5, 0xad, 0xe5, 0xad, 0xe5, 0xad, 0xe5, 0xad, 0xe5, 0xad, 0xe5, 0xad, 0xe5,
  0xad, 0xe5, 0xad, 0xe5, 0xad, 0xe5, 0xad, 0xe5, 0xad, 0xe5, 0xad, 0xe5, 0xad, 0xe5, 0xad, 0xe5,
  0xad, 0xe5, 0xad, 0xe5, 0xad, 0xe5, 0xad, 0xe5, 0xad, 0xe5, 0xad, 0xe5, 0xad, 0xe5, 0xad, 0xe5,
  0x09, 0xa4, 0x61, 0x18, 0x61, 0x18, 0x61, 0x18, 0x61, 0x18, 0x61, 0x18, 0x61, 0x18, 0x61, 0x18,
  0x61, 0x18, 0x61, 0x18, 0x61, 0x18, 0x61, 0x18, 0x61, 0x18, 0x61, 0x18, 0x61, 0x18, 0x61, 0x18,
  0x61, 0x18, 0x61, 0x18, 0x61, 0x18, 0x61, 0x18, 0x61, 0x18, 0x61, 0x18, 0x61, 0x18, 0x61, 0x18,
  0x61, 0x18, 0x61, 0x18, 0x61, 0x18, 0x61, 0x18, 0x61, 0x18, 0x61, 0x18, 0x61, 0x18, 0x61, 0x18,
  0x61, 0x18, 0x61, 0x18, 0x61, 0x18, 0x61, 0x18, 0x61, 0x18, 0x61, 0x18, 0x61, 0x18, 0x61, 0x18,
  0x61, 0x18, 0x61, 0x18, 0x61, 0x18, 0x61, 0x18, 0x61, 0x18, 0x61, 0x18, 0x61, 0x18, 0x61, 0x18,
  0x61, 0x18, 0x61, 0x18, 0x61, 0x18, 0xe2, 0x28, 0x83, 0x41, 0x24, 0x5a, 0xa6, 0x72, 0x47, 0x8b,
  0xe9, 0xa3, 0x8a, 0xbc, 0x2c, 0xd5, 0xad, 0xe5, 0xad, 0xe5, 0xad, 0xe5, 0xad, 0xe5, 0xad, 0xe5,
  0xad, 0xe5, 0xad, 0xe5, 0xad, 0xe5, 0xad, 0xe5, 0xad, 0xe5, 0xad, 0xe5, 0xa8, 0x9b, 0x61, 0x18,
  0x61, 0x18, 0x61, 0x18, 0x61, 0x18, 0x61, 0x18, 0x61, 0x18, 0x61, 0x18, 0x61, 0x18, 0x61, 0x18,
  0x61, 0x18, 0x61, 0x18, 0x61, 0x18, 0x61, 0x18, 0x61, 0x18, 0x61, 0x18, 0x61, 0x18, 0x22, 0x31,
  0xcb, 0xc4, 0xad, 0xe5, 0xad, 0xe5, 0xad, 0xe5, 0xad, 0xe5, 0xad, 0xe5, 0xad, 0xe5, 0xad, 0xe5,
  0xad, 0xe5, 0xad, 0xe5, 0xad, 0xe5, 0xad, 0xe5, 0xad, 0xe5, 0xad, 0xe5, 0xad, 0xe5, 0xad, 0xe5,
  0xad, 0xe5, 0xad, 0xe5, 0xad, 0xe5, 0xad, 0xe5, 0xad, 0xe5, 0xad, 0xe5, 0xad, 0xe5, 0xad, 0xe5,
  0xad, 0xe5, 0xad, 0xe5, 0xad, 0xe5, 0xad, 0xe5, 0xad, 0xe5, 0xad, 0xe5, 0xad, 0xe5, 0xad, 0xe5,
  0xad, 0xe5, 0xad, 0xe5, 0xad, 0xe5, 0xad, 0xe5, 0xad, 0xe5, 0xad, 0xe5, 0xad, 0xe5, 0xad, 0xe5,
  0xad, 0xe5, 0xad, 0xe5, 0xad, 0xe5, 0xad, 0xe5, 0xad, 0xe5, 0xad, 0xe5, 0xad, 0xe5, 0xad, 0xe5,
  0xad, 0xe5, 0xad, 0xe5, 0xad, 0xe5, 0xad, 0xe5, 0xad, 0xe5, 0xad, 0xe5, 0xad, 0xe5, 0xad, 0xe5,
  0xad, 0xe5, 0xad, 0xe5, 0xad, 0xe5, 0xad, 0xe5, 0xad, 0xe5, 0xad, 0xe5, 0xad, 0xe5, 0xad, 0xe5,
  0xad, 0xe5, 0xad, 0xe5, 0xad, 0xe5, 0xad, 0xe5, 0xad, 0xe5, 0xad, 0xe5, 0xad, 0xe5, 0xad, 0xe5,
  0xad, 0xe5, 0xad, 0xe5, 0xad, 0xe5, 0xad, 0xe5, 0xad, 0xe5, 0xad, 0xe5, 0xad, 0xe5, 0xad, 0xe5,
  0x0b, 0xcd, 0x61, 0x18, 0x61, 0x18, 0x61, 0x18, 0x61, 0x18, 0x61, 0x18, 0x61, 0x18, 0x61, 0x18,
  0x61, 0x18, 0x61, 0x18, 0x61, 0x18, 0x61, 0x18, 0x61, 0x18, 0x61, 0x18, 0x61, 0x18, 0x61, 0x18,
  0x61, 0x18, 0x61, 0x18, 0x61, 0x18, 0x61, 0x18, 0x61, 0x18, 0x61, 0x18, 0x61, 0x18, 0x61, 0x18,
  0x61, 0x18, 0x61, 0x18, 0x61, 0x18, 0x61, 0x18, 0x61, 0x18, 0x61, 0x18, 0x61, 0x18, 0x61, 0x18,
  0x61, 0x18, 0x61, 0x18, 0x61, 0x18, 0x61, 0x18, 0x61, 0x18, 0x61, 0x18, 0x81, 0x18, 0xc1, 0x20,
  0x02, 0x31, 0x43, 0x39, 0x83, 0x41, 0x04, 0x52, 0x65, 0x6a, 0x07, 0x7b, 0x68, 0x93, 0x09, 0xa4,
  0x6a, 0xbc, 0x0b, 0xcd, 0x8d, 0xe5, 0xad, 0xe5, 0xad, 0xe5, 0xad, 0xe5, 0xad, 0xe5, 0xad, 0xe5,
  0xad, 0xe5, 0xad, 0xe5, 0xad, 0xe5, 0xad, 0xe5, 0xad, 0xe5, 0xad, 0xe5, 0xad, 0xe5, 0xad, 0xe5,
  0xad, 0xe5, 0xad, 0xe5, 0xad, 0xe5, 0xad, 0xe5, 0xad, 0xe5, 0xad, 0xe5, 0x09, 0xac, 0x61, 0x18,
  0x61, 0x18, 0x61, 0x18, 0x61, 0x18, 0x61, 0x18, 0x61, 0x18, 0x61, 0x18, 0x61, 0x18, 0x61, 0x18,
  0x61, 0x18, 0x61, 0x18, 0x61, 0x18, 0x61, 0x18, 0x61, 0x18, 0x61, 0x18, 0xe4, 0x51, 0x4c, 0xdd,
  0xad, 0xe5, 0xad, 0xe5, 0xad, 0xe5, 0xad, 0xe5, 0xad, 0xe5, 0xad, 0xe5, 0xad, 0xe5, 0xad, 0xe5,
  0xad, 0xe5, 0xad, 0xe5, 0xad, 0xe5, 0xad, 0xe5, 0xad, 0xe5, 0xad, 0xe5, 0xad, 0xe5, 0xad, 0xe5,
  0xad, 0xe5, 0xad, 0xe5, 0xad, 0xe5, 0xad, 0xe5, 0xad, 0xe5, 0xad, 0xe5, 0xad, 0xe5, 0xad, 0xe5,
  0xad, 0xe5, 0xad, 0xe5, 0xad, 0xe5, 0xad, 0xe5, 0xad, 0xe5, 0xad, 0xe5, 0xad, 0xe5, 0xad, 0xe5,
  0xad, 0xe5, 0xad, 0xe5, 0xad, 0xe5, 0xad, 0xe5, 0xad, 0xe5, 0xad, 0xe5, 0xad, 0xe5, 0xad, 0xe5,
  0xad, 0xe5, 0xad, 0xe5, 0xad, 0xe5, 0xad, 0xe5, 0xad, 0xe5, 0xad, 0xe5, 0xad, 0xe5, 0xad, 0xe5,
  0xad, 0xe5, 0xad, 0xe5, 0xad, 0xe5, 0xad, 0xe5, 0xad, 0xe5, 0xad, 0xe5, 0xad, 0xe5, 0xad, 0xe5,
  0xad, 0xe5, 0xad, 0xe5, 0xad, 0xe5, 0xad, 0xe5, 0xad, 0xe5, 0xad, 0xe5, 0xad, 0xe5, 0xad, 0xe5,
  0xad, 0xe5, 0xad, 0xe5, 0xad, 0xe5, 0xad, 0xe5, 0xad, 0xe5, 0xad, 0xe5, 0xad, 0xe5, 0xad, 0xe5,
  0xad, 0xe5, 0xad, 0xe5, 0xad, 0xe5, 0xad, 0xe5, 0xad, 0xe5, 0xad, 0xe5, 0xad, 0xe5, 0xad, 0xe5,
  0xad, 0xe5, 0x02, 0x31, 0x61, 0x18, 0x61, 0x18, 0x61, 0x18, 0x61, 0x18, 0x61, 0x18, 0x61, 0x18,
  0x61, 0x18, 0x61, 0x18, 0x61, 0x18, 0x61, 0x18, 0x61, 0x18, 0x61, 0x18, 0x61, 0x18, 0x61, 0x18,
  0x61, 0x18, 0x61, 0x18, 0x61, 0x18, 0x61, 0x18, 0x61, 0x18, 0x61, 0x18, 0x61, 0x18, 0x61, 0x18,
  0x61, 0x18, 0x61, 0x18, 0x61, 0x18, 0x61, 0x18, 0x61, 0x18, 0x61, 0x18, 0x61, 0x18, 0xe6, 0x7a,
  0xe9, 0xa3, 0x4a, 0xb4, 0xaa, 0xbc, 0xeb, 0xcc, 0x4c, 0xdd, 0x8d, 0xe5, 0xad, 0xe5, 0xad, 0xe5,
  0xad, 0xe5, 0xad, 0xe5, 0xad, 0xe5, 0xad, 0xe5, 0xad, 0xe5, 0xad, 0xe5, 0xad, 0xe5, 0xad, 0xe5,
  0xad, 0xe5, 0xad, 0xe5, 0xad, 0xe5, 0xad, 0xe5, 0xad, 0xe5, 0xad, 0xe5, 0xad, 0xe5, 0xad, 0xe5,
  0xad, 0xe5, 0xad, 0xe5, 0xad, 0xe5, 0xad, 0xe5, 0xad, 0xe5, 0xad, 0xe5, 0xad, 0xe5, 0xad, 0xe5,
  0xad, 0xe5, 0xad, 0xe5, 0xad, 0xe5, 0xad, 0xe5, 0xad, 0xe5, 0xad, 0xe5, 0x6a, 0xb4, 0x61, 0x18,
  0x61, 0x18, 0x61, 0x18, 0x61, 0x18, 0x61, 0x18, 0x61, 0x18, 0x61, 0x18, 0x61, 0x18, 0x61, 0x18,
  0x61, 0x18, 0x61, 0x18, 0x61, 0x18, 0x61, 0x18, 0x61, 0x18, 0x07, 0x7b, 0x8d, 0xe5, 0xad, 0xe5,
  0xad, 0xe5, 0xad, 0xe5, 0xad, 0xe5, 0xad, 0xe5, 0xad, 0xe5, 0xad, 0xe5, 0xad, 0xe5, 0xad, 0xe5,
  0xad, 0xe5, 0xad, 0xe5, 0xad, 0xe5, 0xad, 0xe5, 0xad, 0xe5, 0xad, 0xe5, 0xad, 0xe5, 0xad, 0xe5,
  0xad, 0xe5, 0xad, 0xe5, 0xad, 0xe5, 0xad, 0xe5, 0xad, 0xe5, 0xad, 0xe5, 0xad, 0xe5, 0xad, 0xe5,
  0xad, 0xe5, 0xad, 0xe5, 0xad, 0xe5, 0xad, 0xe5, 0xad, 0xe5, 0xad, 0xe5, 0xad, 0xe5, 0xad, 0xe5,
  0xad, 0xe5, 0xad, 0xe5, 0xad, 0xe5, 0xad, 0xe5, 0xad, 0xe5, 0xad, 0xe5, 0xad, 0xe5, 0xad, 0xe5,
  0xad, 0xe5, 0xad, 0xe5, 0xad, 0xe5, 0xad, 0xe5, 0xad, 0xe5, 0xad, 0xe5, 0xad, 0xe5, 0xad, 0xe5,
  0xad, 0xe5, 0xad, 0xe5, 0xad, 0xe5, 0xad, 0xe5, 0xad, 0xe5, 0xad, 0xe5, 0xad, 0xe5, 0xad, 0xe5,
  0xad, 0xe5, 0xad, 0xe5, 0xad, 0xe5, 0xad, 0xe5, 0xad, 0xe5, 0xad, 0xe5, 0xad, 0xe5, 0xad, 0xe5,
  0xad, 0xe5, 0xad, 0xe5, 0xad, 0xe5, 0xad, 0xe5, 0xad, 0xe5, 0xad, 0xe5, 0xad, 0xe5, 0xad, 0xe5,
  0xad, 0xe5, 0xad, 0xe5, 0xad, 0xe5, 0xad, 0xe5, 0xad, 0xe5, 0xad, 0xe5, 0xad, 0xe5, 0xad, 0xe5,
  0xad, 0xe5, 0xc6, 0x72, 0x61, 0x18, 0x61, 0x18, 0x61, 0x18, 0x61, 0x18, 0x61, 0x18, 0x61, 0x18,
  0x61, 0x18, 0x61, 0x18, 0x61, 0x18, 0x61, 0x18, 0x61, 0x18, 0x61, 0x18, 0x61, 0x18, 0x61, 0x18,
  0x61, 0x18, 0x61, 0x18, 0x61, 0x18, 0x61, 0x18, 0x61, 0x18, 0x61, 0x18, 0x61, 0x18, 0x61, 0x18,
  0x61, 0x18, 0x61, 0x18, 0x61, 0x18, 0x61, 0x18, 0x61, 0x18, 0x61, 0x18, 0xe2, 0x28, 0x8d, 0xe5,
  0xad, 0xe5, 0xad, 0xe5, 0xad, 0xe5, 0xad, 0xe5, 0xad, 0xe5, 0xad, 0xe5, 0xad, 0xe5, 0xad, 0xe5,
  0xad, 0xe5, 0xad, 0xe5, 0xad, 0xe5, 0xad, 0xe5, 0xad, 0xe5, 0xad, 0xe5, 0xad, 0xe5, 0xad, 0xe5,
  0xad, 0xe5, 0xad, 0xe5, 0xad, 0xe5, 0xad, 0xe5, 0xad, 0xe5, 0xad, 0xe5, 0xad, 0xe5, 0xad, 0xe5,
  0xad, 0xe5, 0xad, 0xe5, 0xad, 0xe5, 0xad, 0xe5, 0xad, 0xe5, 0xad, 0xe5, 0xad, 0xe5, 0xad, 0xe5,
  0xad, 0xe5, 0xad, 0xe5, 0xad, 0xe5, 0xad, 0xe5, 0xad, 0xe5, 0xad, 0xe5, 0xab, 0xc4, 0x61, 0x18,
  0x61, 0x18, 0x61, 0x18, 0x61, 0x18, 0x61, 0x18, 0x61, 0x18, 0x61, 0x18, 0x61, 0x18, 0x61, 0x18,
  0x61, 0x18, 0x61, 0x18, 0x61, 0x18, 0xe2, 0x28, 0x4a, 0xb4, 0xad, 0xe5, 0xad, 0xe5, 0xad, 0xe5,
  0xad, 0xe5, 0xad, 0xe5, 0xad, 0xe5, 0xad, 0xe5, 0xad, 0xe5, 0xad, 0xe5, 0xad, 0xe5, 0xad, 0xe5,
  0xad, 0xe5, 0xad, 0xe5, 0xad, 0xe5, 0xad, 0xe5, 0xad, 0xe5, 0xad, 0xe5, 0xad, 0xe5, 0xad, 0xe5,
  0xad, 0xe5, 0xad, 0xe5, 0xad, 0xe5, 0xad, 0xe5, 0xad, 0xe5, 0xad, 0xe5, 0xad, 0xe5, 0xad, 0xe5,
  0xad, 0xe5, 0xad, 0xe5, 0xad, 0xe5, 0xad, 0xe5, 0xad, 0xe5, 0xad, 0xe5, 0xad, 0xe5, 0xad, 0xe5,
  0xad, 0xe5, 0xad, 0xe5, 0xad, 0xe5, 0xad, 0xe5, 0xad, 0xe5, 0xad, 0xe5, 0xad, 0xe5, 0xad, 0xe5,
  0xad, 0xe5, 0xad, 0xe5, 0xad, 0xe5, 0xad, 0xe5, 0xad, 0xe5, 0xad, 0xe5, 0xad, 0xe5, 0xad, 0xe5,
  0xad, 0xe5, 0xad, 0xe5, 0xad, 0xe5, 0xad, 0xe5, 0xad, 0xe5, 0xad, 0xe5, 0xad, 0xe5, 0xad, 0xe5,
  0xad, 0xe5, 0xad, 0xe5, 0xad, 0xe5, 0xad, 0xe5, 0xad, 0xe5, 0xad, 0xe5, 0xad, 0xe5, 0xad, 0xe5,
  0xad, 0xe5, 0xad, 0xe5, 0xad, 0xe5, 0xad, 0xe5, 0xad, 0xe5, 0xad, 0xe5, 0xad, 0xe5, 0xad, 0xe5,
  0xad, 0xe5, 0xad, 0xe5, 0xad, 0xe5, 0xad, 0xe5, 0xad, 0xe5, 0xad, 0xe5, 0xad, 0xe5, 0xad, 0xe5,
  0xad, 0xe5, 0x8a, 0xbc, 0x61, 0x18, 0x61, 0x18, 0x61, 0x18, 0x61, 0x18, 0x61, 0x18, 0x61, 0x18,
  0x61, 0x18, 0x61, 0x18, 0x61, 0x18, 0x61, 0x18, 0x61, 0x18, 0x61, 0x18, 0x61, 0x18, 0x61, 0x18,
  0x61, 0x18, 0x61, 0x18, 0x61, 0x18, 0x61, 0x18, 0x61, 0x18, 0x61, 0x18, 0x61, 0x18, 0x61, 0x18,
  0x61, 0x18, 0x61, 0x18, 0x61, 0x18, 0x61, 0x18, 0x61, 0x18, 0x61, 0x18, 0xa6, 0x72, 0xad, 0xe5,
  0xad, 0xe5, 0xad, 0xe5, 0xad, 0xe5, 0xad, 0xe5, 0xad, 0xe5, 0xad, 0xe5, 0xad, 0xe5, 0xad, 0xe5,
  0xad, 0xe5, 0xad, 0xe5, 0xad, 0xe5, 0xad, 0xe5, 0xad, 0xe5, 0xad, 0xe5, 0xad, 0xe5, 0xad, 0xe5,
  0xad, 0xe5, 0xad, 0xe5, 0xad, 0xe5, 0xad, 0xe5, 0xad, 0xe5, 0xad, 0xe5, 0xad, 0xe5, 0xad, 0xe5,
  0xad, 0xe5, 0xad, 0xe5, 0xad, 0xe5, 0xad, 0xe5, 0xad, 0xe5, 0xad, 0xe5, 0xad, 0xe5, 0xad, 0xe5,
  0xad, 0xe5, 0xad, 0xe5, 0xad, 0xe5, 0xad, 0xe5, 0xad, 0xe5, 0xad, 0xe5, 0xeb, 0xcc, 0x61, 0x18,
  0x61, 0x18, 0x61, 0x18, 0x61, 0x18, 0x61, 0x18, 0x61, 0x18, 0x61, 0x18, 0x61, 0x18, 0x61, 0x18,
  0x61, 0x18, 0x61, 0x18, 0x63, 0x39, 0x0b, 0xcd, 0xad, 0xe5, 0xad, 0xe5, 0xad, 0xe5, 0xad, 0xe5,
  0xad, 0xe5, 0xad, 0xe5, 0xad, 0xe5, 0xad, 0xe5, 0xad, 0xe5, 0xad, 0xe5, 0xad, 0xe5, 0xad, 0xe5,
  0xad, 0xe5, 0xad, 0xe5, 0xad, 0xe5, 0xad, 0xe5, 0xad, 0xe5, 0xad, 0xe5, 0xad, 0xe5, 0xad, 0xe5,
  0xad, 0xe5, 0xad, 0xe5, 0xad, 0xe5, 0xad, 0xe5, 0xad, 0xe5, 0xad, 0xe5, 0xad, 0xe5, 0xad, 0xe5,
  0xad, 0xe5, 0xad, 0xe5, 0xad, 0xe5, 0xad, 0xe5, 0xad, 0xe5, 0xad, 0xe5, 0xad, 0xe5, 0xad, 0xe5,
  0xad, 0xe5, 0xad, 0xe5, 0xad, 0xe5, 0xad, 0xe5, 0xad, 0xe5, 0xad, 0xe5, 0xad, 0xe5, 0xad, 0xe5,
  0xad, 0xe5, 0xad, 0xe5, 0xad, 0xe5, 0xad, 0xe5, 0xad, 0xe5, 0xad, 0xe5, 0xad, 0xe5, 0xad, 0xe5,
  0xad, 0xe5, 0xad, 0xe5, 0xad, 0xe5, 0xad, 0xe5, 0xad, 0xe5, 0xad, 0xe5, 0xad, 0xe5, 0xad, 0xe5,
  0xad, 0xe5, 0xad, 0xe5, 0xad, 0xe5, 0xad, 0xe5, 0xad, 0xe5, 0xad, 0xe5, 0xad, 0xe5, 0xad, 0xe5,
  0xad, 0xe5, 0xad, 0xe5, 0xad, 0xe5, 0xad, 0xe5, 0xad, 0xe5, 0xad, 0xe5, 0xad, 0xe5, 0xad, 0xe5,
  0xad, 0xe5, 0xad, 0xe5, 0xad, 0xe5, 0xad, 0xe5, 0xad, 0xe5, 0xad, 0xe5, 0xad, 0xe5, 0xad, 0xe5,
  0xad, 0xe5, 0xad, 0xe5, 0xa4, 0x49, 0x61, 0x18, 0x61, 0x18, 0x61, 0x18, 0x61, 0x18, 0x61, 0x18,
  0x61, 0x18, 0x61, 0x18, 0x61, 0x18, 0x61, 0x18, 0x61, 0x18, 0x61, 0x18, 0x61, 0x18, 0x61, 0x18,
  0x61, 0x18, 0x61, 0x18, 0x61, 0x18, 0x61, 0x18, 0x61, 0x18, 0x61, 0x18, 0x61, 0x18, 0x61, 0x18,
  0x61, 0x18, 0x61, 0x18, 0x61, 0x18, 0x61, 0x18, 0x61, 0x18, 0x81, 0x18, 0xeb, 0xcc, 0xad, 0xe5,
  0xad, 0xe5, 0xad, 0xe5, 0xad, 0xe5, 0xad, 0xe5, 0xad, 0xe5, 0xad, 0xe5, 0xad, 0xe5, 0xad, 0xe5,
  0xad, 0xe5, 0xad, 0xe5, 0xad, 0xe5, 0xad, 0xe5, 0xad, 0xe5, 0xad, 0xe5, 0xad, 0xe5, 0xad, 0xe5,
  0xad, 0xe5, 0xad, 0xe5, 0xad, 0xe5, 0xad, 0xe5, 0xad, 0xe5, 0xad, 0xe5, 0xad, 0xe5, 0xad, 0xe5,
  0xad, 0xe5, 0xad, 0xe5, 0xad, 0xe5, 0xad, 0xe5, 0xad, 0xe5, 0xad, 0xe5, 0xad, 0xe5, 0xad, 0xe5,
  0xad, 0xe5, 0xad, 0xe5, 0xad, 0xe5, 0xad, 0xe5, 0xad, 0xe5, 0xad, 0xe5, 0x0b, 0xcd, 0x61, 0x18,
  0x61, 0x18, 0x61, 0x18, 0x61, 0x18, 0x61, 0x18, 0x61, 0x18, 0x61, 0x18, 0x61, 0x18, 0x61, 0x18,
  0x61, 0x18, 0x04, 0x52, 0x6c, 0xdd, 0xad, 0xe5, 0xad, 0xe5, 0xad, 0xe5, 0xad, 0xe5, 0xad, 0xe5,
  0xad, 0xe5, 0xad, 0xe5, 0xad, 0xe5, 0xad, 0xe5, 0xad, 0xe5, 0xad, 0xe5, 0xad, 0xe5, 0xad, 0xe5,
  0xad, 0xe5, 0xad, 0xe5, 0xad, 0xe5, 0xad, 0xe5, 0xad, 0xe5, 0xad, 0xe5, 0xad, 0xe5, 0xad, 0xe5,
  0xad, 0xe5, 0xad, 0xe5, 0xad, 0xe5, 0xad, 0xe5, 0xad, 0xe5, 0xad, 0xe5, 0xad, 0xe5, 0xad, 0xe5,
  0xad, 0xe5, 0xad, 0xe5, 0xad, 0xe5, 0xad, 0xe5, 0xad, 0xe5, 0xad, 0xe5, 0xad, 0xe5, 0xad, 0xe5,
  0xad, 0xe5, 0xad, 0xe5, 0xad, 0xe5, 0xad, 0xe5, 0xad, 0xe5, 0xad, 0xe5, 0xad, 0xe5, 0xad, 0xe5,
  0xad, 0xe5, 0xad, 0xe5, 0xad, 0xe5, 0xad, 0xe5, 0xad, 0xe5, 0xad, 0xe5, 0xad, 0xe5, 0xad, 0xe5,
  0xad, 0xe5, 0xad, 0xe5, 0xad, 0xe5, 0xad, 0xe5, 0xad, 0xe5, 0xad, 0xe5, 0xad, 0xe5, 0xad, 0xe5,
  0xad, 0xe5, 0xad, 0xe5, 0xad, 0xe5, 0xad, 0xe5, 0xad, 0xe5, 0xad, 0xe5, 0xad, 0xe5, 0xad, 0xe5,
  0xad, 0xe5, 0xad, 0xe5, 0xad, 0xe5, 0xad, 0xe5, 0xad, 0xe5, 0xad, 0xe5, 0xad, 0xe5, 0xad, 0xe5,
  0xad, 0xe5, 0xad, 0xe5, 0xad, 0xe5, 0xad, 0xe5, 0xad, 0xe5, 0xad, 0xe5, 0xad, 0xe5, 0xad, 0xe5,
  0xad, 0xe5, 0xad, 0xe5, 0x6a, 0xb4, 0x61, 0x18, 0x61, 0x18, 0x61, 0x18, 0x61, 0x18, 0x61, 0x18,
  0x61, 0x18, 0x61, 0x18, 0x61, 0x18, 0x61, 0x18, 0x61, 0x18, 0x61, 0x18, 0x61, 0x18, 0x61, 0x18,
  0x61, 0x18, 0x61, 0x18, 0x61, 0x18, 0x61, 0x18, 0x61, 0x18, 0x61, 0x18, 0x61, 0x18, 0x61, 0x18,
  0x61, 0x18, 0x61, 0x18, 0x61, 0x18, 0x61, 0x18, 0x61, 0x18, 0x86, 0x6a, 0xad, 0xe5, 0xad, 0xe5,
  0xad, 0xe5, 0xad, 0xe5, 0xad, 0xe5, 0xad, 0xe5, 0xad, 0xe5, 0xad, 0xe5, 0xad, 0xe5, 0xad, 0xe5,
  0xad, 0xe5, 0xad, 0xe5, 0xad, 0xe5, 0xad, 0xe5, 0xad, 0xe5, 0xad, 0xe5, 0xad, 0xe5, 0xad, 0xe5,
  0xad, 0xe5, 0xad, 0xe5, 0xad, 0xe5, 0xad, 0xe5, 0xad, 0xe5, 0xad, 0xe5, 0xad, 0xe5, 0xad, 0xe5,
  0xad, 0xe5, 0xad, 0xe5, 0xad, 0xe5, 0xad, 0xe5, 0xad, 0xe5, 0xad, 0xe5, 0xad, 0xe5, 0xad, 0xe5,
  0xad, 0xe5, 0xad, 0xe5, 0xad, 0xe5, 0xad, 0xe5, 0xad, 0xe5, 0xad, 0xe5, 0x2c, 0xd5, 0x61, 0x18,
  0x61, 0x18, 0x61, 0x18, 0x61, 0x18, 0x61, 0x18, 0x61, 0x18, 0x61, 0x18, 0x61, 0x18, 0x61, 0x18,
  0x04, 0x5a, 0x8d, 0xe5, 0xad, 0xe5, 0xad, 0xe5, 0xad, 0xe5, 0xad, 0xe5, 0xad, 0xe5, 0xad, 0xe5,
  0xad, 0xe5, 0xad, 0xe5, 0xad, 0xe5, 0xad, 0xe5, 0xad, 0xe5, 0xad, 0xe5, 0xad, 0xe5, 0xad, 0xe5,
  0xad, 0xe5, 0xad, 0xe5, 0xad, 0xe5, 0xad, 0xe5, 0xad, 0xe5, 0xad, 0xe5, 0xad, 0xe5, 0xad, 0xe5,
  0xad, 0xe5, 0xad, 0xe5, 0xad, 0xe5, 0xad, 0xe5, 0xad, 0xe5, 0xad, 0xe5, 0xad, 0xe5, 0xad, 0xe5,
  0xad, 0xe5, 0xad, 0xe5, 0xad, 0xe5, 0xad, 0xe5, 0xad, 0xe5, 0xad, 0xe5, 0xad, 0xe5, 0xad, 0xe5,
  0xad, 0xe5, 0xad, 0xe5, 0xad, 0xe5, 0xad, 0xe5, 0xad, 0xe5, 0xad, 0xe5, 0xad, 0xe5, 0xad, 0xe5,
  0xad, 0xe5, 0xad, 0xe5, 0xad, 0xe5, 0xad, 0xe5, 0xad, 0xe5, 0xad, 0xe5, 0xad, 0xe5, 0xad, 0xe5,
  0xad, 0xe5, 0xad, 0xe5, 0xad, 0xe5, 0xad, 0xe5, 0xad, 0xe5, 0xad, 0xe5, 0xad, 0xe5, 0xad, 0xe5,
  0xad, 0xe5, 0xad, 0xe5, 0xad, 0xe5, 0xad, 0xe5, 0xad, 0xe5, 0xad, 0xe5, 0xad, 0xe5, 0xad, 0xe5,
  0xad, 0xe5, 0xad, 0xe5, 0xad, 0xe5, 0xad, 0xe5, 0xad, 0xe5, 0xad, 0xe5, 0xad, 0xe5, 0xad, 0xe5,
  0xad, 0xe5, 0xad, 0xe5, 0xad, 0xe5, 0xad, 0xe5, 0xad, 0xe5, 0xad, 0xe5, 0xad, 0xe5, 0xad, 0xe5,
  0xad, 0xe5, 0xad, 0xe5, 0xad, 0xe5, 0x45, 0x62, 0x61, 0x18, 0x61, 0x18, 0x61, 0x18, 0x61, 0x18,
  0x61, 0x18, 0x61, 0x18, 0x61, 0x18, 0x61, 0x18, 0x61, 0x18, 0x61, 0x18, 0x61, 0x18, 0x61, 0x18,
  0x61, 0x18, 0x61, 0x18, 0x61, 0x18, 0x61, 0x18, 0x61, 0x18, 0x61, 0x18, 0x61, 0x18, 0x61, 0x18,
  0x61, 0x18, 0x61, 0x18, 0x61, 0x18, 0x61, 0x18, 0xe2, 0x28, 0x2c, 0xd5, 0xad, 0xe5, 0xad, 0xe5,
  0xad, 0xe5, 0xad, 0xe5, 0xad, 0xe5, 0xad, 0xe5, 0xad, 0xe5, 0xad, 0xe5, 0xad, 0xe5, 0xad, 0xe5,
  0xad, 0xe5, 0xad, 0xe5, 0xad, 0xe5, 0xad, 0xe5, 0xad, 0xe5, 0xad, 0xe5, 0xad, 0xe5, 0xad, 0xe5,
  0xad, 0xe5, 0xad, 0xe5, 0xad, 0xe5, 0xad, 0xe5, 0xad, 0xe5, 0xad, 0xe5, 0xad, 0xe5, 0xad, 0xe5,
  0xad, 0xe5, 0xad, 0xe5, 0xad, 0xe5, 0xad, 0xe5, 0xad, 0xe5, 0xad, 0xe5, 0xad, 0xe5, 0xad, 0xe5,
  0xad, 0xe5, 0xad, 0xe5, 0xad, 0xe5, 0xad, 0xe5, 0xad, 0xe5, 0xad, 0xe5, 0x4c, 0xdd, 0x61, 0x18,
  0x61, 0x18, 0x61, 0x18, 0x61, 0x18, 0x61, 0x18, 0x61, 0x18, 0x61, 0x18, 0x61, 0x18, 0xa4, 0x49,
  0x8d, 0xe5, 0xad, 0xe5, 0xad, 0xe5, 0xad, 0xe5, 0xad, 0xe5, 0xad, 0xe5, 0xad, 0xe5, 0xad, 0xe5,
  0xad, 0xe5, 0xad, 0xe5, 0xad, 0xe5, 0xad, 0xe5, 0xad, 0xe5, 0xad, 0xe5, 0xad, 0xe5, 0xad, 0xe5,
  0xad, 0xe5, 0xad, 0xe5, 0xad, 0xe5, 0xad, 0xe5, 0xad, 0xe5, 0xad, 0xe5, 0xad, 0xe5, 0xad, 0xe5,
  0xad, 0xe5, 0xad, 0xe5, 0xad, 0xe5, 0xad, 0xe5, 0xad, 0xe5, 0xad, 0xe5, 0xad, 0xe5, 0xad, 0xe5,
  0xad, 0xe5, 0xad, 0xe5, 0xad, 0xe5, 0xad, 0xe5, 0xad, 0xe5, 0xad, 0xe5, 0xad, 0xe5, 0xad, 0xe5,
  0xad, 0xe5, 0xad, 0xe5, 0xad, 0xe5, 0xad, 0xe5, 0xad, 0xe5, 0xad, 0xe5, 0xad, 0xe5, 0xad, 0xe5,
  0xad, 0xe5, 0xad, 0xe5, 0xad, 0xe5, 0xad, 0xe5, 0xad, 0xe5, 0xad, 0xe5, 0xad, 0xe5, 0xad, 0xe5,
  0xad, 0xe5, 0xad, 0xe5, 0xad, 0xe5, 0xad, 0xe5, 0xad, 0xe5, 0xad, 0xe5, 0xad, 0xe5, 0xad, 0xe5,
  0xad, 0xe5, 0xad, 0xe5, 0xad, 0xe5, 0xad, 0xe5, 0xad, 0xe5, 0xad, 0xe5, 0xad, 0xe5, 0xad, 0xe5,
  0xad, 0xe5, 0xad, 0xe5, 0xad, 0xe5, 0xad, 0xe5, 0xad, 0xe5, 0xad, 0xe5, 0xad, 0xe5, 0xad, 0xe5,
  0xad, 0xe5, 0xad, 0xe5, 0xad, 0xe5, 0xad, 0xe5, 0xad, 0xe5, 0xad, 0xe5, 0xad, 0xe5, 0xad, 0xe5,
  0xad, 0xe5, 0xad, 0xe5, 0xad, 0xe5, 0x6c, 0xdd, 0x22, 0x31, 0x61, 0x18, 0x61, 0x18, 0x61, 0x18,
  0x61, 0x18, 0x61, 0x18, 0x61, 0x18, 0x61, 0x18, 0x61, 0x18, 0x61, 0x18, 0x61, 0x18, 0x61, 0x18,
  0x61, 0x18, 0x61, 0x18, 0x61, 0x18, 0x61, 0x18, 0x61, 0x18, 0x61, 0x18, 0x61, 0x18, 0x61, 0x18,
  0x61, 0x18, 0x61, 0x18, 0x61, 0x18, 0x61, 0x18, 0x29, 0xac, 0xad, 0xe5, 0xad, 0xe5, 0xad, 0xe5,
  0xad, 0xe5, 0xad, 0xe5, 0xad, 0xe5, 0xad, 0xe5, 0xad, 0xe5, 0xad, 0xe5, 0xad, 0xe5, 0xad, 0xe5,
  0xad, 0xe5, 0xad, 0xe5, 0xad, 0xe5, 0xad, 0xe5, 0xad, 0xe5, 0xad, 0xe5, 0xad, 0xe5, 0xad, 0xe5,
  0xad, 0xe5, 0xad, 0xe5, 0xad, 0xe5, 0xad, 0xe5, 0xad, 0xe5, 0xad, 0xe5, 0xad, 0xe5, 0xad, 0xe5,
  0xad, 0xe5, 0xad, 0xe5, 0xad, 0xe5, 0xad, 0xe5, 0xad, 0xe5, 0xad, 0xe5, 0xad, 0xe5, 0xad, 0xe5,
  0xad, 0xe5, 0xad, 0xe5, 0xad, 0xe5, 0xad, 0xe5, 0xad, 0xe5, 0xad, 0xe5, 0x6c, 0xdd, 0x61, 0x18,
  0x61, 0x18, 0x61, 0x18, 0x61, 0x18, 0x61, 0x18, 0x61, 0x18, 0x61, 0x18, 0xc1, 0x28, 0x0b, 0xd5,
  0xad, 0xe5, 0xad, 0xe5, 0xad, 0xe5, 0xad, 0xe5, 0xad, 0xe5, 0xad, 0xe5, 0xad, 0xe5, 0xad, 0xe5,
  0xad, 0xe5, 0xad, 0xe5, 0xad, 0xe5, 0xad, 0xe5, 0xad, 0xe5, 0xad, 0xe5, 0xad, 0xe5, 0xad, 0xe5,
  0xad, 0xe5, 0xad, 0xe5, 0xad, 0xe5, 0xad, 0xe5, 0xad, 0xe5, 0xad, 0xe5, 0xad, 0xe5, 0xad, 0xe5,
  0xad, 0xe5, 0xad, 0xe5, 0xad, 0xe5, 0xad, 0xe5, 0xad, 0xe5, 0xad, 0xe5, 0xad, 0xe5, 0xad, 0xe5,
  0xad, 0xe5, 0xad, 0xe5, 0xad, 0xe5, 0xad, 0xe5, 0xad, 0xe5, 0xad, 0xe5, 0xad, 0xe5, 0xad, 0xe5,
  0xad, 0xe5, 0xad, 0xe5, 0xad, 0xe5, 0xad, 0xe5, 0xad, 0xe5, 0xad, 0xe5, 0xad, 0xe5, 0xad, 0xe5,
  0xad, 0xe5, 0xad, 0xe5, 0xad, 0xe5, 0xad, 0xe5, 0xad, 0xe5, 0xad, 0xe5, 0xad, 0xe5, 0xad, 0xe5,
  0xad, 0xe5, 0xad, 0xe5, 0xad, 0xe5, 0xad, 0xe5, 0xad, 0xe5, 0xad, 0xe5, 0xad, 0xe5, 0xad, 0xe5,
  0xad, 0xe5, 0xad, 0xe5, 0xad, 0xe5, 0xad, 0xe5, 0xad, 0xe5, 0xad, 0xe5, 0xad, 0xe5, 0xad, 0xe5,
  0xad, 0xe5, 0xad, 0xe5, 0xad, 0xe5, 0xad, 0xe5, 0xad, 0xe5, 0xad, 0xe5, 0xad, 0xe5, 0xad, 0xe5,
  0xad, 0xe5, 0xad, 0xe5, 0xad, 0xe5, 0xad, 0xe5, 0xad, 0xe5, 0xad, 0xe5, 0xad, 0xe5, 0xad, 0xe5,
  0xad, 0xe5, 0xad, 0xe5, 0xad, 0xe5, 0xad, 0xe5, 0xab, 0xc4, 0xc1, 0x20, 0x61, 0x18, 0x61, 0x18,
  0x61, 0x18, 0x61, 0x18, 0x61, 0x18, 0x61, 0x18, 0x61, 0x18, 0x61, 0x18, 0x61, 0x18, 0x61, 0x18,
  0x61, 0x18, 0x61, 0x18, 0x61, 0x18, 0x61, 0x18, 0x61, 0x18, 0x61, 0x18, 0x61, 0x18, 0x61, 0x18,
  0x61, 0x18, 0x61, 0x18, 0x61, 0x18, 0x27, 0x83, 0xad, 0xe5, 0xad, 0xe5, 0xad, 0xe5, 0xad, 0xe5,
  0xad, 0xe5, 0xad, 0xe5, 0xad, 0xe5, 0xad, 0xe5, 0xad, 0xe5, 0xad, 0xe5, 0xad, 0xe5, 0xad, 0xe5,
  0xad, 0xe5, 0xad, 0xe5, 0xad, 0xe5, 0xad, 0xe5, 0xad, 0xe5, 0xad, 0xe5, 0xad, 0xe5, 0xad, 0xe5,
  0xad, 0xe5, 0xad, 0xe5, 0xad, 0xe5, 0xad, 0xe5, 0xad, 0xe5, 0xad, 0xe5, 0xad, 0xe5, 0xad, 0xe5,
  0xad, 0xe5, 0xad, 0xe5, 0xad, 0xe5, 0xad, 0xe5, 0xad, 0xe5, 0xad, 0xe5, 0xad, 0xe5, 0xad, 0xe5,
  0xad, 0xe5, 0xad, 0xe5, 0xad, 0xe5, 0xad, 0xe5, 0xad, 0xe5, 0xad, 0xe5, 0x2c, 0xd5, 0x61, 0x18,
  0x61, 0x18, 0x61, 0x18, 0x61, 0x18, 0x61, 0x18, 0x61, 0x18, 0x61, 0x18, 0xe9, 0xa3, 0xad, 0xe5,
  0xad, 0xe5, 0xad, 0xe5, 0xad, 0xe5, 0xad, 0xe5, 0xad, 0xe5, 0xad, 0xe5, 0xad, 0xe5, 0xad, 0xe5,
  0xad, 0xe5, 0xad, 0xe5, 0xad, 0xe5, 0xad, 0xe5, 0xad, 0xe5, 0xad, 0xe5, 0xad, 0xe5, 0xad, 0xe5,
  0xad, 0xe5, 0xad, 0xe5, 0xad, 0xe5, 0xad, 0xe5, 0xad, 0xe5, 0xad, 0xe5, 0xad, 0xe5, 0xad, 0xe5,
  0xad, 0xe5, 0xad, 0xe5, 0xad, 0xe5, 0xad, 0xe5, 0xad, 0xe5, 0xad, 0xe5, 0xad, 0xe5, 0xad, 0xe5,
  0xad, 0xe5, 0xad, 0xe5, 0xad, 0xe5, 0xad, 0xe5, 0xad, 0xe5, 0xad, 0xe5, 0xad, 0xe5, 0xad, 0xe5,
  0xad, 0xe5, 0xad, 0xe5, 0xad, 0xe5, 0xad, 0xe5, 0xad, 0xe5, 0xad, 0xe5, 0xad, 0xe5, 0xad, 0xe5,
  0xad, 0xe5, 0xad, 0xe5, 0xad, 0xe5, 0xad, 0xe5, 0xad, 0xe5, 0xad, 0xe5, 0xad, 0xe5, 0xad, 0xe5,
  0xad, 0xe5, 0xad, 0xe5, 0xad, 0xe5, 0xad, 0xe5, 0xad, 0xe5, 0xad, 0xe5, 0xad, 0xe5, 0xad, 0xe5,
  0xad, 0xe5, 0xad, 0xe5, 0xad, 0xe5, 0xad, 0xe5, 0xad, 0xe5, 0xad, 0xe5, 0xad, 0xe5, 0xad, 0xe5,
  0xad, 0xe5, 0xad, 0xe5, 0xad, 0xe5, 0xad, 0xe5, 0xad, 0xe5, 0xad, 0xe5, 0xad, 0xe5, 0xad, 0xe5,
  0xad, 0xe5, 0xad, 0xe5, 0xad, 0xe5, 0xad, 0xe5, 0xad, 0xe5, 0xad, 0xe5, 0xad, 0xe5, 0xad, 0xe5,
  0xad, 0xe5, 0xad, 0xe5, 0xad, 0xe5, 0xad, 0xe5, 0xad, 0xe5, 0x8a, 0xbc, 0xc1, 0x20, 0x61, 0x18,
  0x61, 0x18, 0x61, 0x18, 0x61, 0x18, 0x61, 0x18, 0x61, 0x18, 0x61, 0x18, 0x61, 0x18, 0x61, 0x18,
  0x61, 0x18, 0x61, 0x18, 0x61, 0x18, 0x61, 0x18, 0x61, 0x18, 0x61, 0x18, 0x61, 0x18, 0x61, 0x18,
  0x61, 0x18, 0x61, 0x18, 0xe6, 0x7a, 0xad, 0xe5, 0xad, 0xe5, 0xad, 0xe5, 0xad, 0xe5, 0xad, 0xe5,
  0xad, 0xe5, 0xad, 0xe5, 0xad, 0xe5, 0xad, 0xe5, 0xad, 0xe5, 0xad, 0xe5, 0xad, 0xe5, 0xad, 0xe5,
  0xad, 0xe5, 0xad, 0xe5, 0xad, 0xe5, 0xad, 0xe5, 0xad, 0xe5, 0xad, 0xe5, 0xad, 0xe5, 0xad, 0xe5,
  0xad, 0xe5, 0xad, 0xe5, 0xad, 0xe5, 0xad, 0xe5, 0xad, 0xe5, 0xad, 0xe5, 0xad, 0xe5, 0xad, 0xe5,
  0xad, 0xe5, 0xad, 0xe5, 0xad, 0xe5, 0xad, 0xe5, 0xad, 0xe5, 0xad, 0xe5, 0xad, 0xe5, 0xad, 0xe5,
  0xad, 0xe5, 0xad, 0xe5, 0xad, 0xe5, 0xad, 0xe5, 0xad, 0xe5, 0xad, 0xe5, 0x0b, 0xcd, 0x61, 0x18,
  0x61, 0x18, 0x61, 0x18, 0x61, 0x18, 0x61, 0x18, 0x61, 0x18, 0xc4, 0x49, 0xad, 0xe5, 0xad, 0xe5,
  0xad, 0xe5, 0xad, 0xe5, 0xad, 0xe5, 0xad, 0xe5, 0xad, 0xe5, 0xad, 0xe5, 0xad, 0xe5, 0xad, 0xe5,
  0xad, 0xe5, 0xad, 0xe5, 0xad, 0xe5, 0xad, 0xe5, 0xad, 0xe5, 0xad, 0xe5, 0xad, 0xe5, 0xad, 0xe5,
  0xad, 0xe5, 0xad, 0xe5, 0xad, 0xe5, 0xad, 0xe5, 0xad, 0xe5, 0xad, 0xe5, 0xad, 0xe5, 0xad, 0xe5,
  0xad, 0xe5, 0xad, 0xe5, 0xad, 0xe5, 0xad, 0xe5, 0xad, 0xe5, 0xad, 0xe5, 0xad, 0xe5, 0xad, 0xe5,
  0xad, 0xe5, 0xad, 0xe5, 0xad, 0xe5, 0xad, 0xe5, 0xad, 0xe5, 0xad, 0xe5, 0xad, 0xe5, 0xad, 0xe5,
  0xad, 0xe5, 0xad, 0xe5, 0xad, 0xe5, 0xad, 0xe5, 0xad, 0xe5, 0xad, 0xe5, 0xad, 0xe5, 0xad, 0xe5,
  0xad, 0xe5, 0xad, 0xe5, 0xad, 0xe5, 0xad, 0xe5, 0xad, 0xe5, 0xad, 0xe5, 0xad, 0xe5, 0xad, 0xe5,
  0xad, 0xe5, 0xad, 0xe5, 0xad, 0xe5, 0xad, 0xe5, 0xad, 0xe5, 0xad, 0xe5, 0xad, 0xe5, 0xad, 0xe5,
  0xad, 0xe5, 0xad, 0xe5, 0xad, 0xe5, 0xad, 0xe5, 0xad, 0xe5, 0xad, 0xe5, 0xad, 0xe5, 0xad, 0xe5,
  0xad, 0xe5, 0xad, 0xe5, 0xad, 0xe5, 0xad, 0xe5, 0xad, 0xe5, 0xad, 0xe5, 0xad, 0xe5, 0xad, 0xe5,
  0xad, 0xe5, 0xad, 0xe5, 0xad, 0xe5, 0xad, 0xe5, 0xad, 0xe5, 0xad, 0xe5, 0xad, 0xe5, 0xad, 0xe5,
  0xad, 0xe5, 0xad, 0xe5, 0xad, 0xe5, 0xad, 0xe5, 0xad, 0xe5, 0xad, 0xe5, 0xaa, 0xc4, 0x22, 0x31,
  0x61, 0x18, 0x61, 0x18, 0x61, 0x18, 0x61, 0x18, 0x61, 0x18, 0x61, 0x18, 0x61, 0x18, 0x61, 0x18,
  0x61, 0x18, 0x61, 0x18, 0x61, 0x18, 0x61, 0x18, 0x61, 0x18, 0x61, 0x18, 0x61, 0x18, 0x61, 0x18,
  0x81, 0x18, 0x68, 0x93, 0xad, 0xe5, 0xad, 0xe5, 0xad, 0xe5, 0xad, 0xe5, 0xad, 0xe5, 0xad, 0xe5,
  0xad, 0xe5, 0xad, 0xe5, 0xad, 0xe5, 0xad, 0xe5, 0xad, 0xe5, 0xad, 0xe5, 0xad, 0xe5, 0xad, 0xe5,
  0xad, 0xe5, 0xad, 0xe5, 0xad, 0xe5, 0xad, 0xe5, 0xad, 0xe5, 0xad, 0xe5, 0xad, 0xe5, 0xad, 0xe5,
  0xad, 0xe5, 0xad, 0xe5, 0xad, 0xe5, 0xad, 0xe5, 0xad, 0xe5, 0xad, 0xe5, 0xad, 0xe5, 0xad, 0xe5,
  0xad, 0xe5, 0xad, 0xe5, 0xad, 0xe5, 0xad, 0xe5, 0xad, 0xe5, 0xad, 0xe5, 0xad, 0xe5, 0xad, 0xe5,
  0xad, 0xe5, 0xad, 0xe5, 0xad, 0xe5, 0xad, 0xe5, 0xad, 0xe5, 0xad, 0xe5, 0xcb, 0xc4, 0x61, 0x18,
  0x61, 0x18, 0x61, 0x18, 0x61, 0x18, 0x61, 0x18, 0x81, 0x18, 0xaa, 0xc4, 0xad, 0xe5, 0xad, 0xe5,
  0xad, 0xe5, 0xad, 0xe5, 0xad, 0xe5, 0xad, 0xe5, 0xad, 0xe5, 0xad, 0xe5, 0xad, 0xe5, 0xad, 0xe5,
  0xad, 0xe5, 0xad, 0xe5, 0xad, 0xe5, 0xad, 0xe5, 0xad, 0xe5, 0xad, 0xe5, 0xad, 0xe5, 0xad, 0xe5,
  0xad, 0xe5, 0xad, 0xe5, 0xad, 0xe5, 0xad, 0xe5, 0xad, 0xe5, 0xad, 0xe5, 0xad, 0xe5, 0xad, 0xe5,
  0xad, 0xe5, 0xad, 0xe5, 0xad, 0xe5, 0xad, 0xe5, 0xad, 0xe5, 0xad, 0xe5, 0xad, 0xe5, 0xad, 0xe5,
  0xad, 0xe5, 0xad, 0xe5, 0xad, 0xe5, 0xad, 0xe5, 0xad, 0xe5, 0xad, 0xe5, 0xad, 0xe5, 0xad, 0xe5,
  0xad, 0xe5, 0xad, 0xe5, 0xad, 0xe5, 0xad, 0xe5, 0xad, 0xe5, 0xad, 0xe5, 0xad, 0xe5, 0xad, 0xe5,
  0xad, 0xe5, 0xad, 0xe5, 0xad, 0xe5, 0xad, 0xe5, 0xad, 0xe5, 0xad, 0xe5, 0xad, 0xe5, 0xad, 0xe5,
  0xad, 0xe5, 0xad, 0xe5, 0xad, 0xe5, 0xad, 0xe5, 0xad, 0xe5, 0xad, 0xe5, 0xad, 0xe5, 0xad, 0xe5,
  0xad, 0xe5, 0xad, 0xe5, 0xad, 0xe5, 0xad, 0xe5, 0xad, 0xe5, 0xad, 0xe5, 0xad, 0xe5, 0xad, 0xe5,
  0xad, 0xe5, 0xad, 0xe5, 0xad, 0xe5, 0xad, 0xe5, 0xad, 0xe5, 0xad, 0xe5, 0xad, 0xe5, 0xad, 0xe5,
  0xad, 0xe5, 0xad, 0xe5, 0xad, 0xe5, 0xad, 0xe5, 0xad, 0xe5, 0xad, 0xe5, 0xad, 0xe5, 0xad, 0xe5,
  0xad, 0xe5, 0xad, 0xe5, 0xad, 0xe5, 0xad, 0xe5, 0xad, 0xe5, 0xad, 0xe5, 0xad, 0xe5, 0x6c, 0xdd,
  0x65, 0x6a, 0x61, 0x18, 0x61, 0x18, 0x61, 0x18, 0x61, 0x18, 0x61, 0x18, 0x61, 0x18, 0x61, 0x18,
  0x61, 0x18, 0x61, 0x18, 0x61, 0x18, 0x61, 0x18, 0x61, 0x18, 0x61, 0x18, 0x61, 0x18, 0x43, 0x39,
  0x8a, 0xbc, 0xad, 0xe5, 0xad, 0xe5, 0xad, 0xe5, 0xad, 0xe5, 0xad, 0xe5, 0xad, 0xe5, 0xad, 0xe5,
  0xad, 0xe5, 0xad, 0xe5, 0xad, 0xe5, 0xad, 0xe5, 0xad, 0xe5, 0xad, 0xe5, 0xad, 0xe5, 0xad, 0xe5,
  0xad, 0xe5, 0xad, 0xe5, 0xad, 0xe5, 0xad, 0xe5, 0xad, 0xe5, 0xad, 0xe5, 0xad, 0xe5, 0xad, 0xe5,
  0xad, 0xe5, 0xad, 0xe5, 0xad, 0xe5, 0xad, 0xe5, 0xad, 0xe5, 0xad, 0xe5, 0xad, 0xe5, 0xad, 0xe5,
  0xad, 0xe5, 0xad, 0xe5, 0xad, 0xe5, 0xad, 0xe5, 0xad, 0xe5, 0xad, 0xe5, 0xad, 0xe5, 0xad, 0xe5,
  0xad, 0xe5, 0xad, 0xe5, 0xad, 0xe5, 0xad, 0xe5, 0xad, 0xe5, 0xad, 0xe5, 0x8a, 0xbc, 0x61, 0x18,
  0x61, 0x18, 0x61, 0x18, 0x61, 0x18, 0x61, 0x18, 0x65, 0x62, 0xad, 0xe5, 0xad, 0xe5, 0xad, 0xe5,
  0xad, 0xe5, 0xad, 0xe5, 0xad, 0xe5, 0xad, 0xe5, 0xad, 0xe5, 0xad, 0xe5, 0xad, 0xe5, 0xad, 0xe5,
  0xad, 0xe5, 0xad, 0xe5, 0xad, 0xe5, 0xad, 0xe5, 0xad, 0xe5, 0xad, 0xe5, 0xad, 0xe5, 0xad, 0xe5,
  0xad, 0xe5, 0xad, 0xe5, 0xad, 0xe5, 0xad, 0xe5, 0xad, 0xe5, 0xad, 0xe5, 0xad, 0xe5, 0xad, 0xe5,
  0xad, 0xe5, 0xad, 0xe5, 0xad, 0xe5, 0xad, 0xe5, 0xad, 0xe5, 0xad, 0xe5, 0xad, 0xe5, 0xad, 0xe5,
  0xad, 0xe5, 0xad, 0xe5, 0xad, 0xe5, 0xad, 0xe5, 0xad, 0xe5, 0xad, 0xe5, 0xad, 0xe5, 0xad, 0xe5,
  0xad, 0xe5, 0xad, 0xe5, 0xad, 0xe5, 0xad, 0xe5, 0xad, 0xe5, 0xad, 0xe5, 0xad, 0xe5, 0xad, 0xe5,
  0xad, 0xe5, 0xad, 0xe5, 0xad, 0xe5, 0xad, 0xe5, 0xad, 0xe5, 0xad, 0xe5, 0xad, 0xe5, 0xad, 0xe5,
  0xad, 0xe5, 0xad, 0xe5, 0xad, 0xe5, 0xad, 0xe5, 0xad, 0xe5, 0xad, 0xe5, 0xad, 0xe5, 0xad, 0xe5,
  0xad, 0xe5, 0xad, 0xe5, 0xad, 0xe5, 0xad, 0xe5, 0xad, 0xe5, 0xad, 0xe5, 0xad, 0xe5, 0xad, 0xe5,
  0xad, 0xe5, 0xad, 0xe5, 0xad, 0xe5, 0xad, 0xe5, 0xad, 0xe5, 0xad, 0xe5, 0xad, 0xe5, 0xad, 0xe5,
  0xad, 0xe5, 0xad, 0xe5, 0xad, 0xe5, 0xad, 0xe5, 0xad, 0xe5, 0xad, 0xe5, 0xad, 0xe5, 0xad, 0xe5,
  0xad, 0xe5, 0xad, 0xe5, 0xad, 0xe5, 0xad, 0xe5, 0xad, 0xe5, 0xad, 0xe5, 0xad, 0xe5, 0xad, 0xe5,
  0xad, 0xe5, 0x8a, 0xbc, 0x04, 0x5a, 0x61, 0x18, 0x61, 0x18, 0x61, 0x18, 0x61, 0x18, 0x61, 0x18,
  0x61, 0x18, 0x61, 0x18, 0x61, 0x18, 0x61, 0x18, 0x61, 0x18, 0x02, 0x31, 0x88, 0x93, 0x8d, 0xe5,
  0xad, 0xe5, 0xad, 0xe5, 0xad, 0xe5, 0xad, 0xe5, 0xad, 0xe5, 0xad, 0xe5, 0xad, 0xe5, 0xad, 0xe5,
  0xad, 0xe5, 0xad, 0xe5, 0xad, 0xe5, 0xad, 0xe5, 0xad, 0xe5, 0xad, 0xe5, 0xad, 0xe5, 0xad, 0xe5,
  0xad, 0xe5, 0xad, 0xe5, 0xad, 0xe5, 0xad, 0xe5, 0xad, 0xe5, 0xad, 0xe5, 0xad, 0xe5, 0xad, 0xe5,
  0xad, 0xe5, 0xad, 0xe5, 0xad, 0xe5, 0xad, 0xe5, 0xad, 0xe5, 0xad, 0xe5, 0xad, 0xe5, 0xad, 0xe5,
  0xad, 0xe5, 0xad, 0xe5, 0xad, 0xe5, 0xad, 0xe5, 0xad, 0xe5, 0xad, 0xe5, 0xad, 0xe5, 0xad, 0xe5,
  0xad, 0xe5, 0xad, 0xe5, 0xad, 0xe5, 0xad, 0xe5, 0xad, 0xe5, 0xad, 0xe5, 0x29, 0xac, 0x61, 0x18,
  0x61, 0x18, 0x61, 0x18, 0x61, 0x18, 0x61, 0x18, 0xcb, 0xc4, 0xad, 0xe5, 0xad, 0xe5, 0xad, 0xe5,
  0xad, 0xe5, 0xad, 0xe5, 0xad, 0xe5, 0xad, 0xe5, 0xad, 0xe5, 0xad, 0xe5, 0xad, 0xe5, 0xad, 0xe5,
  0xad, 0xe5, 0xad, 0xe5, 0xad, 0xe5, 0xad, 0xe5, 0xad, 0xe5, 0xad, 0xe5, 0xad, 0xe5, 0xad, 0xe5,
  0xad, 0xe5, 0xad, 0xe5, 0xad, 0xe5, 0xad, 0xe5, 0xad, 0xe5, 0xad, 0xe5, 0xad, 0xe5, 0xad, 0xe5,
  0xad, 0xe5, 0xad, 0xe5, 0xad, 0xe5, 0xad, 0xe5, 0xad, 0xe5, 0xad, 0xe5, 0xad, 0xe5, 0xad, 0xe5,
  0xad, 0xe5, 0xad, 0xe5, 0xad, 0xe5, 0xad, 0xe5, 0xad, 0xe5, 0xad, 0xe5, 0xad, 0xe5, 0xad, 0xe5,
  0xad, 0xe5, 0xad, 0xe5, 0xad, 0xe5, 0xad, 0xe5, 0xad, 0xe5, 0xad, 0xe5, 0xad, 0xe5, 0xad, 0xe5,
  0xad, 0xe5, 0xad, 0xe5, 0xad, 0xe5, 0xad, 0xe5, 0xad, 0xe5, 0xad, 0xe5, 0xad, 0xe5, 0xad, 0xe5,
  0xad, 0xe5, 0xad, 0xe5, 0xad, 0xe5, 0xad, 0xe5, 0xad, 0xe5, 0xad, 0xe5, 0xad, 0xe5, 0xad, 0xe5,
  0xad, 0xe5, 0xad, 0xe5, 0xad, 0xe5, 0xad, 0xe5, 0xad, 0xe5, 0xad, 0xe5, 0xad, 0xe5, 0xad, 0xe5,
  0xad, 0xe5, 0xad, 0xe5, 0xad, 0xe5, 0xad, 0xe5, 0xad, 0xe5, 0xad, 0xe5, 0xad, 0xe5, 0xad, 0xe5,
  0xad, 0xe5, 0xad, 0xe5, 0xad, 0xe5, 0xad, 0xe5, 0xad, 0xe5, 0xad, 0xe5, 0xad, 0xe5, 0xad, 0xe5,
  0xad, 0xe5, 0xad, 0xe5, 0xad, 0xe5, 0xad, 0xe5, 0xad, 0xe5, 0xad, 0xe5, 0xad, 0xe5, 0xad, 0xe5,
  0xad, 0xe5, 0xad, 0xe5, 0xad, 0xe5, 0xeb, 0xcc, 0x68, 0x93, 0x04, 0x5a, 0x02, 0x31, 0xa1, 0x20,
  0x61, 0x18, 0xa1, 0x20, 0x83, 0x41, 0x86, 0x6a, 0x6a, 0xb4, 0xad, 0xe5, 0xad, 0xe5, 0xad, 0xe5,
  0xad, 0xe5, 0xad, 0xe5, 0xad, 0xe5, 0xad, 0xe5, 0xad, 0xe5, 0xad, 0xe5, 0xad, 0xe5, 0xad, 0xe5,
  0xad, 0xe5, 0xad, 0xe5, 0xad, 0xe5, 0xad, 0xe5, 0xad, 0xe5, 0xad, 0xe5, 0xad, 0xe5, 0xad, 0xe5,
  0xad, 0xe5, 0xad, 0xe5, 0xad, 0xe5, 0xad, 0xe5, 0xad, 0xe5, 0xad, 0xe5, 0xad, 0xe5, 0xad, 0xe5,
  0xad, 0xe5, 0xad, 0xe5, 0xad, 0xe5, 0xad, 0xe5, 0xad, 0xe5, 0xad, 0xe5, 0xad, 0xe5, 0xad, 0xe5,
  0xad, 0xe5, 0xad, 0xe5, 0xad, 0xe5, 0xad, 0xe5, 0xad, 0xe5, 0xad, 0xe5, 0xad, 0xe5, 0xad, 0xe5,
  0xad, 0xe5, 0xad, 0xe5, 0xad, 0xe5, 0xad, 0xe5, 0xad, 0xe5, 0xad, 0xe5, 0x88, 0x93, 0x61, 0x18,
  0x61, 0x18, 0x61, 0x18, 0x61, 0x18, 0x04, 0x5a, 0xad, 0xe5, 0xad, 0xe5, 0xad, 0xe5, 0xad, 0xe5,
  0xad, 0xe5, 0xad, 0xe5, 0xad, 0xe5, 0xad, 0xe5, 0xad, 0xe5, 0xad, 0xe5, 0xad, 0xe5, 0xad, 0xe5,
  0xad, 0xe5, 0xad, 0xe5, 0xad, 0xe5, 0xad, 0xe5, 0xad, 0xe5, 0xad, 0xe5, 0xad, 0xe5, 0xad, 0xe5,
  0xad, 0xe5, 0xad, 0xe5, 0xad, 0xe5, 0xad, 0xe5, 0xad, 0xe5, 0xad, 0xe5, 0xad, 0xe5, 0xad, 0xe5,
  0xad, 0xe5, 0xad, 0xe5, 0xad, 0xe5, 0xad, 0xe5, 0xad, 0xe5, 0xad, 0xe5, 0xad, 0xe5, 0xad, 0xe5,
  0xad, 0xe5, 0xad, 0xe5, 0xad, 0xe5, 0xad, 0xe5, 0xad, 0xe5, 0xad, 0xe5, 0xad, 0xe5, 0xad, 0xe5,
  0xad, 0xe5, 0xad, 0xe5, 0xad, 0xe5, 0xad, 0xe5, 0xad, 0xe5, 0xad, 0xe5, 0xad, 0xe5, 0xad, 0xe5,
  0xad, 0xe5, 0xad, 0xe5, 0xad, 0xe5, 0xad, 0xe5, 0xad, 0xe5, 0xad, 0xe5, 0xad, 0xe5, 0xad, 0xe5,
  0xad, 0xe5, 0xad, 0xe5, 0xad, 0xe5, 0xad, 0xe5, 0xad, 0xe5, 0xad, 0xe5, 0xad, 0xe5, 0xad, 0xe5,
  0xad, 0xe5, 0xad, 0xe5, 0xad, 0xe5, 0xad, 0xe5, 0xad, 0xe5, 0xad, 0xe5, 0xad, 0xe5, 0xad, 0xe5,
  0xad, 0xe5, 0xad, 0xe5, 0xad, 0xe5, 0xad, 0xe5, 0xad, 0xe5, 0xad, 0xe5, 0xad, 0xe5, 0xad, 0xe5,
  0xad, 0xe5, 0xad, 0xe5, 0xad, 0xe5, 0xad, 0xe5, 0xad, 0xe5, 0xad, 0xe5, 0xad, 0xe5, 0xad, 0xe5,
  0xad, 0xe5, 0xad, 0xe5, 0xad, 0xe5, 0xad, 0xe5, 0xad, 0xe5, 0xad, 0xe5, 0xad, 0xe5, 0xad, 0xe5,
  0xad, 0xe5, 0xad, 0xe5, 0xad, 0xe5, 0xad, 0xe5, 0xad, 0xe5, 0xad, 0xe5, 0xad, 0xe5, 0xad, 0xe5,
  0xad, 0xe5, 0xad, 0xe5, 0xad, 0xe5, 0xad, 0xe5, 0xad, 0xe5, 0xad, 0xe5, 0xad, 0xe5, 0xad, 0xe5,
  0xad, 0xe5, 0xad, 0xe5, 0xad, 0xe5, 0xad, 0xe5, 0xad, 0xe5, 0xad, 0xe5, 0xad, 0xe5, 0xad, 0xe5,
  0xad, 0xe5, 0xad, 0xe5, 0xad, 0xe5, 0xad, 0xe5, 0xad, 0xe5, 0xad, 0xe5, 0xad, 0xe5, 0xad, 0xe5,
  0xad, 0xe5, 0xad, 0xe5, 0xad, 0xe5, 0xad, 0xe5, 0xad, 0xe5, 0xad, 0xe5, 0xad, 0xe5, 0xad, 0xe5,
  0xad, 0xe5, 0xad, 0xe5, 0xad, 0xe5, 0xad, 0xe5, 0xad, 0xe5, 0xad, 0xe5, 0xad, 0xe5, 0xad, 0xe5,
  0xad, 0xe5, 0xad, 0xe5, 0xad, 0xe5, 0xad, 0xe5, 0xad, 0xe5, 0xad, 0xe5, 0xad, 0xe5, 0xad, 0xe5,
  0xad, 0xe5, 0xad, 0xe5, 0xad, 0xe5, 0xad, 0xe5, 0xad, 0xe5, 0xad, 0xe5, 0xe6, 0x7a, 0x61, 0x18,
  0x61, 0x18, 0x61, 0x18, 0x61, 0x18, 0x29, 0xac, 0xad, 0xe5, 0xad, 0xe5, 0xad, 0xe5, 0xad, 0xe5,
  0xad, 0xe5, 0xad, 0xe5, 0xad, 0xe5, 0xad, 0xe5, 0xad, 0xe5, 0xad, 0xe5, 0xad, 0xe5, 0xad, 0xe5,
  0xad, 0xe5, 0xad, 0xe5, 0xad, 0xe5, 0xad, 0xe5, 0xad, 0xe5, 0xad, 0xe5, 0xad, 0xe5, 0xad, 0xe5,
  0xad, 0xe5, 0xad, 0xe5, 0xad, 0xe5, 0xad, 0xe5, 0xad, 0xe5, 0xad, 0xe5, 0xad, 0xe5, 0xad, 0xe5,
  0xad, 0xe5, 0xad, 0xe5, 0xad, 0xe5, 0xad, 0xe5, 0xad, 0xe5, 0xad, 0xe5, 0xad, 0xe5, 0xad, 0xe5,
  0xad, 0xe5, 0xad, 0xe5, 0xad, 0xe5, 0xad, 0xe5, 0xad, 0xe5, 0xad, 0xe5, 0xad, 0xe5, 0xad, 0xe5,
  0xad, 0xe5, 0xad, 0xe5, 0xad, 0xe5, 0xad, 0xe5, 0xad, 0xe5, 0xad, 0xe5, 0xad, 0xe5, 0xad, 0xe5,
  0xad, 0xe5, 0xad, 0xe5, 0xad, 0xe5, 0xad, 0xe5, 0xad, 0xe5, 0xad, 0xe5, 0xad, 0xe5, 0xad, 0xe5,
  0xad, 0xe5, 0xad, 0xe5, 0xad, 0xe5, 0xad, 0xe5, 0xad, 0xe5, 0xad, 0xe5, 0xad, 0xe5, 0xad, 0xe5,
  0xad, 0xe5, 0xad, 0xe5, 0xad, 0xe5, 0xad, 0xe5, 0xad, 0xe5, 0xad, 0xe5, 0xad, 0xe5, 0xad, 0xe5,
  0xad, 0xe5, 0xad, 0xe5, 0xad, 0xe5, 0xad, 0xe5, 0xad, 0xe5, 0xad, 0xe5, 0xad, 0xe5, 0xad, 0xe5,
  0xad, 0xe5, 0xad, 0xe5, 0xad, 0xe5, 0xad, 0xe5, 0xad, 0xe5, 0xad, 0xe5, 0xad, 0xe5, 0xad, 0xe5,
  0xad, 0xe5, 0xad, 0xe5, 0xad, 0xe5, 0xad, 0xe5, 0xad, 0xe5, 0xad, 0xe5, 0xad, 0xe5, 0xad, 0xe5,
  0xad, 0xe5, 0xad, 0xe5, 0xad, 0xe5, 0xad, 0xe5, 0xad, 0xe5, 0xad, 0xe5, 0xad, 0xe5, 0xad, 0xe5,
  0xad, 0xe5, 0xad, 0xe5, 0xad, 0xe5, 0xad, 0xe5, 0xad, 0xe5, 0xad, 0xe5, 0xad, 0xe5, 0xad, 0xe5,
  0xad, 0xe5, 0xad, 0xe5, 0xad, 0xe5, 0xad, 0xe5, 0xad, 0xe5, 0xad, 0xe5, 0xad, 0xe5, 0xad, 0xe5,
  0xad, 0xe5, 0xad, 0xe5, 0xad, 0xe5, 0xad, 0xe5, 0xad, 0xe5, 0xad, 0xe5, 0xad, 0xe5, 0xad, 0xe5,
  0xad, 0xe5, 0xad, 0xe5, 0xad, 0xe5, 0xad, 0xe5, 0xad, 0xe5, 0xad, 0xe5, 0xad, 0xe5, 0xad, 0xe5,
  0xad, 0xe5, 0xad, 0xe5, 0xad, 0xe5, 0xad, 0xe5, 0xad, 0xe5, 0xad, 0xe5, 0xad, 0xe5, 0xad, 0xe5,
  0xad, 0xe5, 0xad, 0xe5, 0xad, 0xe5, 0xad, 0xe5, 0xad, 0xe5, 0xad, 0xe5, 0xad, 0xe5, 0xad, 0xe5,
  0xad, 0xe5, 0xad, 0xe5, 0xad, 0xe5, 0xad, 0xe5, 0xad, 0xe5, 0xad, 0xe5, 0xe4, 0x51, 0x61, 0x18,
  0x61, 0x18, 0x61, 0x18, 0x02, 0x29, 0x8d, 0xe5, 0xad, 0xe5, 0xad, 0xe5, 0xad, 0xe5, 0xad, 0xe5,
  0xad, 0xe5, 0xad, 0xe5, 0xad, 0xe5, 0xad, 0xe5, 0xad, 0xe5, 0xad, 0xe5, 0xad, 0xe5, 0xad, 0xe5,
  0xad, 0xe5, 0xad, 0xe5, 0xad, 0xe5, 0xad, 0xe5, 0xad, 0xe5, 0xad, 0xe5, 0xad, 0xe5, 0xad, 0xe5,
  0xad, 0xe5, 0xad, 0xe5, 0xad, 0xe5, 0xad, 0xe5, 0xad, 0xe5, 0xad, 0xe5, 0xad, 0xe5, 0xad, 0xe5,
  0xad, 0xe5, 0xad, 0xe5, 0xad, 0xe5, 0xad, 0xe5, 0xad, 0xe5, 0xad, 0xe5, 0xad, 0xe5, 0xad, 0xe5,
  0xad, 0xe5, 0xad, 0xe5, 0xad, 0xe5, 0xad, 0xe5, 0xad, 0xe5, 0xad, 0xe5, 0xad, 0xe5, 0xad, 0xe5,
  0xad, 0xe5, 0xad, 0xe5, 0xad, 0xe5, 0xad, 0xe5, 0xad, 0xe5, 0xad, 0xe5, 0xad, 0xe5, 0xad, 0xe5,
  0xad, 0xe5, 0xad, 0xe5, 0xad, 0xe5, 0xad, 0xe5, 0xad, 0xe5, 0xad, 0xe5, 0xad, 0xe5, 0xad, 0xe5,
  0xad, 0xe5, 0xad, 0xe5, 0xad, 0xe5, 0xad, 0xe5, 0xad, 0xe5, 0xad, 0xe5, 0xad, 0xe5, 0xad, 0xe5,
  0xad, 0xe5, 0xad, 0xe5, 0xad, 0xe5, 0xad, 0xe5, 0xad, 0xe5, 0xad, 0xe5, 0xad, 0xe5, 0xad, 0xe5,
  0xad, 0xe5, 0xad, 0xe5, 0xad, 0xe5, 0xad, 0xe5, 0xad, 0xe5, 0xad, 0xe5, 0xad, 0xe5, 0xad, 0xe5,
  0xad, 0xe5, 0xad, 0xe5, 0xad, 0xe5, 0xad, 0xe5, 0xad, 0xe5, 0xad, 0xe5, 0xad, 0xe5, 0xad, 0xe5,
  0xad, 0xe5, 0xad, 0xe5, 0xad, 0xe5, 0xad, 0xe5, 0xad, 0xe5, 0xad, 0xe5, 0xad, 0xe5, 0xad, 0xe5,
  0xad, 0xe5, 0xad, 0xe5, 0xad, 0xe5, 0xad, 0xe5, 0xad, 0xe5, 0xad, 0xe5, 0xad, 0xe5, 0xad, 0xe5,
  0xad, 0xe5, 0xad, 0xe5, 0xad, 0xe5, 0xad, 0xe5, 0xad, 0xe5, 0xad, 0xe5, 0xad, 0xe5, 0xad, 0xe5,
  0xad, 0xe5, 0xad, 0xe5, 0xad, 0xe5, 0xad, 0xe5, 0xad, 0xe5, 0xad, 0xe5, 0xad, 0xe5, 0xad, 0xe5,
  0xad, 0xe5, 0xad, 0xe5, 0xad, 0xe5, 0xad, 0xe5, 0xad, 0xe5, 0xad, 0xe5, 0xad, 0xe5, 0xad, 0xe5,
  0xad, 0xe5, 0xad, 0xe5, 0xad, 0xe5, 0xad, 0xe5, 0xad, 0xe5, 0xad, 0xe5, 0xad, 0xe5, 0xad, 0xe5,
  0xad, 0xe5, 0xad, 0xe5, 0xad, 0xe5, 0xad, 0xe5, 0xad, 0xe5, 0xad, 0xe5, 0xad, 0xe5, 0xad, 0xe5,
  0xad, 0xe5, 0xad, 0xe5, 0xad, 0xe5, 0xad, 0xe5, 0xad, 0xe5, 0xad, 0xe5, 0xad, 0xe5, 0xad, 0xe5,
  0xad, 0xe5, 0xad, 0xe5, 0xad, 0xe5, 0xad, 0xe5, 0xad, 0xe5, 0xad, 0xe5, 0x02, 0x31, 0x61, 0x18,
  0x61, 0x18, 0x61, 0x18, 0xc6, 0x7a, 0xad, 0xe5, 0xad, 0xe5, 0xad, 0xe5, 0xad, 0xe5, 0xad, 0xe5,
  0xad, 0xe5, 0xad, 0xe5, 0xad, 0xe5, 0xad, 0xe5, 0xad, 0xe5, 0xad, 0xe5, 0xad, 0xe5, 0xad, 0xe5,
  0xad, 0xe5, 0xad, 0xe5, 0xad, 0xe5, 0xad, 0xe5, 0xad, 0xe5, 0xad, 0xe5, 0xad, 0xe5, 0xad, 0xe5,
  0xad, 0xe5, 0xad, 0xe5, 0xad, 0xe5, 0xad, 0xe5, 0xad, 0xe5, 0xad, 0xe5, 0xad, 0xe5, 0xad, 0xe5,
  0xad, 0xe5, 0xad, 0xe5, 0xad, 0xe5, 0xad, 0xe5, 0xad, 0xe5, 0xad, 0xe5, 0xad, 0xe5, 0xad, 0xe5,
  0xad, 0xe5, 0xad, 0xe5, 0xad, 0xe5, 0xad, 0xe5, 0xad, 0xe5, 0xad, 0xe5, 0xad, 0xe5, 0xad, 0xe5,
  0xad, 0xe5, 0xad, 0xe5, 0xad, 0xe5, 0xad, 0xe5, 0xad, 0xe5, 0xad, 0xe5, 0xad, 0xe5, 0xad, 0xe5,
  0xad, 0xe5, 0xad, 0xe5, 0xad, 0xe5, 0xad, 0xe5, 0xad, 0xe5, 0xad, 0xe5, 0xad, 0xe5, 0xad, 0xe5,
  0xad, 0xe5, 0xad, 0xe5, 0xad, 0xe5, 0xad, 0xe5, 0xad, 0xe5, 0xad, 0xe5, 0xad, 0xe5, 0xad, 0xe5,
  0xad, 0xe5, 0xad, 0xe5, 0xad, 0xe5, 0xad, 0xe5, 0xad, 0xe5, 0xad, 0xe5, 0xad, 0xe5, 0xad, 0xe5,
  0xad, 0xe5, 0xad, 0xe5, 0xad, 0xe5, 0xad, 0xe5, 0xad, 0xe5, 0xad, 0xe5, 0xad, 0xe5, 0xad, 0xe5,
  0xad, 0xe5, 0xad, 0xe5, 0xad, 0xe5, 0xad, 0xe5, 0xad, 0xe5, 0xad, 0xe5, 0xad, 0xe5, 0xad, 0xe5,
  0xad, 0xe5, 0xad, 0xe5, 0xad, 0xe5, 0xad, 0xe5, 0xad, 0xe5, 0xad, 0xe5, 0xad, 0xe5, 0xad, 0xe5,
  0xad, 0xe5, 0xad, 0xe5, 0xad, 0xe5, 0xad, 0xe5, 0xad, 0xe5, 0xad, 0xe5, 0xad, 0xe5, 0xad, 0xe5,
  0xad, 0xe5, 0xad, 0xe5, 0xad, 0xe5, 0xad, 0xe5, 0xad, 0xe5, 0xad, 0xe5, 0xad, 0xe5, 0xad, 0xe5,
  0xad, 0xe5, 0xad, 0xe5, 0xad, 0xe5, 0xad, 0xe5, 0xad, 0xe5, 0xad, 0xe5, 0xad, 0xe5, 0xad, 0xe5,
  0xad, 0xe5, 0xad, 0xe5, 0xad, 0xe5, 0xad, 0xe5, 0xad, 0xe5, 0xad, 0xe5, 0xad, 0xe5, 0xad, 0xe5,
  0xad, 0xe5, 0xad, 0xe5, 0xad, 0xe5, 0xad, 0xe5, 0xad, 0xe5, 0xad, 0xe5, 0xad, 0xe5, 0xad, 0xe5,
  0xad, 0xe5, 0xad, 0xe5, 0xad, 0xe5, 0xad, 0xe5, 0xad, 0xe5, 0xad, 0xe5, 0xad, 0xe5, 0xad, 0xe5,
  0xad, 0xe5, 0xad, 0xe5, 0xad, 0xe5, 0xad, 0xe5, 0xad, 0xe5, 0xad, 0xe5, 0xad, 0xe5, 0xad, 0xe5,
  0xad, 0xe5, 0xad, 0xe5, 0xad, 0xe5, 0xad, 0xe5, 0xad, 0xe5, 0x2c, 0xd5, 0x61, 0x18, 0x61, 0x18,
  0x61, 0x18, 0x61, 0x18, 0x6a, 0xb4, 0xad, 0xe5, 0xad, 0xe5, 0xad, 0xe5, 0xad, 0xe5, 0xad, 0xe5,
  0xad, 0xe5, 0xad, 0xe5, 0xad, 0xe5, 0xad, 0xe5, 0xad, 0xe5, 0xad, 0xe5, 0xad, 0xe5, 0xad, 0xe5,
  0xad, 0xe5, 0xad, 0xe5, 0xad, 0xe5, 0xad, 0xe5, 0xad, 0xe5, 0xad, 0xe5, 0xad, 0xe5, 0xad, 0xe5,
  0xad, 0xe5, 0xad, 0xe5, 0xad, 0xe5, 0xad, 0xe5, 0xad, 0xe5, 0xad, 0xe5, 0xad, 0xe5, 0xad, 0xe5,
  0xad, 0xe5, 0xad, 0xe5, 0xad, 0xe5, 0xad, 0xe5, 0xad, 0xe5, 0xad, 0xe5, 0xad, 0xe5, 0xad, 0xe5,
  0xad, 0xe5, 0xad, 0xe5, 0xad, 0xe5, 0xad, 0xe5, 0xad, 0xe5, 0xad, 0xe5, 0xad, 0xe5, 0xad, 0xe5,
  0xad, 0xe5, 0xad, 0xe5, 0xad, 0xe5, 0xad, 0xe5, 0xad, 0xe5, 0xad, 0xe5, 0xad, 0xe5, 0xad, 0xe5,
  0xad, 0xe5, 0xad, 0xe5, 0xad, 0xe5, 0xad, 0xe5, 0xad, 0xe5, 0xad, 0xe5, 0xad, 0xe5, 0xad, 0xe5,
  0xad, 0xe5, 0xad, 0xe5, 0xad, 0xe5, 0xad, 0xe5, 0xad, 0xe5, 0xad, 0xe5, 0xad, 0xe5, 0xad, 0xe5,
  0xad, 0xe5, 0xad, 0xe5, 0xad, 0xe5, 0xad, 0xe5, 0xad, 0xe5, 0xad, 0xe5, 0xad, 0xe5, 0xad, 0xe5,
  0xad, 0xe5, 0xad, 0xe5, 0xad, 0xe5, 0xad, 0xe5, 0xad, 0xe5, 0xad, 0xe5, 0xad, 0xe5, 0xad, 0xe5,
  0xad, 0xe5, 0xad, 0xe5, 0xad, 0xe5, 0xad, 0xe5, 0xad, 0xe5, 0xad, 0xe5, 0xad, 0xe5, 0xad, 0xe5,
  0xad, 0xe5, 0xad, 0xe5, 0xad, 0xe5, 0xad, 0xe5, 0xad, 0xe5, 0xad, 0xe5, 0xad, 0xe5, 0xad, 0xe5,
  0xad, 0xe5, 0xad, 0xe5, 0xad, 0xe5, 0xad, 0xe5, 0xad, 0xe5, 0xad, 0xe5, 0xad, 0xe5, 0xad, 0xe5,
  0xad, 0xe5, 0xad, 0xe5, 0xad, 0xe5, 0xad, 0xe5, 0xad, 0xe5, 0xad, 0xe5, 0xad, 0xe5, 0xad, 0xe5,
  0xad, 0xe5, 0xad, 0xe5, 0xad, 0xe5, 0xad, 0xe5, 0xad, 0xe5, 0xad, 0xe5, 0xad, 0xe5, 0xad, 0xe5,
  0xad, 0xe5, 0xad, 0xe5, 0xad, 0xe5, 0xad, 0xe5, 0xad, 0xe5, 0xad, 0xe5, 0xad, 0xe5, 0xad, 0xe5,
  0xad, 0xe5, 0xad, 0xe5, 0xad, 0xe5, 0xad, 0xe5, 0xad, 0xe5, 0xad, 0xe5, 0xad, 0xe5, 0xad, 0xe5,
  0xad, 0xe5, 0xad, 0xe5, 0xad, 0xe5, 0xad, 0xe5, 0xad, 0xe5, 0xad, 0xe5, 0xad, 0xe5, 0xad, 0xe5,
  0xad, 0xe5, 0xad, 0xe5, 0xad, 0xe5, 0xad, 0xe5, 0xad, 0xe5, 0xad, 0xe5, 0xad, 0xe5, 0xad, 0xe5,
  0xad, 0xe5, 0xad, 0xe5, 0xad, 0xe5, 0xad, 0xe5, 0xad, 0xe5, 0xe9, 0xa3, 0x61, 0x18, 0x61, 0x18,
  0x61, 0x18, 0xa1, 0x20, 0x8d, 0xe5, 0xad, 0xe5, 0xad, 0xe5, 0xad, 0xe5, 0xad, 0xe5, 0xad, 0xe5,
  0xad, 0xe5, 0xad, 0xe5, 0xad, 0xe5, 0xad, 0xe5, 0xad, 0xe5, 0xad, 0xe5, 0xad, 0xe5, 0xad, 0xe5,
  0xad, 0xe5, 0xad, 0xe5, 0xad, 0xe5, 0xad, 0xe5, 0xad, 0xe5, 0xad, 0xe5, 0xad, 0xe5, 0xad, 0xe5,
  0xad, 0xe5, 0xad, 0xe5, 0xad, 0xe5, 0xad, 0xe5, 0xad, 0xe5, 0xad, 0xe5, 0xad, 0xe5, 0xad, 0xe5,
  0xad, 0xe5, 0xad, 0xe5, 0xad, 0xe5, 0xad, 0xe5, 0xad, 0xe5, 0xad, 0xe5, 0xad, 0xe5, 0xad, 0xe5,
  0xad, 0xe5, 0xad, 0xe5, 0xad, 0xe5, 0xad, 0xe5, 0xad, 0xe5, 0xad, 0xe5, 0xad, 0xe5, 0xad, 0xe5,
  0xad, 0xe5, 0xad, 0xe5, 0xad, 0xe5, 0xad, 0xe5, 0xad, 0xe5, 0xad, 0xe5, 0xad, 0xe5, 0xad, 0xe5,
  0xad, 0xe5, 0xad, 0xe5, 0xad, 0xe5, 0xad, 0xe5, 0xad, 0xe5, 0xad, 0xe5, 0xad, 0xe5, 0xad, 0xe5,
  0xad, 0xe5, 0xad, 0xe5, 0xad, 0xe5, 0xad, 0xe5, 0xad, 0xe5, 0xad, 0xe5, 0xad, 0xe5, 0xad, 0xe5,
  0xad, 0xe5, 0xad, 0xe5, 0xad, 0xe5, 0xad, 0xe5, 0xad, 0xe5, 0xad, 0xe5, 0xad, 0xe5, 0xad, 0xe5,
  0xad, 0xe5, 0xad, 0xe5, 0xad, 0xe5, 0xad, 0xe5, 0xad, 0xe5, 0xad, 0xe5, 0xad, 0xe5, 0xad, 0xe5,
  0xad, 0xe5, 0xad, 0xe5, 0xad, 0xe5, 0xad, 0xe5, 0xad, 0xe5, 0xad, 0xe5, 0xad, 0xe5, 0xad, 0xe5,
  0xad, 0xe5, 0xad, 0xe5, 0xad, 0xe5, 0xad, 0xe5, 0xad, 0xe5, 0xad, 0xe5, 0xad, 0xe5, 0xad, 0xe5,
  0xad, 0xe5, 0xad, 0xe5, 0xad, 0xe5, 0xad, 0xe5, 0xad, 0xe5, 0xad, 0xe5, 0xad, 0xe5, 0xad, 0xe5,
  0xad, 0xe5, 0xad, 0xe5, 0xad, 0xe5, 0xad, 0xe5, 0xad, 0xe5, 0xad, 0xe5, 0xad, 0xe5, 0xad, 0xe5,
  0xad, 0xe5, 0xad, 0xe5, 0xad, 0xe5, 0xad, 0xe5, 0xad, 0xe5, 0xad, 0xe5, 0xad, 0xe5, 0xad, 0xe5,
  0xad, 0xe5, 0xad, 0xe5, 0xad, 0xe5, 0xad, 0xe5, 0xad, 0xe5, 0xad, 0xe5, 0xad, 0xe5, 0xad, 0xe5,
  0xad, 0xe5, 0xad, 0xe5, 0xad, 0xe5, 0xad, 0xe5, 0xad, 0xe5, 0xad, 0xe5, 0xad, 0xe5, 0xad, 0xe5,
  0xad, 0xe5, 0xad, 0xe5, 0xad, 0xe5, 0xad, 0xe5, 0xad, 0xe5, 0xad, 0xe5, 0xad, 0xe5, 0xad, 0xe5,
  0xad, 0xe5, 0xad, 0xe5, 0xad, 0xe5, 0xad, 0xe5, 0xad, 0xe5, 0xad, 0xe5, 0xad, 0xe5, 0xad, 0xe5,
  0xad, 0xe5, 0xad, 0xe5, 0xad, 0xe5, 0xad, 0xe5, 0xad, 0xe5, 0xa6, 0x72, 0x61, 0x18, 0x61, 0x18,
  0x61, 0x18, 0xe4, 0x51, 0xad, 0xe5, 0xad, 0xe5, 0xad, 0xe5, 0xad, 0xe5, 0xad, 0xe5, 0xad, 0xe5,
  0xad, 0xe5, 0xad, 0xe5, 0xad, 0xe5, 0xad, 0xe5, 0xad, 0xe5, 0xad, 0xe5, 0xad, 0xe5, 0xad, 0xe5,
  0xad, 0xe5, 0xad, 0xe5, 0xad, 0xe5, 0xad, 0xe5, 0xad, 0xe5, 0xad, 0xe5, 0xad, 0xe5, 0xad, 0xe5,
  0xad, 0xe5, 0xad, 0xe5, 0xad, 0xe5, 0xad, 0xe5, 0xad, 0xe5, 0xad, 0xe5, 0xad, 0xe5, 0xad, 0xe5,
  0xad, 0xe5, 0xad, 0xe5, 0xad, 0xe5, 0xad, 0xe5, 0xad, 0xe5, 0xad, 0xe5, 0xad, 0xe5, 0xad, 0xe5,
  0xad, 0xe5, 0xad, 0xe5, 0xad, 0xe5, 0xad, 0xe5, 0xad, 0xe5, 0xad, 0xe5, 0xad, 0xe5, 0xad, 0xe5,
  0xad, 0xe5, 0xad, 0xe5, 0xad, 0xe5, 0xad, 0xe5, 0xad, 0xe5, 0xad, 0xe5, 0xad, 0xe5, 0xad, 0xe5,
  0xad, 0xe5, 0xad, 0xe5, 0xad, 0xe5, 0xad, 0xe5, 0xad, 0xe5, 0xad, 0xe5, 0xad, 0xe5, 0xad, 0xe5,
  0xad, 0xe5, 0xad, 0xe5, 0xad, 0xe5, 0xad, 0xe5, 0xad, 0xe5, 0xad, 0xe5, 0xad, 0xe5, 0xad, 0xe5,
  0xad, 0xe5, 0xad, 0xe5, 0xad, 0xe5, 0xad, 0xe5, 0xad, 0xe5, 0xad, 0xe5, 0xad, 0xe5, 0xad, 0xe5,
  0xad, 0xe5, 0xad, 0xe5, 0xad, 0xe5, 0xad, 0xe5, 0xad, 0xe5, 0xad, 0xe5, 0xad, 0xe5, 0xad, 0xe5,
  0xad, 0xe5, 0xad, 0xe5, 0xad, 0xe5, 0xad, 0xe5, 0xad, 0xe5, 0xad, 0xe5, 0xad, 0xe5, 0xad, 0xe5,
  0xad, 0xe5, 0xad, 0xe5, 0xad, 0xe5, 0xad, 0xe5, 0xad, 0xe5, 0xad, 0xe5, 0xad, 0xe5, 0xad, 0xe5,
  0xad, 0xe5, 0xad, 0xe5, 0xad, 0xe5, 0xad, 0xe5, 0xad, 0xe5, 0xad, 0xe5, 0xad, 0xe5, 0xad, 0xe5,
  0xad, 0xe5, 0xad, 0xe5, 0xad, 0xe5, 0xad, 0xe5, 0xad, 0xe5, 0xad, 0xe5, 0xad, 0xe5, 0xad, 0xe5,
  0xad, 0xe5, 0xad, 0xe5, 0xad, 0xe5, 0xad, 0xe5, 0xad, 0xe5, 0xad, 0xe5, 0xad, 0xe5, 0xad, 0xe5,
  0xad, 0xe5, 0xad, 0xe5, 0xad, 0xe5, 0xad, 0xe5, 0xad, 0xe5, 0xad, 0xe5, 0xad, 0xe5, 0xad, 0xe5,
  0xad, 0xe5, 0xad, 0xe5, 0xad, 0xe5, 0xad, 0xe5, 0xad, 0xe5, 0xad, 0xe5, 0xad, 0xe5, 0xad, 0xe5,
  0xad, 0xe5, 0xad, 0xe5, 0xad, 0xe5, 0xad, 0xe5, 0xad, 0xe5, 0xad, 0xe5, 0xad, 0xe5, 0xad, 0xe5,
  0xad, 0xe5, 0xad, 0xe5, 0xad, 0xe5, 0xad, 0xe5, 0xad, 0xe5, 0xad, 0xe5, 0xad, 0xe5, 0xad, 0xe5,
  0xad, 0xe5, 0xad, 0xe5, 0xad, 0xe5, 0xad, 0xe5, 0xad, 0xe5, 0x63, 0x41, 0x61, 0x18, 0x61, 0x18,
  0x61, 0x18, 0xe6, 0x7a, 0xad, 0xe5, 0xad, 0xe5, 0xad, 0xe5, 0xad, 0xe5, 0xad, 0xe5, 0xad, 0xe5,
  0xad, 0xe5, 0xad, 0xe5, 0xad, 0xe5, 0xad, 0xe5, 0xad, 0xe5, 0xad, 0xe5, 0xad, 0xe5, 0xad, 0xe5,
  0xad, 0xe5, 0xad, 0xe5, 0xad, 0xe5, 0xad, 0xe5, 0xad, 0xe5, 0xad, 0xe5, 0xad, 0xe5, 0xad, 0xe5,
  0xad, 0xe5, 0xad, 0xe5, 0xad, 0xe5, 0xad, 0xe5, 0xad, 0xe5, 0xad, 0xe5, 0xad, 0xe5, 0xad, 0xe5,
  0xad, 0xe5, 0xad, 0xe5, 0xad, 0xe5, 0xad, 0xe5, 0xad, 0xe5, 0xad, 0xe5, 0xad, 0xe5, 0xad, 0xe5,
  0xad, 0xe5, 0xad, 0xe5, 0xad, 0xe5, 0xad, 0xe5, 0xad, 0xe5, 0xad, 0xe5, 0xad, 0xe5, 0xad, 0xe5,
  0xad, 0xe5, 0xad, 0xe5, 0xad, 0xe5, 0xad, 0xe5, 0xad, 0xe5, 0xad, 0xe5, 0xad, 0xe5, 0xad, 0xe5,
  0xad, 0xe5, 0xad, 0xe5, 0xad, 0xe5, 0xad, 0xe5, 0xad, 0xe5, 0xad, 0xe5, 0xad, 0xe5, 0xad, 0xe5,
  0xad, 0xe5, 0xad, 0xe5, 0xad, 0xe5, 0xad, 0xe5, 0xad, 0xe5, 0xad, 0xe5, 0xad, 0xe5, 0xad, 0xe5,
  0xad, 0xe5, 0xad, 0xe5, 0xad, 0xe5, 0xad, 0xe5, 0xad, 0xe5, 0xad, 0xe5, 0xad, 0xe5, 0xad, 0xe5,
  0xad, 0xe5, 0xad, 0xe5, 0xad, 0xe5, 0xad, 0xe5, 0xad, 0xe5, 0xad, 0xe5, 0xad, 0xe5, 0xad, 0xe5,
  0xad, 0xe5, 0xad, 0xe5, 0xad, 0xe5, 0xad, 0xe5, 0xad, 0xe5, 0xad, 0xe5, 0xad, 0xe5, 0xad, 0xe5,
  0xad, 0xe5, 0xad, 0xe5, 0xad, 0xe5, 0xad, 0xe5, 0xad, 0xe5, 0xad, 0xe5, 0xad, 0xe5, 0xad, 0xe5,
  0xad, 0xe5, 0xad, 0xe5, 0xad, 0xe5, 0xad, 0xe5, 0xad, 0xe5, 0xad, 0xe5, 0xad, 0xe5, 0xad, 0xe5,
  0xad, 0xe5, 0xad, 0xe5, 0xad, 0xe5, 0xad, 0xe5, 0xad, 0xe5, 0xad, 0xe5, 0xad, 0xe5, 0xad, 0xe5,
  0xad, 0xe5, 0xad, 0xe5, 0xad, 0xe5, 0xad, 0xe5, 0xad, 0xe5, 0xad, 0xe5, 0xad, 0xe5, 0xad, 0xe5,
  0xad, 0xe5, 0xad, 0xe5, 0xad, 0xe5, 0xad, 0xe5, 0xad, 0xe5, 0xad, 0xe5, 0xad, 0xe5, 0xad, 0xe5,
  0xad, 0xe5, 0xad, 0xe5, 0xad, 0xe5, 0xad, 0xe5, 0xad, 0xe5, 0xad, 0xe5, 0xad, 0xe5, 0xad, 0xe5,
  0xad, 0xe5, 0xad, 0xe5, 0xad, 0xe5, 0xad, 0xe5, 0xad, 0xe5, 0xad, 0xe5, 0xad, 0xe5, 0xad, 0xe5,
  0xad, 0xe5, 0xad, 0xe5, 0xad, 0xe5, 0xad, 0xe5, 0xad, 0xe5, 0xad, 0xe5, 0xad, 0xe5, 0xad, 0xe5,
  0xad, 0xe5, 0xad, 0xe5, 0xad, 0xe5, 0xad, 0xe5, 0x4c, 0xdd, 0x81, 0x18, 0x61, 0x18, 0x61, 0x18,
  0x61, 0x18, 0xc8, 0x9b, 0xad, 0xe5, 0xad, 0xe5, 0xad, 0xe5, 0xad, 0xe5, 0xad, 0xe5, 0xad, 0xe5,
  0xad, 0xe5, 0xad, 0xe5, 0xad, 0xe5, 0xad, 0xe5, 0xad, 0xe5, 0xad, 0xe5, 0xad, 0xe5, 0xad, 0xe5,
  0xad, 0xe5, 0xad, 0xe5, 0xad, 0xe5, 0xad, 0xe5, 0xad, 0xe5, 0xad, 0xe5, 0xad, 0xe5, 0xad, 0xe5,
  0xad, 0xe5, 0xad, 0xe5, 0xad, 0xe5, 0xad, 0xe5, 0xad, 0xe5, 0xad, 0xe5, 0xad, 0xe5, 0xad, 0xe5,
  0xad, 0xe5, 0xad, 0xe5, 0xad, 0xe5, 0xad, 0xe5, 0xad, 0xe5, 0xad, 0xe5, 0xad, 0xe5, 0xad, 0xe5,
  0xad, 0xe5, 0xad, 0xe5, 0xad, 0xe5, 0xad, 0xe5, 0xad, 0xe5, 0xad, 0xe5, 0xad, 0xe5, 0xad, 0xe5,
  0xad, 0xe5, 0xad, 0xe5, 0xad, 0xe5, 0xad, 0xe5, 0xad, 0xe5, 0xad, 0xe5, 0xad, 0xe5, 0xad, 0xe5,
  0xad, 0xe5, 0xad, 0xe5, 0xad, 0xe5, 0xad, 0xe5, 0xad, 0xe5, 0xad, 0xe5, 0xad, 0xe5, 0xad, 0xe5,
  0xad, 0xe5, 0xad, 0xe5, 0xad, 0xe5, 0xad, 0xe5, 0xad, 0xe5, 0xad, 0xe5, 0xad, 0xe5, 0xad, 0xe5,
  0xad, 0xe5, 0xad, 0xe5, 0xad, 0xe5, 0xad, 0xe5, 0xad, 0xe5, 0xad, 0xe5, 0xad, 0xe5, 0xad, 0xe5,
  0xad, 0xe5, 0xad, 0xe5, 0xad, 0xe5, 0xad, 0xe5, 0xad, 0xe5, 0xad, 0xe5, 0xad, 0xe5, 0xad, 0xe5,
  0xad, 0xe5, 0xad, 0xe5, 0xad, 0xe5, 0xad, 0xe5, 0xad, 0xe5, 0xad, 0xe5, 0xad, 0xe5, 0xad, 0xe5,
  0xad, 0xe5, 0xad, 0xe5, 0xad, 0xe5, 0xad, 0xe5, 0xad, 0xe5, 0xad, 0xe5, 0xad, 0xe5, 0xad, 0xe5,
  0xad, 0xe5, 0xad, 0xe5, 0xad, 0xe5, 0xad, 0xe5, 0xad, 0xe5, 0xad, 0xe5, 0xad, 0xe5, 0xad, 0xe5,
  0xad, 0xe5, 0xad, 0xe5, 0xad, 0xe5, 0xad, 0xe5, 0xad, 0xe5, 0xad, 0xe5, 0xad, 0xe5, 0xad, 0xe5,
  0xad, 0xe5, 0xad, 0xe5, 0xad, 0xe5, 0xad, 0xe5, 0xad, 0xe5, 0xad, 0xe5, 0xad, 0xe5, 0xad, 0xe5,
  0xad, 0xe5, 0xad, 0xe5, 0xad, 0xe5, 0xad, 0xe5, 0xad, 0xe5, 0xad, 0xe5, 0xad, 0xe5, 0xad, 0xe5,
  0xad, 0xe5, 0xad, 0xe5, 0xad, 0xe5, 0xad, 0xe5, 0xad, 0xe5, 0xad, 0xe5, 0xad, 0xe5, 0xad, 0xe5,
  0xad, 0xe5, 0xad, 0xe5, 0xad, 0xe5, 0xad, 0xe5, 0xad, 0xe5, 0xad, 0xe5, 0xad, 0xe5, 0xad, 0xe5,
  0xad, 0xe5, 0xad, 0xe5, 0xad, 0xe5, 0xad, 0xe5, 0xad, 0xe5, 0xad, 0xe5, 0xad, 0xe5, 0xad, 0xe5,
  0xad, 0xe5, 0xad, 0xe5, 0xad, 0xe5, 0xad, 0xe5, 0xa8, 0x9b, 0x61, 0x18, 0x61, 0x18, 0x61, 0x18,
  0x61, 0x18, 0x8a, 0xbc, 0xad, 0xe5, 0xad, 0xe5, 0xad, 0xe5, 0xad, 0xe5, 0xad, 0xe5, 0xad, 0xe5,
  0xad, 0xe5, 0xad, 0xe5, 0xad, 0xe5, 0xad, 0xe5, 0xad, 0xe5, 0xad, 0xe5, 0xad, 0xe5, 0xad, 0xe5,
  0xad, 0xe5, 0xad, 0xe5, 0xad, 0xe5, 0xad, 0xe5, 0xad, 0xe5, 0xad, 0xe5, 0xad, 0xe5, 0xad, 0xe5,
  0xad, 0xe5, 0xad, 0xe5, 0xad, 0xe5, 0xad, 0xe5, 0xad, 0xe5, 0xad, 0xe5, 0xad, 0xe5, 0xad, 0xe5,
  0xad, 0xe5, 0xad, 0xe5, 0xad, 0xe5, 0xad, 0xe5, 0xad, 0xe5, 0xad, 0xe5, 0xad, 0xe5, 0xad, 0xe5,
  0xad, 0xe5, 0xad, 0xe5, 0xad, 0xe5, 0xad, 0xe5, 0xad, 0xe5, 0xad, 0xe5, 0xad, 0xe5, 0xad, 0xe5,
  0xad, 0xe5, 0xad, 0xe5, 0xad, 0xe5, 0xad, 0xe5, 0xad, 0xe5, 0xad, 0xe5, 0xad, 0xe5, 0xad, 0xe5,
  0xad, 0xe5, 0xad, 0xe5, 0xad, 0xe5, 0xad, 0xe5, 0xad, 0xe5, 0xad, 0xe5, 0xad, 0xe5, 0xad, 0xe5,
  0xad, 0xe5, 0xad, 0xe5, 0xad, 0xe5, 0xad, 0xe5, 0xad, 0xe5, 0xad, 0xe5, 0xad, 0xe5, 0xad, 0xe5,
  0xad, 0xe5, 0xad, 0xe5, 0xad, 0xe5, 0xad, 0xe5, 0xad, 0xe5, 0xad, 0xe5, 0xad, 0xe5, 0xad, 0xe5,
  0xad, 0xe5, 0xad, 0xe5, 0xad, 0xe5, 0xad, 0xe5, 0xad, 0xe5, 0xad, 0xe5, 0xad, 0xe5, 0xad, 0xe5,
  0xad, 0xe5, 0xad, 0xe5, 0xad, 0xe5, 0xad, 0xe5, 0xad, 0xe5, 0xad, 0xe5, 0xad, 0xe5, 0xad, 0xe5,
  0xad, 0xe5, 0xad, 0xe5, 0xad, 0xe5, 0xad, 0xe5, 0xad, 0xe5, 0xad, 0xe5, 0xad, 0xe5, 0xad, 0xe5,
  0xad, 0xe5, 0xad, 0xe5, 0xad, 0xe5, 0xad, 0xe5, 0xad, 0xe5, 0xad, 0xe5, 0xad, 0xe5, 0xad, 0xe5,
  0xad, 0xe5, 0xad, 0xe5, 0xad, 0xe5, 0xad, 0xe5, 0xad, 0xe5, 0xad, 0xe5, 0xad, 0xe5, 0xad, 0xe5,
  0xad, 0xe5, 0xad, 0xe5, 0xad, 0xe5, 0xad, 0xe5, 0xad, 0xe5, 0xad, 0xe5, 0xad, 0xe5, 0xad, 0xe5,
  0xad, 0xe5, 0xad, 0xe5, 0xad, 0xe5, 0xad, 0xe5, 0xad, 0xe5, 0xad, 0xe5, 0xad, 0xe5, 0xad, 0xe5,
  0xad, 0xe5, 0xad, 0xe5, 0xad, 0xe5, 0xad, 0xe5, 0xad, 0xe5, 0xad, 0xe5, 0xad, 0xe5, 0xad, 0xe5,
  0xad, 0xe5, 0xad, 0xe5, 0xad, 0xe5, 0xad, 0xe5, 0xad, 0xe5, 0xad, 0xe5, 0xad, 0xe5, 0xad, 0xe5,
  0xad, 0xe5, 0xad, 0xe5, 0xad, 0xe5, 0xad, 0xe5, 0xad, 0xe5, 0xad, 0xe5, 0xad, 0xe5, 0xad, 0xe5,
  0xad, 0xe5, 0xad, 0xe5, 0xad, 0xe5, 0xad, 0xe5, 0xe4, 0x51, 0x61, 0x18, 0x61, 0x18, 0x61, 0x18,
  0x61, 0x18, 0x0b, 0xcd, 0xad, 0xe5, 0xad, 0xe5, 0xad, 0xe5, 0xad, 0xe5, 0xad, 0xe5, 0xad, 0xe5,
  0xad, 0xe5, 0xad, 0xe5, 0xad, 0xe5, 0xad, 0xe5, 0xad, 0xe5, 0xad, 0xe5, 0xad, 0xe5, 0xad, 0xe5,
  0xad, 0xe5, 0xad, 0xe5, 0xad, 0xe5, 0xad, 0xe5, 0xad, 0xe5, 0xad, 0xe5, 0xad, 0xe5, 0xad, 0xe5,
  0xad, 0xe5, 0xad, 0xe5, 0xad, 0xe5, 0xad, 0xe5, 0xad, 0xe5, 0xad, 0xe5, 0xad, 0xe5, 0xad, 0xe5,
  0xad, 0xe5, 0xad, 0xe5, 0xad, 0xe5, 0xad, 0xe5, 0xad, 0xe5, 0xad, 0xe5, 0xad, 0xe5, 0xad, 0xe5,
  0xad, 0xe5, 0xad, 0xe5, 0xad, 0xe5, 0xad, 0xe5, 0xad, 0xe5, 0xad, 0xe5, 0xad, 0xe5, 0xad, 0xe5,
  0xad, 0xe5, 0xad, 0xe5, 0xad, 0xe5, 0xad, 0xe5, 0xad, 0xe5, 0xad, 0xe5, 0xad, 0xe5, 0xad, 0xe5,
  0xad, 0xe5, 0xad, 0xe5, 0xad, 0xe5, 0xad, 0xe5, 0xad, 0xe5, 0xad, 0xe5, 0xad, 0xe5, 0xad, 0xe5,
  0xad, 0xe5, 0xad, 0xe5, 0xad, 0xe5, 0xad, 0xe5, 0xad, 0xe5, 0xad, 0xe5, 0xad, 0xe5, 0xad, 0xe5,
  0xad, 0xe5, 0xad, 0xe5, 0xad, 0xe5, 0xad, 0xe5, 0xad, 0xe5, 0xad, 0xe5, 0xad, 0xe5, 0xad, 0xe5,
  0xad, 0xe5, 0xad, 0xe5, 0xad, 0xe5, 0xad, 0xe5, 0xad, 0xe5, 0xad, 0xe5, 0xad, 0xe5, 0xad, 0xe5,
  0xad, 0xe5, 0xad, 0xe5, 0xad, 0xe5, 0xad, 0xe5, 0xad, 0xe5, 0xad, 0xe5, 0xad, 0xe5, 0xad, 0xe5,
  0xad, 0xe5, 0xad, 0xe5, 0xad, 0xe5, 0xad, 0xe5, 0xad, 0xe5, 0xad, 0xe5, 0xad, 0xe5, 0xad, 0xe5,
  0xad, 0xe5, 0xad, 0xe5, 0xad, 0xe5, 0xad, 0xe5, 0xad, 0xe5, 0xad, 0xe5, 0xad, 0xe5, 0xad, 0xe5,
  0xad, 0xe5, 0xad, 0xe5, 0xad, 0xe5, 0xad, 0xe5, 0xad, 0xe5, 0xad, 0xe5, 0xad, 0xe5, 0xad, 0xe5,
  0xad, 0xe5, 0xad, 0xe5, 0xad, 0xe5, 0xad, 0xe5, 0xad, 0xe5, 0xad, 0xe5, 0xad, 0xe5, 0xad, 0xe5,
  0xad, 0xe5, 0xad, 0xe5, 0xad, 0xe5, 0xad, 0xe5, 0xad, 0xe5, 0xad, 0xe5, 0xad, 0xe5, 0xad, 0xe5,
  0xad, 0xe5, 0xad, 0xe5, 0xad, 0xe5, 0xad, 0xe5, 0xad, 0xe5, 0xad, 0xe5, 0xad, 0xe5, 0xad, 0xe5,
  0xad, 0xe5, 0xad, 0xe5, 0xad, 0xe5, 0xad, 0xe5, 0xad, 0xe5, 0xad, 0xe5, 0xad, 0xe5, 0xad, 0xe5,
  0xad, 0xe5, 0xad, 0xe5, 0xad, 0xe5, 0xad, 0xe5, 0xad, 0xe5, 0xad, 0xe5, 0xad, 0xe5, 0xad, 0xe5,
  0xad, 0xe5, 0xad, 0xe5, 0xad, 0xe5, 0x4c, 0xdd, 0x81, 0x18, 0x61, 0x18, 0x61, 0x18, 0x61, 0x18,
  0x61, 0x18, 0x4c, 0xd5, 0xad, 0xe5, 0xad, 0xe5, 0xad, 0xe5, 0xad, 0xe5, 0xad, 0xe5, 0xad, 0xe5,
  0xad, 0xe5, 0xad, 0xe5, 0xad, 0xe5, 0xad, 0xe5, 0xad, 0xe5, 0xad, 0xe5, 0xad, 0xe5, 0xad, 0xe5,
  0xad, 0xe5, 0xad, 0xe5, 0xad, 0xe5, 0xad, 0xe5, 0xad, 0xe5, 0xad, 0xe5, 0xad, 0xe5, 0xad, 0xe5,
  0xad, 0xe5, 0xad, 0xe5, 0xad, 0xe5, 0xad, 0xe5, 0xad, 0xe5, 0xad, 0xe5, 0xad, 0xe5, 0xad, 0xe5,
  0xad, 0xe5, 0xad, 0xe5, 0xad, 0xe5, 0xad, 0xe5, 0xad, 0xe5, 0xad, 0xe5, 0xad, 0xe5, 0xad, 0xe5,
  0xad, 0xe5, 0xad, 0xe5, 0xad, 0xe5, 0xad, 0xe5, 0xad, 0xe5, 0xad, 0xe5, 0xad, 0xe5, 0xad, 0xe5,
  0xad, 0xe5, 0xad, 0xe5, 0xad, 0xe5, 0xad, 0xe5, 0xad, 0xe5, 0xad, 0xe5, 0xad, 0xe5, 0xad, 0xe5,
  0xad, 0xe5, 0xad, 0xe5, 0xad, 0xe5, 0xad, 0xe5, 0xad, 0xe5, 0xad, 0xe5, 0xad, 0xe5, 0xad, 0xe5,
  0xad, 0xe5, 0xad, 0xe5, 0xad, 0xe5, 0xad, 0xe5, 0xad, 0xe5, 0xad, 0xe5, 0xad, 0xe5, 0xad, 0xe5,
  0xad, 0xe5, 0xad, 0xe5, 0xad, 0xe5, 0xad, 0xe5, 0xad, 0xe5, 0xad, 0xe5, 0xad, 0xe5, 0xad, 0xe5,
  0xad, 0xe5, 0xad, 0xe5, 0xad, 0xe5, 0xad, 0xe5, 0xad, 0xe5, 0xad, 0xe5, 0xad, 0xe5, 0xad, 0xe5,
  0xad, 0xe5, 0xad, 0xe5, 0xad, 0xe5, 0xad, 0xe5, 0xad, 0xe5, 0xad, 0xe5, 0xad, 0xe5, 0xad, 0xe5,
  0xad, 0xe5, 0xad, 0xe5, 0xad, 0xe5, 0xad, 0xe5, 0xad, 0xe5, 0xad, 0xe5, 0xad, 0xe5, 0xad, 0xe5,
  0xad, 0xe5, 0xad, 0xe5, 0xad, 0xe5, 0xad, 0xe5, 0xad, 0xe5, 0xad, 0xe5, 0xad, 0xe5, 0xad, 0xe5,
  0xad, 0xe5, 0xad, 0xe5, 0xad, 0xe5, 0xad, 0xe5, 0xad, 0xe5, 0xad, 0xe5, 0xad, 0xe5, 0xad, 0xe5,
  0xad, 0xe5, 0xad, 0xe5, 0xad, 0xe5, 0xad, 0xe5, 0xad, 0xe5, 0xad, 0xe5, 0xad, 0xe5, 0xad, 0xe5,
  0xad, 0xe5, 0xad, 0xe5, 0xad, 0xe5, 0xad, 0xe5, 0xad, 0xe5, 0xad, 0xe5, 0xad, 0xe5, 0xad, 0xe5,
  0xad, 0xe5, 0xad, 0xe5, 0xad, 0xe5, 0xad, 0xe5, 0xad, 0xe5, 0xad, 0xe5, 0xad, 0xe5, 0xad, 0xe5,
  0xad, 0xe5, 0xad, 0xe5, 0xad, 0xe5, 0xad, 0xe5, 0xad, 0xe5, 0xad, 0xe5, 0xad, 0xe5, 0xad, 0xe5,
  0xad, 0xe5, 0xad, 0xe5, 0xad, 0xe5, 0xad, 0xe5, 0xad, 0xe5, 0xad, 0xe5, 0xad, 0xe5, 0xad, 0xe5,
  0xad, 0xe5, 0xad, 0xe5, 0xad, 0xe5, 0xa8, 0x9b, 0x61, 0x18, 0x61, 0x18, 0x61, 0x18, 0x61, 0x18,
  0x61, 0x18, 0x6c, 0xdd, 0xad, 0xe5, 0xad, 0xe5, 0xad, 0xe5, 0xad, 0xe5, 0xad, 0xe5, 0xad, 0xe5,
  0xad, 0xe5, 0xad, 0xe5, 0xad, 0xe5, 0xad, 0xe5, 0xad, 0xe5, 0xad, 0xe5, 0xad, 0xe5, 0xad, 0xe5,
  0xad, 0xe5, 0xad, 0xe5, 0xad, 0xe5, 0xad, 0xe5, 0xad, 0xe5, 0xad, 0xe5, 0xad, 0xe5, 0xad, 0xe5,
  0xad, 0xe5, 0xad, 0xe5, 0xad, 0xe5, 0xad, 0xe5, 0xad, 0xe5, 0xad, 0xe5, 0xad, 0xe5, 0xad, 0xe5,
  0xad, 0xe5, 0xad, 0xe5, 0xad, 0xe5, 0xad, 0xe5, 0xad, 0xe5, 0xad, 0xe5, 0xad, 0xe5, 0xad, 0xe5,
  0xad, 0xe5, 0xad, 0xe5, 0xad, 0xe5, 0xad, 0xe5, 0xad, 0xe5, 0xad, 0xe5, 0xad, 0xe5, 0xad, 0xe5,
  0xad, 0xe5, 0xad, 0xe5, 0xad, 0xe5, 0xad, 0xe5, 0xad, 0xe5, 0xad, 0xe5, 0xad, 0xe5, 0xad, 0xe5,
  0xad, 0xe5, 0xad, 0xe5, 0xad, 0xe5, 0xad, 0xe5, 0xad, 0xe5, 0xad, 0xe5, 0xad, 0xe5, 0xad, 0xe5,
  0xad, 0xe5, 0xad, 0xe5, 0xad, 0xe5, 0xad, 0xe5, 0xad, 0xe5, 0xad, 0xe5, 0xad, 0xe5, 0xad, 0xe5,
  0xad, 0xe5, 0xad, 0xe5, 0xad, 0xe5, 0xad, 0xe5, 0xad, 0xe5, 0xad, 0xe5, 0xad, 0xe5, 0xad, 0xe5,
  0xad, 0xe5, 0xad, 0xe5, 0xad, 0xe5, 0xad, 0xe5, 0xad, 0xe5, 0xad, 0xe5, 0xad, 0xe5, 0xad, 0xe5,
  0xad, 0xe5, 0xad, 0xe5, 0xad, 0xe5, 0xad, 0xe5, 0xad, 0xe5, 0xad, 0xe5, 0xad, 0xe5, 0xad, 0xe5,
  0xad, 0xe5, 0xad, 0xe5, 0xad, 0xe5, 0xad, 0xe5, 0xad, 0xe5, 0xad, 0xe5, 0xad, 0xe5, 0xad, 0xe5,
  0xad, 0xe5, 0xad, 0xe5, 0xad, 0xe5, 0xad, 0xe5, 0xad, 0xe5, 0xad, 0xe5, 0xad, 0xe5, 0xad, 0xe5,
  0xad, 0xe5, 0xad, 0xe5, 0xad, 0xe5, 0xad, 0xe5, 0xad, 0xe5, 0xad, 0xe5, 0xad, 0xe5, 0xad, 0xe5,
  0xad, 0xe5, 0xad, 0xe5, 0xad, 0xe5, 0xad, 0xe5, 0xad, 0xe5, 0xad, 0xe5, 0xad, 0xe5, 0xad, 0xe5,
  0xad, 0xe5, 0xad, 0xe5, 0xad, 0xe5, 0xad, 0xe5, 0xad, 0xe5, 0xad, 0xe5, 0xad, 0xe5, 0xad, 0xe5,
  0xad, 0xe5, 0xad, 0xe5, 0xad, 0xe5, 0xad, 0xe5, 0xad, 0xe5, 0xad, 0xe5, 0xad, 0xe5, 0xad, 0xe5,
  0xad, 0xe5, 0xad, 0xe5, 0xad, 0xe5, 0xad, 0xe5, 0xad, 0xe5, 0xad, 0xe5, 0xad, 0xe5, 0xad, 0xe5,
  0xad, 0xe5, 0xad, 0xe5, 0xad, 0xe5, 0xad, 0xe5, 0xad, 0xe5, 0xad, 0xe5, 0xad, 0xe5, 0xad, 0xe5,
  0xad, 0xe5, 0xad, 0xe5, 0xad, 0xe5, 0xc4, 0x49, 0x61, 0x18, 0x61, 0x18, 0x61, 0x18, 0x61, 0x18,
  0x61, 0x18, 0x2c, 0xd5, 0xad, 0xe5, 0xad, 0xe5, 0xad, 0xe5, 0xad, 0xe5, 0xad, 0xe5, 0xad, 0xe5,
  0xad, 0xe5, 0xad, 0xe5, 0xad, 0xe5, 0xad, 0xe5, 0xad, 0xe5, 0xad, 0xe5, 0xad, 0xe5, 0xad, 0xe5,
  0xad, 0xe5, 0xad, 0xe5, 0xad, 0xe5, 0xad, 0xe5, 0xad, 0xe5, 0xad, 0xe5, 0xad, 0xe5, 0xad, 0xe5,
  0xad, 0xe5, 0xad, 0xe5, 0xad, 0xe5, 0xad, 0xe5, 0xad, 0xe5, 0xad, 0xe5, 0xad, 0xe5, 0xad, 0xe5,
  0xad, 0xe5, 0xad, 0xe5, 0xad, 0xe5, 0xad, 0xe5, 0xad, 0xe5, 0xad, 0xe5, 0xad, 0xe5, 0xad, 0xe5,
  0xad, 0xe5, 0xad, 0xe5, 0xad, 0xe5, 0xad, 0xe5, 0xad, 0xe5, 0xad, 0xe5, 0xad, 0xe5, 0xad, 0xe5,
  0xad, 0xe5, 0xad, 0xe5, 0xad, 0xe5, 0xad, 0xe5, 0xad, 0xe5, 0xad, 0xe5, 0xad, 0xe5, 0xad, 0xe5,
  0xad, 0xe5, 0xad, 0xe5, 0xad, 0xe5, 0xad, 0xe5, 0xad, 0xe5, 0xad, 0xe5, 0xad, 0xe5, 0xad, 0xe5,
  0xad, 0xe5, 0xad, 0xe5, 0xad, 0xe5, 0xad, 0xe5, 0xad, 0xe5, 0xad, 0xe5, 0xad, 0xe5, 0xad, 0xe5,
  0xad, 0xe5, 0xad, 0xe5, 0xad, 0xe5, 0xad, 0xe5, 0xad, 0xe5, 0xad, 0xe5, 0xad, 0xe5, 0xad, 0xe5,
  0xad, 0xe5, 0xad, 0xe5, 0xad, 0xe5, 0xad, 0xe5, 0xad, 0xe5, 0xad, 0xe5, 0xad, 0xe5, 0xad, 0xe5,
  0xad, 0xe5, 0xad, 0xe5, 0xad, 0xe5, 0xad, 0xe5, 0xad, 0xe5, 0xad, 0xe5, 0xad, 0xe5, 0xad, 0xe5,
  0xad, 0xe5, 0xad, 0xe5, 0xad, 0xe5, 0xad, 0xe5, 0xad, 0xe5, 0xad, 0xe5, 0xad, 0xe5, 0xad, 0xe5,
  0xad, 0xe5, 0xad, 0xe5, 0xad, 0xe5, 0xad, 0xe5, 0xad, 0xe5, 0xad, 0xe5, 0xad, 0xe5, 0xad, 0xe5,
  0xad, 0xe5, 0xad, 0xe5, 0xad, 0xe5, 0xad, 0xe5, 0xad, 0xe5, 0xad, 0xe5, 0xad, 0xe5, 0xad, 0xe5,
  0xad, 0xe5, 0xad, 0xe5, 0xad, 0xe5, 0xad, 0xe5, 0xad, 0xe5, 0xad, 0xe5, 0xad, 0xe5, 0xad, 0xe5,
  0xad, 0xe5, 0xad, 0xe5, 0xad, 0xe5, 0xad, 0xe5, 0xad, 0xe5, 0xad, 0xe5, 0xad, 0xe5, 0xad, 0xe5,
  0xad, 0xe5, 0xad, 0xe5, 0xad, 0xe5, 0xad, 0xe5, 0xad, 0xe5, 0xad, 0xe5, 0xad, 0xe5, 0xad, 0xe5,
  0xad, 0xe5, 0xad, 0xe5, 0xad, 0xe5, 0xad, 0xe5, 0xad, 0xe5, 0xad, 0xe5, 0xad, 0xe5, 0xad, 0xe5,
  0xad, 0xe5, 0xad, 0xe5, 0xad, 0xe5, 0xad, 0xe5, 0xad, 0xe5, 0xad, 0xe5, 0xad, 0xe5, 0xad, 0xe5,
  0xad, 0xe5, 0xad, 0xe5, 0xab, 0xbc, 0x61, 0x18, 0x61, 0x18, 0x61, 0x18, 0x61, 0x18, 0x61, 0x18,
  0x61, 0x18, 0xcb, 0xc4, 0xad, 0xe5, 0xad, 0xe5, 0xad, 0xe5, 0xad, 0xe5, 0xad, 0xe5, 0xad, 0xe5,
  0xad, 0xe5, 0xad, 0xe5, 0xad, 0xe5, 0xad, 0xe5, 0xad, 0xe5, 0xad, 0xe5, 0xad, 0xe5, 0xad, 0xe5,
  0xad, 0xe5, 0xad, 0xe5, 0xad, 0xe5, 0xad, 0xe5, 0xad, 0xe5, 0xad, 0xe5, 0xad, 0xe5, 0xad, 0xe5,
  0xad, 0xe5, 0xad, 0xe5, 0xad, 0xe5, 0xad, 0xe5, 0xad, 0xe5, 0xad, 0xe5, 0xad, 0xe5, 0xad, 0xe5,
  0xad, 0xe5, 0xad, 0xe5, 0xad, 0xe5, 0xad, 0xe5, 0xad, 0xe5, 0xad, 0xe5, 0xad, 0xe5, 0xad, 0xe5,
  0xad, 0xe5, 0xad, 0xe5, 0xad, 0xe5, 0xad, 0xe5, 0xad, 0xe5, 0xad, 0xe5, 0xad, 0xe5, 0xad, 0xe5,
  0xad, 0xe5, 0xad, 0xe5, 0xad, 0xe5, 0xad, 0xe5, 0xad, 0xe5, 0xad, 0xe5, 0xad, 0xe5, 0xad, 0xe5,
  0xad, 0xe5, 0xad, 0xe5, 0xad, 0xe5, 0xad, 0xe5, 0xad, 0xe5, 0xad, 0xe5, 0xad, 0xe5, 0xad, 0xe5,
  0xad, 0xe5, 0xad, 0xe5, 0xad, 0xe5, 0xad, 0xe5, 0xad, 0xe5, 0xad, 0xe5, 0xad, 0xe5, 0xad, 0xe5,
  0xad, 0xe5, 0xad, 0xe5, 0xad, 0xe5, 0xad, 0xe5, 0xad, 0xe5, 0xad, 0xe5, 0xad, 0xe5, 0xad, 0xe5,
  0xad, 0xe5, 0xad, 0xe5, 0xad, 0xe5, 0xad, 0xe5, 0xad, 0xe5, 0xad, 0xe5, 0xad, 0xe5, 0xad, 0xe5,
  0xad, 0xe5, 0xad, 0xe5, 0xad, 0xe5, 0xad, 0xe5, 0xad, 0xe5, 0xad, 0xe5, 0xad, 0xe5, 0xad, 0xe5,
  0xad, 0xe5, 0xad, 0xe5, 0xad, 0xe5, 0xad, 0xe5, 0xad, 0xe5, 0xad, 0xe5, 0xad, 0xe5, 0xad, 0xe5,
  0xad, 0xe5, 0xad, 0xe5, 0xad, 0xe5, 0xad, 0xe5, 0xad, 0xe5, 0xad, 0xe5, 0xad, 0xe5, 0xad, 0xe5,
  0xad, 0xe5, 0xad, 0xe5, 0xad, 0xe5, 0xad, 0xe5, 0xad, 0xe5, 0xad, 0xe5, 0xad, 0xe5, 0xad, 0xe5,
  0xad, 0xe5, 0xad, 0xe5, 0xad, 0xe5, 0xad, 0xe5, 0xad, 0xe5, 0xad, 0xe5, 0xad, 0xe5, 0xad, 0xe5,
  0xad, 0xe5, 0xad, 0xe5, 0xad, 0xe5, 0xad, 0xe5, 0xad, 0xe5, 0xad, 0xe5, 0xad, 0xe5, 0xad, 0xe5,
  0xad, 0xe5, 0xad, 0xe5, 0xad, 0xe5, 0xad, 0xe5, 0xad, 0xe5, 0xad, 0xe5, 0xad, 0xe5, 0xad, 0xe5,
  0xad, 0xe5, 0xad, 0xe5, 0xad, 0xe5, 0xad, 0xe5, 0xad, 0xe5, 0xad, 0xe5, 0xad, 0xe5, 0xad, 0xe5,
  0xad, 0xe5, 0xad, 0xe5, 0xad, 0xe5, 0xad, 0xe5, 0xad, 0xe5, 0xad, 0xe5, 0xad, 0xe5, 0xad, 0xe5,
  0xad, 0xe5, 0xad, 0xe5, 0x45, 0x62, 0x61, 0x18, 0x61, 0x18, 0x61, 0x18, 0x61, 0x18, 0x61, 0x18,
  0x61, 0x18, 0x6a, 0xb4, 0xad, 0xe5, 0xad, 0xe5, 0xad, 0xe5, 0xad, 0xe5, 0xad, 0xe5, 0xad, 0xe5,
  0xad, 0xe5, 0xad, 0xe5, 0xad, 0xe5, 0xad, 0xe5, 0xad, 0xe5, 0xad, 0xe5, 0xad, 0xe5, 0xad, 0xe5,
  0xad, 0xe5, 0xad, 0xe5, 0xad, 0xe5, 0xad, 0xe5, 0xad, 0xe5, 0xad, 0xe5, 0xad, 0xe5, 0xad, 0xe5,
  0xad, 0xe5, 0xad, 0xe5, 0xad, 0xe5, 0xad, 0xe5, 0xad, 0xe5, 0xad, 0xe5, 0xad, 0xe5, 0xad, 0xe5,
  0xad, 0xe5, 0xad, 0xe5, 0xad, 0xe5, 0xad, 0xe5, 0xad, 0xe5, 0xad, 0xe5, 0xad, 0xe5, 0xad, 0xe5,
  0xad, 0xe5, 0xad, 0xe5, 0xad, 0xe5, 0xad, 0xe5, 0xad, 0xe5, 0xad, 0xe5, 0xad, 0xe5, 0xad, 0xe5,
  0xad, 0xe5, 0xad, 0xe5, 0xad, 0xe5, 0xad, 0xe5, 0xad, 0xe5, 0xad, 0xe5, 0xad, 0xe5, 0xad, 0xe5,
  0xad, 0xe5, 0xad, 0xe5, 0xad, 0xe5, 0xad, 0xe5, 0xad, 0xe5, 0xad, 0xe5, 0xad, 0xe5, 0xad, 0xe5,
  0xad, 0xe5, 0xad, 0xe5, 0xad, 0xe5, 0xad, 0xe5, 0xad, 0xe5, 0xad, 0xe5, 0xad, 0xe5, 0xad, 0xe5,
  0xad, 0xe5, 0xad, 0xe5, 0xad, 0xe5, 0xad, 0xe5, 0xad, 0xe5, 0xad, 0xe5, 0xad, 0xe5, 0xad, 0xe5,
  0xad, 0xe5, 0xad, 0xe5, 0xad, 0xe5, 0xad, 0xe5, 0xad, 0xe5, 0xad, 0xe5, 0xad, 0xe5, 0xad, 0xe5,
  0xad, 0xe5, 0xad, 0xe5, 0xad, 0xe5, 0xad, 0xe5, 0xad, 0xe5, 0xad, 0xe5, 0xad, 0xe5, 0xad, 0xe5,
  0xad, 0xe5, 0xad, 0xe5, 0xad, 0xe5, 0xad, 0xe5, 0xad, 0xe5, 0xad, 0xe5, 0xad, 0xe5, 0xad, 0xe5,
  0xad, 0xe5, 0xad, 0xe5, 0xad, 0xe5, 0xad, 0xe5, 0xad, 0xe5, 0xad, 0xe5, 0xad, 0xe5, 0xad, 0xe5,
  0xad, 0xe5, 0xad, 0xe5, 0xad, 0xe5, 0xad, 0xe5, 0xad, 0xe5, 0xad, 0xe5, 0xad, 0xe5, 0xad, 0xe5,
  0xad, 0xe5, 0xad, 0xe5, 0xad, 0xe5, 0xad, 0xe5, 0xad, 0xe5, 0xad, 0xe5, 0xad, 0xe5, 0xad, 0xe5,
  0xad, 0xe5, 0xad, 0xe5, 0xad, 0xe5, 0xad, 0xe5, 0xad, 0xe5, 0xad, 0xe5, 0xad, 0xe5, 0xad, 0xe5,
  0xad, 0xe5, 0xad, 0xe5, 0xad, 0xe5, 0xad, 0xe5, 0xad, 0xe5, 0xad, 0xe5, 0xad, 0xe5, 0xad, 0xe5,
  0xad, 0xe5, 0xad, 0xe5, 0xad, 0xe5, 0xad, 0xe5, 0xad, 0xe5, 0xad, 0xe5, 0xad, 0xe5, 0xad, 0xe5,
  0xad, 0xe5, 0xad, 0xe5, 0xad, 0xe5, 0xad, 0xe5, 0xad, 0xe5, 0xad, 0xe5, 0xad, 0xe5, 0xad, 0xe5,
  0xad, 0xe5, 0xcb, 0xc4, 0x81, 0x18, 0x61, 0x18, 0x61, 0x18, 0x61, 0x18, 0x61, 0x18, 0x61, 0x18,
  0x61, 0x18, 0x88, 0x93, 0xad, 0xe5, 0xad, 0xe5, 0xad, 0xe5, 0xad, 0xe5, 0xad, 0xe5, 0xad, 0xe5,
  0xad, 0xe5, 0xad, 0xe5, 0xad, 0xe5, 0xad, 0xe5, 0xad, 0xe5, 0xad, 0xe5, 0xad, 0xe5, 0xad, 0xe5,
  0xad, 0xe5, 0xad, 0xe5, 0xad, 0xe5, 0xad, 0xe5, 0xad, 0xe5, 0xad, 0xe5, 0xad, 0xe5, 0xad, 0xe5,
  0xad, 0xe5, 0xad, 0xe5, 0xad, 0xe5, 0xad, 0xe5, 0xad, 0xe5, 0xad, 0xe5, 0xad, 0xe5, 0xad, 0xe5,
  0xad, 0xe5, 0xad, 0xe5, 0xad, 0xe5, 0xad, 0xe5, 0xad, 0xe5, 0xad, 0xe5, 0xad, 0xe5, 0xad, 0xe5,
  0xad, 0xe5, 0xad, 0xe5, 0xad, 0xe5, 0xad, 0xe5, 0xad, 0xe5, 0xad, 0xe5, 0xad, 0xe5, 0xad, 0xe5,
  0xad, 0xe5, 0xad, 0xe5, 0xad, 0xe5, 0xad, 0xe5, 0xad, 0xe5, 0xad, 0xe5, 0xad, 0xe5, 0xad, 0xe5,
  0xad, 0xe5, 0xad, 0xe5, 0xad, 0xe5, 0xad, 0xe5, 0xad, 0xe5, 0xad, 0xe5, 0xad, 0xe5, 0xad, 0xe5,
  0xad, 0xe5, 0xad, 0xe5, 0xad, 0xe5, 0xad, 0xe5, 0xad, 0xe5, 0xad, 0xe5, 0xad, 0xe5, 0xad, 0xe5,
  0xad, 0xe5, 0xad, 0xe5, 0xad, 0xe5, 0xad, 0xe5, 0xad, 0xe5, 0xad, 0xe5, 0xad, 0xe5, 0xad, 0xe5,
  0xad, 0xe5, 0xad, 0xe5, 0xad, 0xe5, 0xad, 0xe5, 0xad, 0xe5, 0xad, 0xe5, 0xad, 0xe5, 0xad, 0xe5,
  0xad, 0xe5, 0xad, 0xe5, 0xad, 0xe5, 0xad, 0xe5, 0xad, 0xe5, 0xad, 0xe5, 0xad, 0xe5, 0xad, 0xe5,
  0xad, 0xe5, 0xad, 0xe5, 0xad, 0xe5, 0xad, 0xe5, 0xad, 0xe5, 0xad, 0xe5, 0xad, 0xe5, 0xad, 0xe5,
  0xad, 0xe5, 0xad, 0xe5, 0xad, 0xe5, 0xad, 0xe5, 0xad, 0xe5, 0xad, 0xe5, 0xad, 0xe5, 0xad, 0xe5,
  0xad, 0xe5, 0xad, 0xe5, 0xad, 0xe5, 0xad, 0xe5, 0xad, 0xe5, 0xad, 0xe5, 0xad, 0xe5, 0xad, 0xe5,
  0xad, 0xe5, 0xad, 0xe5, 0xad, 0xe5, 0xad, 0xe5, 0xad, 0xe5, 0xad, 0xe5, 0xad, 0xe5, 0xad, 0xe5,
  0xad, 0xe5, 0xad, 0xe5, 0xad, 0xe5, 0xad, 0xe5, 0xad, 0xe5, 0xad, 0xe5, 0xad, 0xe5, 0xad, 0xe5,
  0xad, 0xe5, 0xad, 0xe5, 0xad, 0xe5, 0xad, 0xe5, 0xad, 0xe5, 0xad, 0xe5, 0xad, 0xe5, 0xad, 0xe5,
  0xad, 0xe5, 0xad, 0xe5, 0xad, 0xe5, 0xad, 0xe5, 0xad, 0xe5, 0xad, 0xe5, 0xad, 0xe5, 0xad, 0xe5,
  0xad, 0xe5, 0xad, 0xe5, 0xad, 0xe5, 0xad, 0xe5, 0xad, 0xe5, 0xad, 0xe5, 0xad, 0xe5, 0xad, 0xe5,
  0xad, 0xe5, 0x04, 0x5a, 0x61, 0x18, 0x61, 0x18, 0x61, 0x18, 0x61, 0x18, 0x61, 0x18, 0x61, 0x18,
  0x61, 0x18, 0x85, 0x6a, 0xad, 0xe5, 0xad, 0xe5, 0xad, 0xe5, 0xad, 0xe5, 0xad, 0xe5, 0xad, 0xe5,
  0xad, 0xe5, 0xad, 0xe5, 0xad, 0xe5, 0xad, 0xe5, 0xad, 0xe5, 0xad, 0xe5, 0xad, 0xe5, 0xad, 0xe5,
  0xad, 0xe5, 0xad, 0xe5, 0xad, 0xe5, 0xad, 0xe5, 0xad, 0xe5, 0xad, 0xe5, 0xad, 0xe5, 0xad, 0xe5,
  0xad, 0xe5, 0xad, 0xe5, 0xad, 0xe5, 0xad, 0xe5, 0xad, 0xe5, 0xad, 0xe5, 0xad, 0xe5, 0xad, 0xe5,
  0xad, 0xe5, 0xad, 0xe5, 0xad, 0xe5, 0xad, 0xe5, 0xad, 0xe5, 0xad, 0xe5, 0xad, 0xe5, 0xad, 0xe5,
  0xad, 0xe5, 0xad, 0xe5, 0xad, 0xe5, 0xad, 0xe5, 0xad, 0xe5, 0xad, 0xe5, 0xad, 0xe5, 0xad, 0xe5,
  0xad, 0xe5, 0xad, 0xe5, 0xad, 0xe5, 0xad, 0xe5, 0xad, 0xe5, 0xad, 0xe5, 0xad, 0xe5, 0xad, 0xe5,
  0xad, 0xe5, 0xad, 0xe5, 0xad, 0xe5, 0xad, 0xe5, 0xad, 0xe5, 0xad, 0xe5, 0xad, 0xe5, 0xad, 0xe5,
  0xad, 0xe5, 0xad, 0xe5, 0xad, 0xe5, 0xad, 0xe5, 0xad, 0xe5, 0xad, 0xe5, 0xad, 0xe5, 0xad, 0xe5,
  0xad, 0xe5, 0xad, 0xe5, 0xad, 0xe5, 0xad, 0xe5, 0xad, 0xe5, 0xad, 0xe5, 0xad, 0xe5, 0xad, 0xe5,
  0xad, 0xe5, 0xad, 0xe5, 0xad, 0xe5, 0xad, 0xe5, 0xad, 0xe5, 0xad, 0xe5, 0xad, 0xe5, 0xad, 0xe5,
  0xad, 0xe5, 0xad, 0xe5, 0xad, 0xe5, 0xad, 0xe5, 0xad, 0xe5, 0xad, 0xe5, 0xad, 0xe5, 0xad, 0xe5,
  0xad, 0xe5, 0xad, 0xe5, 0xad, 0xe5, 0xad, 0xe5, 0xad, 0xe5, 0xad, 0xe5, 0xad, 0xe5, 0xad, 0xe5,
  0xad, 0xe5, 0xad, 0xe5, 0xad, 0xe5, 0xad, 0xe5, 0xad, 0xe5, 0xad, 0xe5, 0xad, 0xe5, 0xad, 0xe5,
  0xad, 0xe5, 0xad, 0xe5, 0xad, 0xe5, 0xad, 0xe5, 0xad, 0xe5, 0xad, 0xe5, 0xad, 0xe5, 0xad, 0xe5,
  0xad, 0xe5, 0xad, 0xe5, 0xad, 0xe5, 0xad, 0xe5, 0xad, 0xe5, 0xad, 0xe5, 0xad, 0xe5, 0xad, 0xe5,
  0xad, 0xe5, 0xad, 0xe5, 0xad, 0xe5, 0xad, 0xe5, 0xad, 0xe5, 0xad, 0xe5, 0xad, 0xe5, 0xad, 0xe5,
  0xad, 0xe5, 0xad, 0xe5, 0xad, 0xe5, 0xad, 0xe5, 0xad, 0xe5, 0xad, 0xe5, 0xad, 0xe5, 0xad, 0xe5,
  0xad, 0xe5, 0xad, 0xe5, 0xad, 0xe5, 0xad, 0xe5, 0xad, 0xe5, 0xad, 0xe5, 0xad, 0xe5, 0xad, 0xe5,
  0xad, 0xe5, 0xad, 0xe5, 0xad, 0xe5, 0xad, 0xe5, 0xad, 0xe5, 0xad, 0xe5, 0xad, 0xe5, 0xad, 0xe5,
  0x29, 0xac, 0x61, 0x18, 0x61, 0x18, 0x61, 0x18, 0x61, 0x18, 0x61, 0x18, 0x61, 0x18, 0x61, 0x18,
  0x61, 0x18, 0x63, 0x39, 0xad, 0xe5, 0xad, 0xe5, 0xad, 0xe5, 0xad, 0xe5, 0xad, 0xe5, 0xad, 0xe5,
  0xad, 0xe5, 0xad, 0xe5, 0xad, 0xe5, 0xad, 0xe5, 0xad, 0xe5, 0xad, 0xe5, 0xad, 0xe5, 0xad, 0xe5,
  0xad, 0xe5, 0xad, 0xe5, 0xad, 0xe5, 0xad, 0xe5, 0xad, 0xe5, 0xad, 0xe5, 0xad, 0xe5, 0xad, 0xe5,
  0xad, 0xe5, 0xad, 0xe5, 0xad, 0xe5, 0xad, 0xe5, 0xad, 0xe5, 0xad, 0xe5, 0xad, 0xe5, 0xad, 0xe5,
  0xad, 0xe5, 0xad, 0xe5, 0xad, 0xe5, 0xad, 0xe5, 0xad, 0xe5, 0xad, 0xe5, 0xad, 0xe5, 0xad, 0xe5,
  0xad, 0xe5, 0xad, 0xe5, 0xad, 0xe5, 0xad, 0xe5, 0xad, 0xe5, 0xad, 0xe5, 0xad, 0xe5, 0xad, 0xe5,
  0xad, 0xe5, 0xad, 0xe5, 0xad, 0xe5, 0xad, 0xe5, 0xad, 0xe5, 0xad, 0xe5, 0xad, 0xe5, 0xad, 0xe5,
  0xad, 0xe5, 0xad, 0xe5, 0xad, 0xe5, 0xad, 0xe5, 0xad, 0xe5, 0xad, 0xe5, 0xad, 0xe5, 0xad, 0xe5,
  0xad, 0xe5, 0xad, 0xe5, 0xad, 0xe5, 0xad, 0xe5, 0xad, 0xe5, 0xad, 0xe5, 0xad, 0xe5, 0xad, 0xe5,
  0xad, 0xe5, 0xad, 0xe5, 0xad, 0xe5, 0xad, 0xe5, 0xad, 0xe5, 0xad, 0xe5, 0xad, 0xe5, 0xad, 0xe5,
  0xad, 0xe5, 0xad, 0xe5, 0xad, 0xe5, 0xad, 0xe5, 0xad, 0xe5, 0xad, 0xe5, 0xad, 0xe5, 0xad, 0xe5,
  0xad, 0xe5, 0xad, 0xe5, 0xad, 0xe5, 0xad, 0xe5, 0xad, 0xe5, 0xad, 0xe5, 0xad, 0xe5, 0xad, 0xe5,
  0xad, 0xe5, 0xad, 0xe5, 0xad, 0xe5, 0xad, 0xe5, 0xad, 0xe5, 0xad, 0xe5, 0xad, 0xe5, 0xad, 0xe5,
  0xad, 0xe5, 0xad, 0xe5, 0xad, 0xe5, 0xad, 0xe5, 0xad, 0xe5, 0xad, 0xe5, 0xad, 0xe5, 0xad, 0xe5,
  0xad, 0xe5, 0xad, 0xe5, 0xad, 0xe5, 0xad, 0xe5, 0xad, 0xe5, 0xad, 0xe5, 0xad, 0xe5, 0xad, 0xe5,
  0xad, 0xe5, 0xad, 0xe5, 0xad, 0xe5, 0xad, 0xe5, 0xad, 0xe5, 0xad, 0xe5, 0xad, 0xe5, 0xad, 0xe5,
  0xad, 0xe5, 0xad, 0xe5, 0xad, 0xe5, 0xad, 0xe5, 0xad, 0xe5, 0xad, 0xe5, 0xad, 0xe5, 0xad, 0xe5,
  0xad, 0xe5, 0xad, 0xe5, 0xad, 0xe5, 0xad, 0xe5, 0xad, 0xe5, 0xad, 0xe5, 0xad, 0xe5, 0xad, 0xe5,
  0xad, 0xe5, 0xad, 0xe5, 0xad, 0xe5, 0xad, 0xe5, 0xad, 0xe5, 0xad, 0xe5, 0xad, 0xe5, 0xad, 0xe5,
  0xad, 0xe5, 0xad, 0xe5, 0xad, 0xe5, 0xad, 0xe5, 0xad, 0xe5, 0xad, 0xe5, 0xad, 0xe5, 0x6c, 0xdd,
  0x02, 0x31, 0x61, 0x18, 0x61, 0x18, 0x61, 0x18, 0x61, 0x18, 0x61, 0x18, 0x61, 0x18, 0x61, 0x18,
  0x61, 0x18, 0x61, 0x18, 0x2c, 0xd5, 0xad, 0xe5, 0xad, 0xe5, 0xad, 0xe5, 0xad, 0xe5, 0xad, 0xe5,
  0xad, 0xe5, 0xad, 0xe5, 0xad, 0xe5, 0xad, 0xe5, 0xad, 0xe5, 0xad, 0xe5, 0xad, 0xe5, 0xad, 0xe5,
  0xad, 0xe5, 0xad, 0xe5, 0xad, 0xe5, 0xad, 0xe5, 0xad, 0xe5, 0xad, 0xe5, 0xad, 0xe5, 0xad, 0xe5,
  0xad, 0xe5, 0xad, 0xe5, 0xad, 0xe5, 0xad, 0xe5, 0xad, 0xe5, 0xad, 0xe5, 0xad, 0xe5, 0xad, 0xe5,
  0xad, 0xe5, 0xad, 0xe5, 0xad, 0xe5, 0xad, 0xe5, 0xad, 0xe5, 0xad, 0xe5, 0xad, 0xe5, 0xad, 0xe5,
  0xad, 0xe5, 0xad, 0xe5, 0xad, 0xe5, 0xad, 0xe5, 0xad, 0xe5, 0xad, 0xe5, 0xad, 0xe5, 0xad, 0xe5,
  0xad, 0xe5, 0xad, 0xe5, 0xad, 0xe5, 0xad, 0xe5, 0xad, 0xe5, 0xad, 0xe5, 0xad, 0xe5, 0xad, 0xe5,
  0xad, 0xe5, 0xad, 0xe5, 0xad, 0xe5, 0xad, 0xe5, 0xad, 0xe5, 0xad, 0xe5, 0xad, 0xe5, 0xad, 0xe5,
  0xad, 0xe5, 0xad, 0xe5, 0xad, 0xe5, 0xad, 0xe5, 0xad, 0xe5, 0xad, 0xe5, 0xad, 0xe5, 0xad, 0xe5,
  0xad, 0xe5, 0xad, 0xe5, 0xad, 0xe5, 0xad, 0xe5, 0xad, 0xe5, 0xad, 0xe5, 0xad, 0xe5, 0xad, 0xe5,
  0xad, 0xe5, 0xad, 0xe5, 0xad, 0xe5, 0xad, 0xe5, 0xad, 0xe5, 0xad, 0xe5, 0xad, 0xe5, 0xad, 0xe5,
  0xad, 0xe5, 0xad, 0xe5, 0xad, 0xe5, 0xad, 0xe5, 0xad, 0xe5, 0xad, 0xe5, 0xad, 0xe5, 0xad, 0xe5,
  0xad, 0xe5, 0xad, 0xe5, 0xad, 0xe5, 0xad, 0xe5, 0xad, 0xe5, 0xad, 0xe5, 0xad, 0xe5, 0xad, 0xe5,
  0xad, 0xe5, 0xad, 0xe5, 0xad, 0xe5, 0xad, 0xe5, 0xad, 0xe5, 0xad, 0xe5, 0xad, 0xe5, 0xad, 0xe5,
  0xad, 0xe5, 0xad, 0xe5, 0xad, 0xe5, 0xad, 0xe5, 0xad, 0xe5, 0xad, 0xe5, 0xad, 0xe5, 0xad, 0xe5,
  0xad, 0xe5, 0xad, 0xe5, 0xad, 0xe5, 0xad, 0xe5, 0xad, 0xe5, 0xad, 0xe5, 0xad, 0xe5, 0xad, 0xe5,
  0xad, 0xe5, 0xad, 0xe5, 0xad, 0xe5, 0xad, 0xe5, 0xad, 0xe5, 0xad, 0xe5, 0xad, 0xe5, 0xad, 0xe5,
  0xad, 0xe5, 0xad, 0xe5, 0xad, 0xe5, 0xad, 0xe5, 0xad, 0xe5, 0xad, 0xe5, 0xad, 0xe5, 0xad, 0xe5,
  0xad, 0xe5, 0xad, 0xe5, 0xad, 0xe5, 0xad, 0xe5, 0xad, 0xe5, 0xad, 0xe5, 0xad, 0xe5, 0xad, 0xe5,
  0xad, 0xe5, 0xad, 0xe5, 0xad, 0xe5, 0xad, 0xe5, 0xad, 0xe5, 0xad, 0xe5, 0xad, 0xe5, 0x45, 0x62,
  0x61, 0x18, 0x61, 0x18, 0x61, 0x18, 0x61, 0x18, 0x61, 0x18, 0x61, 0x18, 0x61, 0x18, 0x61, 0x18,
  0x61, 0x18, 0x61, 0x18, 0xa8, 0x9b, 0xad, 0xe5, 0xad, 0xe5, 0xad, 0xe5, 0xad, 0xe5, 0xad, 0xe5,
  0xad, 0xe5, 0xad, 0xe5, 0xad, 0xe5, 0xad, 0xe5, 0xad, 0xe5, 0xad, 0xe5, 0xad, 0xe5, 0xad, 0xe5,
  0xad, 0xe5, 0xad, 0xe5, 0xad, 0xe5, 0xad, 0xe5, 0xad, 0xe5, 0xad, 0xe5, 0xad, 0xe5, 0xad, 0xe5,
  0xad, 0xe5, 0xad, 0xe5, 0xad, 0xe5, 0xad, 0xe5, 0xad, 0xe5, 0xad, 0xe5, 0xad, 0xe5, 0xad, 0xe5,
  0xad, 0xe5, 0xad, 0xe5, 0xad, 0xe5, 0xad, 0xe5, 0xad, 0xe5, 0xad, 0xe5, 0xad, 0xe5, 0xad, 0xe5,
  0xad, 0xe5, 0xad, 0xe5, 0xad, 0xe5, 0xad, 0xe5, 0xad, 0xe5, 0xad, 0xe5, 0xad, 0xe5, 0xad, 0xe5,
  0xad, 0xe5, 0xad, 0xe5, 0xad, 0xe5, 0xad, 0xe5, 0xad, 0xe5, 0xad, 0xe5, 0xad, 0xe5, 0xad, 0xe5,
  0xad, 0xe5, 0xad, 0xe5, 0xad, 0xe5, 0xad, 0xe5, 0xad, 0xe5, 0xad, 0xe5, 0xad, 0xe5, 0xad, 0xe5,
  0xad, 0xe5, 0xad, 0xe5, 0xad, 0xe5, 0xad, 0xe5, 0xad, 0xe5, 0xad, 0xe5, 0xad, 0xe5, 0xad, 0xe5,
  0xad, 0xe5, 0xad, 0xe5, 0xad, 0xe5, 0xad, 0xe5, 0xad, 0xe5, 0xad, 0xe5, 0xad, 0xe5, 0xad, 0xe5,
  0xad, 0xe5, 0xad, 0xe5, 0xad, 0xe5, 0xad, 0xe5, 0xad, 0xe5, 0xad, 0xe5, 0xad, 0xe5, 0xad, 0xe5,
  0xad, 0xe5, 0xad, 0xe5, 0xad, 0xe5, 0xad, 0xe5, 0xad, 0xe5, 0xad, 0xe5, 0xad, 0xe5, 0xad, 0xe5,
  0xad, 0xe5, 0xad, 0xe5, 0xad, 0xe5, 0xad, 0xe5, 0xad, 0xe5, 0xad, 0xe5, 0xad, 0xe5, 0xad, 0xe5,
  0xad, 0xe5, 0xad, 0xe5, 0xad, 0xe5, 0xad, 0xe5, 0xad, 0xe5, 0xad, 0xe5, 0xad, 0xe5, 0xad, 0xe5,
  0xad, 0xe5, 0xad, 0xe5, 0xad, 0xe5, 0xad, 0xe5, 0xad, 0xe5, 0xad, 0xe5, 0xad, 0xe5, 0xad, 0xe5,
  0xad, 0xe5, 0xad, 0xe5, 0xad, 0xe5, 0xad, 0xe5, 0xad, 0xe5, 0xad, 0xe5, 0xad, 0xe5, 0xad, 0xe5,
  0xad, 0xe5, 0xad, 0xe5, 0xad, 0xe5, 0xad, 0xe5, 0xad, 0xe5, 0xad, 0xe5, 0xad, 0xe5, 0xad, 0xe5,
  0xad, 0xe5, 0xad, 0xe5, 0xad, 0xe5, 0xad, 0xe5, 0xad, 0xe5, 0xad, 0xe5, 0xad, 0xe5, 0xad, 0xe5,
  0xad, 0xe5, 0xad, 0xe5, 0xad, 0xe5, 0xad, 0xe5, 0xad, 0xe5, 0xad, 0xe5, 0xad, 0xe5, 0xad, 0xe5,
  0xad, 0xe5, 0xad, 0xe5, 0xad, 0xe5, 0xad, 0xe5, 0xad, 0xe5, 0xad, 0xe5, 0xa8, 0x9b, 0x61, 0x18,
  0x61, 0x18, 0x61, 0x18, 0x61, 0x18, 0x61, 0x18, 0x61, 0x18, 0x61, 0x18, 0x61, 0x18, 0x61, 0x18,
  0x61, 0x18, 0x61, 0x18, 0xa4, 0x49, 0xad, 0xe5, 0xad, 0xe5, 0xad, 0xe5, 0xad, 0xe5, 0xad, 0xe5,
  0xad, 0xe5, 0xad, 0xe5, 0xad, 0xe5, 0xad, 0xe5, 0xad, 0xe5, 0xad, 0xe5, 0xad, 0xe5, 0xad, 0xe5,
  0xad, 0xe5, 0xad, 0xe5, 0xad, 0xe5, 0xad, 0xe5, 0xad, 0xe5, 0xad, 0xe5, 0xad, 0xe5, 0xad, 0xe5,
  0xad, 0xe5, 0xad, 0xe5, 0xad, 0xe5, 0xad, 0xe5, 0xad, 0xe5, 0xad, 0xe5, 0xad, 0xe5, 0xad, 0xe5,
  0xad, 0xe5, 0xad, 0xe5, 0xad, 0xe5, 0xad, 0xe5, 0xad, 0xe5, 0xad, 0xe5, 0xad, 0xe5, 0xad, 0xe5,
  0xad, 0xe5, 0xad, 0xe5, 0xad, 0xe5, 0xad, 0xe5, 0xad, 0xe5, 0xad, 0xe5, 0xad, 0xe5, 0xad, 0xe5,
  0xad, 0xe5, 0xad, 0xe5, 0xad, 0xe5, 0xad, 0xe5, 0xad, 0xe5, 0xad, 0xe5, 0xad, 0xe5, 0xad, 0xe5,
  0xad, 0xe5, 0xad, 0xe5, 0xad, 0xe5, 0xad, 0xe5, 0xad, 0xe5, 0xad, 0xe5, 0xad, 0xe5, 0xad, 0xe5,
  0xad, 0xe5, 0xad, 0xe5, 0xad, 0xe5, 0xad, 0xe5, 0xad, 0xe5, 0xad, 0xe5, 0xad, 0xe5, 0xad, 0xe5,
  0xad, 0xe5, 0xad, 0xe5, 0xad, 0xe5, 0xad, 0xe5, 0xad, 0xe5, 0xad, 0xe5, 0xad, 0xe5, 0xad, 0xe5,
  0xad, 0xe5, 0xad, 0xe5, 0xad, 0xe5, 0xad, 0xe5, 0xad, 0xe5, 0xad, 0xe5, 0xad, 0xe5, 0xad, 0xe5,
  0xad, 0xe5, 0xad, 0xe5, 0xad, 0xe5, 0xad, 0xe5, 0xad, 0xe5, 0xad, 0xe5, 0xad, 0xe5, 0xad, 0xe5,
  0xad, 0xe5, 0xad, 0xe5, 0xad, 0xe5, 0xad, 0xe5, 0xad, 0xe5, 0xad, 0xe5, 0xad, 0xe5, 0xad, 0xe5,
  0xad, 0xe5, 0xad, 0xe5, 0xad, 0xe5, 0xad, 0xe5, 0xad, 0xe5, 0xad, 0xe5, 0xad, 0xe5, 0xad, 0xe5,
  0xad, 0xe5, 0xad, 0xe5, 0xad, 0xe5, 0xad, 0xe5, 0xad, 0xe5, 0xad, 0xe5, 0xad, 0xe5, 0xad, 0xe5,
  0xad, 0xe5, 0xad, 0xe5, 0xad, 0xe5, 0xad, 0xe5, 0xad, 0xe5, 0xad, 0xe5, 0xad, 0xe5, 0xad, 0xe5,
  0xad, 0xe5, 0xad, 0xe5, 0xad, 0xe5, 0xad, 0xe5, 0xad, 0xe5, 0xad, 0xe5, 0xad, 0xe5, 0xad, 0xe5,
  0xad, 0xe5, 0xad, 0xe5, 0xad, 0xe5, 0xad, 0xe5, 0xad, 0xe5, 0xad, 0xe5, 0xad, 0xe5, 0xad, 0xe5,
  0xad, 0xe5, 0xad, 0xe5, 0xad, 0xe5, 0xad, 0xe5, 0xad, 0xe5, 0xad, 0xe5, 0xad, 0xe5, 0xad, 0xe5,
  0xad, 0xe5, 0xad, 0xe5, 0xad, 0xe5, 0xad, 0xe5, 0xad, 0xe5, 0x6a, 0xb4, 0x81, 0x18, 0x61, 0x18,
  0x61, 0x18, 0x61, 0x18, 0x61, 0x18, 0x61, 0x18, 0x61, 0x18, 0x61, 0x18, 0x61, 0x18, 0x61, 0x18,
  0x61, 0x18, 0x61, 0x18, 0x61, 0x18, 0xaa, 0xbc, 0xad, 0xe5, 0xad, 0xe5, 0xad, 0xe5, 0xad, 0xe5,
  0xad, 0xe5, 0xad, 0xe5, 0xad, 0xe5, 0xad, 0xe5, 0xad, 0xe5, 0xad, 0xe5, 0xad, 0xe5, 0xad, 0xe5,
  0xad, 0xe5, 0xad, 0xe5, 0xad, 0xe5, 0xad, 0xe5, 0xad, 0xe5, 0xad, 0xe5, 0xad, 0xe5, 0xad, 0xe5,
  0xad, 0xe5, 0xad, 0xe5, 0xad, 0xe5, 0xad, 0xe5, 0xad, 0xe5, 0xad, 0xe5, 0xad, 0xe5, 0xad, 0xe5,
  0xad, 0xe5, 0xad, 0xe5, 0xad, 0xe5, 0xad, 0xe5, 0xad, 0xe5, 0xad, 0xe5, 0xad, 0xe5, 0xad, 0xe5,
  0xad, 0xe5, 0xad, 0xe5, 0xad, 0xe5, 0xad, 0xe5, 0xad, 0xe5, 0xad, 0xe5, 0xad, 0xe5, 0xad, 0xe5,
  0xad, 0xe5, 0xad, 0xe5, 0xad, 0xe5, 0xad, 0xe5, 0xad, 0xe5, 0xad, 0xe5, 0xad, 0xe5, 0xad, 0xe5,
  0xad, 0xe5, 0xad, 0xe5, 0xad, 0xe5, 0xad, 0xe5, 0xad, 0xe5, 0xad, 0xe5, 0xad, 0xe5, 0xad, 0xe5,
  0xad, 0xe5, 0xad, 0xe5, 0xad, 0xe5, 0xad, 0xe5, 0xad, 0xe5, 0xad, 0xe5, 0xad, 0xe5, 0xad, 0xe5,
  0xad, 0xe5, 0xad, 0xe5, 0xad, 0xe5, 0xad, 0xe5, 0xad, 0xe5, 0xad, 0xe5, 0xad, 0xe5, 0xad, 0xe5,
  0xad, 0xe5, 0xad, 0xe5, 0xad, 0xe5, 0xad, 0xe5, 0xad, 0xe5, 0xad, 0xe5, 0xad, 0xe5, 0xad, 0xe5,
  0xad, 0xe5, 0xad, 0xe5, 0xad, 0xe5, 0xad, 0xe5, 0xad, 0xe5, 0xad, 0xe5, 0xad, 0xe5, 0xad, 0xe5,
  0xad, 0xe5, 0xad, 0xe5, 0xad, 0xe5, 0xad, 0xe5, 0xad, 0xe5, 0xad, 0xe5, 0xad, 0xe5, 0xad, 0xe5,
  0xad, 0xe5, 0xad, 0xe5, 0xad, 0xe5, 0xad, 0xe5, 0xad, 0xe5, 0xad, 0xe5, 0xad, 0xe5, 0xad, 0xe5,
  0xad, 0xe5, 0xad, 0xe5, 0xad, 0xe5, 0xad, 0xe5, 0xad, 0xe5, 0xad, 0xe5, 0xad, 0xe5, 0xad, 0xe5,
  0xad, 0xe5, 0xad, 0xe5, 0xad, 0xe5, 0xad, 0xe5, 0xad, 0xe5, 0xad, 0xe5, 0xad, 0xe5, 0xad, 0xe5,
  0xad, 0xe5, 0xad, 0xe5, 0xad, 0xe5, 0xad, 0xe5, 0xad, 0xe5, 0xad, 0xe5, 0xad, 0xe5, 0xad, 0xe5,
  0xad, 0xe5, 0xad, 0xe5, 0xad, 0xe5, 0xad, 0xe5, 0xad, 0xe5, 0xad, 0xe5, 0xad, 0xe5, 0xad, 0xe5,
  0xad, 0xe5, 0xad, 0xe5, 0xad, 0xe5, 0xad, 0xe5, 0xad, 0xe5, 0xad, 0xe5, 0xad, 0xe5, 0xad, 0xe5,
  0xad, 0xe5, 0xad, 0xe5, 0xad, 0xe5, 0xad, 0xe5, 0xeb, 0xcc, 0xc1, 0x28, 0x61, 0x18, 0x61, 0x18,
  0x61, 0x18, 0x61, 0x18, 0x61, 0x18, 0x61, 0x18, 0x61, 0x18, 0x61, 0x18, 0x61, 0x18, 0x61, 0x18,
  0x61, 0x18, 0x61, 0x18, 0x61, 0x18, 0xe4, 0x51, 0xad, 0xe5, 0xad, 0xe5, 0xad, 0xe5, 0xad, 0xe5,
  0xad, 0xe5, 0xad, 0xe5, 0xad, 0xe5, 0xad, 0xe5, 0xad, 0xe5, 0xad, 0xe5, 0xad, 0xe5, 0xad, 0xe5,
  0xad, 0xe5, 0xad, 0xe5, 0xad, 0xe5, 0xad, 0xe5, 0xad, 0xe5, 0xad, 0xe5, 0xad, 0xe5, 0xad, 0xe5,
  0xad, 0xe5, 0xad, 0xe5, 0xad, 0xe5, 0xad, 0xe5, 0xad, 0xe5, 0xad, 0xe5, 0xad, 0xe5, 0xad, 0xe5,
  0xad, 0xe5, 0xad, 0xe5, 0xad, 0xe5, 0xad, 0xe5, 0xad, 0xe5, 0xad, 0xe5, 0xad, 0xe5, 0xad, 0xe5,
  0xad, 0xe5, 0xad, 0xe5, 0xad, 0xe5, 0xad, 0xe5, 0xad, 0xe5, 0xad, 0xe5, 0xad, 0xe5, 0xad, 0xe5,
  0xad, 0xe5, 0xad, 0xe5, 0xad, 0xe5, 0xad, 0xe5, 0xad, 0xe5, 0xad, 0xe5, 0xad, 0xe5, 0xad, 0xe5,
  0xad, 0xe5, 0xad, 0xe5, 0xad, 0xe5, 0xad, 0xe5, 0xad, 0xe5, 0xad, 0xe5, 0xad, 0xe5, 0xad, 0xe5,
  0xad, 0xe5, 0xad, 0xe5, 0xad, 0xe5, 0xad, 0xe5, 0xad, 0xe5, 0xad, 0xe5, 0xad, 0xe5, 0xad, 0xe5,
  0xad, 0xe5, 0xad, 0xe5, 0xad, 0xe5, 0xad, 0xe5, 0xad, 0xe5, 0xad, 0xe5, 0xad, 0xe5, 0xad, 0xe5,
  0xad, 0xe5, 0xad, 0xe5, 0xad, 0xe5, 0xad, 0xe5, 0xad, 0xe5, 0xad, 0xe5, 0xad, 0xe5, 0xad, 0xe5,
  0xad, 0xe5, 0xad, 0xe5, 0xad, 0xe5, 0xad, 0xe5, 0xad, 0xe5, 0xad, 0xe5, 0xad, 0xe5, 0xad, 0xe5,
  0xad, 0xe5, 0xad, 0xe5, 0xad, 0xe5, 0xad, 0xe5, 0xad, 0xe5, 0xad, 0xe5, 0xad, 0xe5, 0xad, 0xe5,
  0xad, 0xe5, 0xad, 0xe5, 0xad, 0xe5, 0xad, 0xe5, 0xad, 0xe5, 0xad, 0xe5, 0xad, 0xe5, 0xad, 0xe5,
  0xad, 0xe5, 0xad, 0xe5, 0xad, 0xe5, 0xad, 0xe5, 0xad, 0xe5, 0xad, 0xe5, 0xad, 0xe5, 0xad, 0xe5,
  0xad, 0xe5, 0xad, 0xe5, 0xad, 0xe5, 0xad, 0xe5, 0xad, 0xe5, 0xad, 0xe5, 0xad, 0xe5, 0xad, 0xe5,
  0xad, 0xe5, 0xad, 0xe5, 0xad, 0xe5, 0xad, 0xe5, 0xad, 0xe5, 0xad, 0xe5, 0xad, 0xe5, 0xad, 0xe5,
  0xad, 0xe5, 0xad, 0xe5, 0xad, 0xe5, 0xad, 0xe5, 0xad, 0xe5, 0xad, 0xe5, 0xad, 0xe5, 0xad, 0xe5,
  0xad, 0xe5, 0xad, 0xe5, 0xad, 0xe5, 0xad, 0xe5, 0xad, 0xe5, 0xad, 0xe5, 0xad, 0xe5, 0xad, 0xe5,
  0xad, 0xe5, 0xad, 0xe5, 0xad, 0xe5, 0x0b, 0xcd, 0x22, 0x31, 0x61, 0x18, 0x61, 0x18, 0x61, 0x18,
  0x61, 0x18, 0x61, 0x18, 0x61, 0x18, 0x61, 0x18, 0x61, 0x18, 0x61, 0x18, 0x61, 0x18, 0x61, 0x18,
  0x61, 0x18, 0x61, 0x18, 0x61, 0x18, 0x61, 0x18, 0xe9, 0xa3, 0xad, 0xe5, 0xad, 0xe5, 0xad, 0xe5,
  0xad, 0xe5, 0xad, 0xe5, 0xad, 0xe5, 0xad, 0xe5, 0xad, 0xe5, 0xad, 0xe5, 0xad, 0xe5, 0xad, 0xe5,
  0xad, 0xe5, 0xad, 0xe5, 0xad, 0xe5, 0xad, 0xe5, 0xad, 0xe5, 0xad, 0xe5, 0xad, 0xe5, 0xad, 0xe5,
  0xad, 0xe5, 0xad, 0xe5, 0xad, 0xe5, 0xad, 0xe5, 0xad, 0xe5, 0xad, 0xe5, 0xad, 0xe5, 0xad, 0xe5,
  0xad, 0xe5, 0xad, 0xe5, 0xad, 0xe5, 0xad, 0xe5, 0xad, 0xe5, 0xad, 0xe5, 0xad, 0xe5, 0xad, 0xe5,
  0xad, 0xe5, 0xad, 0xe5, 0xad, 0xe5, 0xad, 0xe5, 0xad, 0xe5, 0xad, 0xe5, 0xad, 0xe5, 0xad, 0xe5,
  0xad, 0xe5, 0xad, 0xe5, 0xad, 0xe5, 0xad, 0xe5, 0xad, 0xe5, 0xad, 0xe5, 0xad, 0xe5, 0xad, 0xe5,
  0xad, 0xe5, 0xad, 0xe5, 0xad, 0xe5, 0xad, 0xe5, 0xad, 0xe5, 0xad, 0xe5, 0xad, 0xe5, 0xad, 0xe5,
  0xad, 0xe5, 0xad, 0xe5, 0xad, 0xe5, 0xad, 0xe5, 0xad, 0xe5, 0xad, 0xe5, 0xad, 0xe5, 0xad, 0xe5,
  0xad, 0xe5, 0xad, 0xe5, 0xad, 0xe5, 0xad, 0xe5, 0xad, 0xe5, 0xad, 0xe5, 0xad, 0xe5, 0xad, 0xe5,
  0xad, 0xe5, 0xad, 0xe5, 0xad, 0xe5, 0xad, 0xe5, 0xad, 0xe5, 0xad, 0xe5, 0xad, 0xe5, 0xad, 0xe5,
  0xad, 0xe5, 0xad, 0xe5, 0xad, 0xe5, 0xad, 0xe5, 0xad, 0xe5, 0xad, 0xe5, 0xad, 0xe5, 0xad, 0xe5,
  0xad, 0xe5, 0xad, 0xe5, 0xad, 0xe5, 0xad, 0xe5, 0xad, 0xe5, 0xad, 0xe5, 0xad, 0xe5, 0xad, 0xe5,
  0xad, 0xe5, 0xad, 0xe5, 0xad, 0xe5, 0xad, 0xe5, 0xad, 0xe5, 0xad, 0xe5, 0xad, 0xe5, 0xad, 0xe5,
  0xad, 0xe5, 0xad, 0xe5, 0xad, 0xe5, 0xad, 0xe5, 0xad, 0xe5, 0xad, 0xe5, 0xad, 0xe5, 0xad, 0xe5,
  0xad, 0xe5, 0xad, 0xe5, 0xad, 0xe5, 0xad, 0xe5, 0xad, 0xe5, 0xad, 0xe5, 0xad, 0xe5, 0xad, 0xe5,
  0xad, 0xe5, 0xad, 0xe5, 0xad, 0xe5, 0xad, 0xe5, 0xad, 0xe5, 0xad, 0xe5, 0xad, 0xe5, 0xad, 0xe5,
  0xad, 0xe5, 0xad, 0xe5, 0xad, 0xe5, 0xad, 0xe5, 0xad, 0xe5, 0xad, 0xe5, 0xad, 0xe5, 0xad, 0xe5,
  0xad, 0xe5, 0xad, 0xe5, 0xad, 0xe5, 0xad, 0xe5, 0xad, 0xe5, 0xad, 0xe5, 0xad, 0xe5, 0xad, 0xe5,
  0xad, 0xe5, 0xad, 0xe5, 0x0b, 0xcd, 0x22, 0x31, 0x61, 0x18, 0x61, 0x18, 0x61, 0x18, 0x61, 0x18,
  0x61, 0x18, 0x61, 0x18, 0x61, 0x18, 0x61, 0x18, 0x61, 0x18, 0x61, 0x18, 0x61, 0x18, 0x61, 0x18,
  0x61, 0x18, 0x61, 0x18, 0x61, 0x18, 0x61, 0x18, 0xe2, 0x28, 0x0b, 0xcd, 0xad, 0xe5, 0xad, 0xe5,
  0xad, 0xe5, 0xad, 0xe5, 0xad, 0xe5, 0xad, 0xe5, 0xad, 0xe5, 0xad, 0xe5, 0xad, 0xe5, 0xad, 0xe5,
  0xad, 0xe5, 0xad, 0xe5, 0xad, 0xe5, 0xad, 0xe5, 0xad, 0xe5, 0xad, 0xe5, 0xad, 0xe5, 0xad, 0xe5,
  0xad, 0xe5, 0xad, 0xe5, 0xad, 0xe5, 0xad, 0xe5, 0xad, 0xe5, 0xad, 0xe5, 0xad, 0xe5, 0xad, 0xe5,
  0xad, 0xe5, 0xad, 0xe5, 0xad, 0xe5, 0xad, 0xe5, 0xad, 0xe5, 0xad, 0xe5, 0xad, 0xe5, 0xad, 0xe5,
  0xad, 0xe5, 0xad, 0xe5, 0xad, 0xe5, 0xad, 0xe5, 0xad, 0xe5, 0xad, 0xe5, 0xad, 0xe5, 0xad, 0xe5,
  0xad, 0xe5, 0xad, 0xe5, 0xad, 0xe5, 0xad, 0xe5, 0xad, 0xe5, 0xad, 0xe5, 0xad, 0xe5, 0xad, 0xe5,
  0xad, 0xe5, 0xad, 0xe5, 0xad, 0xe5, 0xad, 0xe5, 0xad, 0xe5, 0xad, 0xe5, 0xad, 0xe5, 0xad, 0xe5,
  0xad, 0xe5, 0xad, 0xe5, 0xad, 0xe5, 0xad, 0xe5, 0xad, 0xe5, 0xad, 0xe5, 0xad, 0xe5, 0xad, 0xe5,
  0xad, 0xe5, 0xad, 0xe5, 0xad, 0xe5, 0xad, 0xe5, 0xad, 0xe5, 0xad, 0xe5, 0xad, 0xe5, 0xad, 0xe5,
  0xad, 0xe5, 0xad, 0xe5, 0xad, 0xe5, 0xad, 0xe5, 0xad, 0xe5, 0xad, 0xe5, 0xad, 0xe5, 0xad, 0xe5,
  0xad, 0xe5, 0xad, 0xe5, 0xad, 0xe5, 0xad, 0xe5, 0xad, 0xe5, 0xad, 0xe5, 0xad, 0xe5, 0xad, 0xe5,
  0xad, 0xe5, 0xad, 0xe5, 0xad, 0xe5, 0xad, 0xe5, 0xad, 0xe5, 0xad, 0xe5, 0xad, 0xe5, 0xad, 0xe5,
  0xad, 0xe5, 0xad, 0xe5, 0xad, 0xe5, 0xad, 0xe5, 0xad, 0xe5, 0xad, 0xe5, 0xad, 0xe5, 0xad, 0xe5,
  0xad, 0xe5, 0xad, 0xe5, 0xad, 0xe5, 0xad, 0xe5, 0xad, 0xe5, 0xad, 0xe5, 0xad, 0xe5, 0xad, 0xe5,
  0xad, 0xe5, 0xad, 0xe5, 0xad, 0xe5, 0xad, 0xe5, 0xad, 0xe5, 0xad, 0xe5, 0xad, 0xe5, 0xad, 0xe5,
  0xad, 0xe5, 0xad, 0xe5, 0xad, 0xe5, 0xad, 0xe5, 0xad, 0xe5, 0xad, 0xe5, 0xad, 0xe5, 0xad, 0xe5,
  0xad, 0xe5, 0xad, 0xe5, 0xad, 0xe5, 0xad, 0xe5, 0xad, 0xe5, 0xad, 0xe5, 0xad, 0xe5, 0xad, 0xe5,
  0xad, 0xe5, 0xad, 0xe5, 0xad, 0xe5, 0xad, 0xe5, 0xad, 0xe5, 0xad, 0xe5, 0xad, 0xe5, 0xad, 0xe5,
  0xad, 0xe5, 0xcb, 0xc4, 0x02, 0x31, 0x61, 0x18, 0x61, 0x18, 0x61, 0x18, 0x61, 0x18, 0x61, 0x18,
  0x61, 0x18, 0x61, 0x18, 0x61, 0x18, 0x61, 0x18, 0x61, 0x18, 0x61, 0x18, 0x61, 0x18, 0x61, 0x18,
  0x61, 0x18, 0x61, 0x18, 0x61, 0x18, 0x61, 0x18, 0x61, 0x18, 0x63, 0x41, 0x4c, 0xdd, 0xad, 0xe5,
  0xad, 0xe5, 0xad, 0xe5, 0xad, 0xe5, 0xad, 0xe5, 0xad, 0xe5, 0xad, 0xe5, 0xad, 0xe5, 0xad, 0xe5,
  0xad, 0xe5, 0xad, 0xe5, 0xad, 0xe5, 0xad, 0xe5, 0xad, 0xe5, 0xad, 0xe5, 0xad, 0xe5, 0xad, 0xe5,
  0xad, 0xe5, 0xad, 0xe5, 0xad, 0xe5, 0xad, 0xe5, 0xad, 0xe5, 0xad, 0xe5, 0xad, 0xe5, 0xad, 0xe5,
  0xad, 0xe5, 0xad, 0xe5, 0xad, 0xe5, 0xad, 0xe5, 0xad, 0xe5, 0xad, 0xe5, 0xad, 0xe5, 0xad, 0xe5,
  0xad, 0xe5, 0xad, 0xe5, 0xad, 0xe5, 0xad, 0xe5, 0xad, 0xe5, 0xad, 0xe5, 0xad, 0xe5, 0xad, 0xe5,
  0xad, 0xe5, 0xad, 0xe5, 0xad, 0xe5, 0xad, 0xe5, 0xad, 0xe5, 0xad, 0xe5, 0xad, 0xe5, 0xad, 0xe5,
  0xad, 0xe5, 0xad, 0xe5, 0xad, 0xe5, 0xad, 0xe5, 0xad, 0xe5, 0xad, 0xe5, 0xad, 0xe5, 0xad, 0xe5,
  0xad, 0xe5, 0xad, 0xe5, 0xad, 0xe5, 0xad, 0xe5, 0xad, 0xe5, 0xad, 0xe5, 0xad, 0xe5, 0xad, 0xe5,
  0xad, 0xe5, 0xad, 0xe5, 0xad, 0xe5, 0xad, 0xe5, 0xad, 0xe5, 0xad, 0xe5, 0xad, 0xe5, 0xad, 0xe5,
  0xad, 0xe5, 0xad, 0xe5, 0xad, 0xe5, 0xad, 0xe5, 0xad, 0xe5, 0xad, 0xe5, 0xad, 0xe5, 0xad, 0xe5,
  0xad, 0xe5, 0xad, 0xe5, 0xad, 0xe5, 0xad, 0xe5, 0xad, 0xe5, 0xad, 0xe5, 0xad, 0xe5, 0xad, 0xe5,
  0xad, 0xe5, 0xad, 0xe5, 0xad, 0xe5, 0xad, 0xe5, 0xad, 0xe5, 0xad, 0xe5, 0xad, 0xe5, 0xad, 0xe5,
  0xad, 0xe5, 0xad, 0xe5, 0xad, 0xe5, 0xad, 0xe5, 0xad, 0xe5, 0xad, 0xe5, 0xad, 0xe5, 0xad, 0xe5,
  0xad, 0xe5, 0xad, 0xe5, 0xad, 0xe5, 0xad, 0xe5, 0xad, 0xe5, 0xad, 0xe5, 0xad, 0xe5, 0xad, 0xe5,
  0xad, 0xe5, 0xad, 0xe5, 0xad, 0xe5, 0xad, 0xe5, 0xad, 0xe5, 0xad, 0xe5, 0xad, 0xe5, 0xad, 0xe5,
  0xad, 0xe5, 0xad, 0xe5, 0xad, 0xe5, 0xad, 0xe5, 0xad, 0xe5, 0xad, 0xe5, 0xad, 0xe5, 0xad, 0xe5,
  0xad, 0xe5, 0xad, 0xe5, 0xad, 0xe5, 0xad, 0xe5, 0xad, 0xe5, 0xad, 0xe5, 0xad, 0xe5, 0xad, 0xe5,
  0xad, 0xe5, 0xad, 0xe5, 0xad, 0xe5, 0xad, 0xe5, 0xad, 0xe5, 0xad, 0xe5, 0xad, 0xe5, 0xad, 0xe5,
  0x29, 0xac, 0xc1, 0x20, 0x61, 0x18, 0x61, 0x18, 0x61, 0x18, 0x61, 0x18, 0x61, 0x18, 0x61, 0x18,
  0x61, 0x18, 0x61, 0x18, 0x61, 0x18, 0x61, 0x18, 0x61, 0x18, 0x61, 0x18, 0x61, 0x18, 0x61, 0x18,
  0x61, 0x18, 0x61, 0x18, 0x61, 0x18, 0x61, 0x18, 0x61, 0x18, 0x61, 0x18, 0x83, 0x41, 0x4c, 0xdd,
  0xad, 0xe5, 0xad, 0xe5, 0xad, 0xe5, 0xad, 0xe5, 0xad, 0xe5, 0xad, 0xe5, 0xad, 0xe5, 0xad, 0xe5,
  0xad, 0xe5, 0xad, 0xe5, 0xad, 0xe5, 0xad, 0xe5, 0xad, 0xe5, 0xad, 0xe5, 0xad, 0xe5, 0xad, 0xe5,
  0xad, 0xe5, 0xad, 0xe5, 0xad, 0xe5, 0xad, 0xe5, 0xad, 0xe5, 0xad, 0xe5, 0xad, 0xe5, 0xad, 0xe5,
  0xad, 0xe5, 0xad, 0xe5, 0xad, 0xe5, 0xad, 0xe5, 0xad, 0xe5, 0xad, 0xe5, 0xad, 0xe5, 0xad, 0xe5,
  0xad, 0xe5, 0xad, 0xe5, 0xad, 0xe5, 0xad, 0xe5, 0xad, 0xe5, 0xad, 0xe5, 0xad, 0xe5, 0xad, 0xe5,
  0xad, 0xe5, 0xad, 0xe5, 0xad, 0xe5, 0xad, 0xe5, 0xad, 0xe5, 0xad, 0xe5, 0xad, 0xe5, 0xad, 0xe5,
  0xad, 0xe5, 0xad, 0xe5, 0xad, 0xe5, 0xad, 0xe5, 0xad, 0xe5, 0xad, 0xe5, 0xad, 0xe5, 0xad, 0xe5,
  0xad, 0xe5, 0xad, 0xe5, 0xad, 0xe5, 0xad, 0xe5, 0xad, 0xe5, 0xad, 0xe5, 0xad, 0xe5, 0xad, 0xe5,
  0xad, 0xe5, 0xad, 0xe5, 0xad, 0xe5, 0xad, 0xe5, 0xad, 0xe5, 0xad, 0xe5, 0xad, 0xe5, 0xad, 0xe5,
  0xad, 0xe5, 0xad, 0xe5, 0xad, 0xe5, 0xad, 0xe5, 0xad, 0xe5, 0xad, 0xe5, 0xad, 0xe5, 0xad, 0xe5,
  0xad, 0xe5, 0xad, 0xe5, 0xad, 0xe5, 0xad, 0xe5, 0xad, 0xe5, 0xad, 0xe5, 0xad, 0xe5, 0xad, 0xe5,
  0xad, 0xe5, 0xad, 0xe5, 0xad, 0xe5, 0xad, 0xe5, 0xad, 0xe5, 0xad, 0xe5, 0xad, 0xe5, 0xad, 0xe5,
  0xad, 0xe5, 0xad, 0xe5, 0xad, 0xe5, 0xad, 0xe5, 0xad, 0xe5, 0xad, 0xe5, 0xad, 0xe5, 0xad, 0xe5,
  0xad, 0xe5, 0xad, 0xe5, 0xad, 0xe5, 0xad, 0xe5, 0xad, 0xe5, 0xad, 0xe5, 0xad, 0xe5, 0xad, 0xe5,
  0xad, 0xe5, 0xad, 0xe5, 0xad, 0xe5, 0xad, 0xe5, 0xad, 0xe5, 0xad, 0xe5, 0xad, 0xe5, 0xad, 0xe5,
  0xad, 0xe5, 0xad, 0xe5, 0xad, 0xe5, 0xad, 0xe5, 0xad, 0xe5, 0xad, 0xe5, 0xad, 0xe5, 0xad, 0xe5,
  0xad, 0xe5, 0xad, 0xe5, 0xad, 0xe5, 0xad, 0xe5, 0xad, 0xe5, 0xad, 0xe5, 0xad, 0xe5, 0xad, 0xe5,
  0xad, 0xe5, 0xad, 0xe5, 0xad, 0xe5, 0xad, 0xe5, 0xad, 0xe5, 0xad, 0xe5, 0xad, 0xe5, 0x27, 0x8b,
  0x81, 0x18, 0x61, 0x18, 0x61, 0x18, 0x61, 0x18, 0x61, 0x18, 0x61, 0x18, 0x61, 0x18, 0x61, 0x18,
  0x61, 0x18, 0x61, 0x18, 0x61, 0x18, 0x61, 0x18, 0x61, 0x18, 0x61, 0x18, 0x61, 0x18, 0x61, 0x18,
  0x61, 0x18, 0x61, 0x18, 0x61, 0x18, 0x61, 0x18, 0x61, 0x18, 0x61, 0x18, 0x61, 0x18, 0x22, 0x31,
  0xab, 0xc4, 0xad, 0xe5, 0xad, 0xe5, 0xad, 0xe5, 0xad, 0xe5, 0xad, 0xe5, 0xad, 0xe5, 0xad, 0xe5,
  0xad, 0xe5, 0xad, 0xe5, 0xad, 0xe5, 0xad, 0xe5, 0xad, 0xe5, 0xad, 0xe5, 0xad, 0xe5, 0xad, 0xe5,
  0xad, 0xe5, 0xad, 0xe5, 0xad, 0xe5, 0xad, 0xe5, 0xad, 0xe5, 0xad, 0xe5, 0xad, 0xe5, 0xad, 0xe5,
  0xad, 0xe5, 0xad, 0xe5, 0xad, 0xe5, 0xad, 0xe5, 0xad, 0xe5, 0xad, 0xe5, 0xad, 0xe5, 0xad, 0xe5,
  0xad, 0xe5, 0xad, 0xe5, 0xad, 0xe5, 0xad, 0xe5, 0xad, 0xe5, 0xad, 0xe5, 0xad, 0xe5, 0xad, 0xe5,
  0xad, 0xe5, 0xad, 0xe5, 0xad, 0xe5, 0xad, 0xe5, 0xad, 0xe5, 0xad, 0xe5, 0xad, 0xe5, 0xad, 0xe5,
  0xad, 0xe5, 0xad, 0xe5, 0xad, 0xe5, 0xad, 0xe5, 0xad, 0xe5, 0xad, 0xe5, 0xad, 0xe5, 0xad, 0xe5,
  0xad, 0xe5, 0xad, 0xe5, 0xad, 0xe5, 0xad, 0xe5, 0xad, 0xe5, 0xad, 0xe5, 0xad, 0xe5, 0xad, 0xe5,
  0xad, 0xe5, 0xad, 0xe5, 0xad, 0xe5, 0xad, 0xe5, 0xad, 0xe5, 0xad, 0xe5, 0xad, 0xe5, 0xad, 0xe5,
  0xad, 0xe5, 0xad, 0xe5, 0xad, 0xe5, 0xad, 0xe5, 0xad, 0xe5, 0xad, 0xe5, 0xad, 0xe5, 0xad, 0xe5,
  0xad, 0xe5, 0xad, 0xe5, 0xad, 0xe5, 0xad, 0xe5, 0xad, 0xe5, 0xad, 0xe5, 0xad, 0xe5, 0xad, 0xe5,
  0xad, 0xe5, 0xad, 0xe5, 0xad, 0xe5, 0xad, 0xe5, 0xad, 0xe5, 0xad, 0xe5, 0xad, 0xe5, 0xad, 0xe5,
  0xad, 0xe5, 0xad, 0xe5, 0xad, 0xe5, 0xad, 0xe5, 0xad, 0xe5, 0xad, 0xe5, 0xad, 0xe5, 0xad, 0xe5,
  0xad, 0xe5, 0xad, 0xe5, 0xad, 0xe5, 0xad, 0xe5, 0xad, 0xe5, 0xad, 0xe5, 0xad, 0xe5, 0xad, 0xe5,
  0xad, 0xe5, 0xad, 0xe5, 0xad, 0xe5, 0xad, 0xe5, 0xad, 0xe5, 0xad, 0xe5, 0xad, 0xe5, 0xad, 0xe5,
  0xad, 0xe5, 0xad, 0xe5, 0xad, 0xe5, 0xad, 0xe5, 0xad, 0xe5, 0xad, 0xe5, 0xad, 0xe5, 0xad, 0xe5,
  0xad, 0xe5, 0xad, 0xe5, 0xad, 0xe5, 0xad, 0xe5, 0xad, 0xe5, 0xad, 0xe5, 0xad, 0xe5, 0xad, 0xe5,
  0xad, 0xe5, 0xad, 0xe5, 0xad, 0xe5, 0xad, 0xe5, 0xad, 0xe5, 0x0c, 0xd5, 0xe4, 0x51, 0x61, 0x18,
  0x61, 0x18, 0x61, 0x18, 0x61, 0x18, 0x61, 0x18, 0x61, 0x18, 0x61, 0x18, 0x61, 0x18, 0x61, 0x18,
  0x61, 0x18, 0x61, 0x18, 0x61, 0x18, 0x61, 0x18, 0x61, 0x18, 0x61, 0x18, 0x61, 0x18, 0x61, 0x18,
  0x61, 0x18, 0x61, 0x18, 0x61, 0x18, 0x61, 0x18, 0x61, 0x18, 0x61, 0x18, 0x61, 0x18, 0x61, 0x18,
  0x81, 0x18, 0xe7, 0x7a, 0x6c, 0xdd, 0xad, 0xe5, 0xad, 0xe5, 0xad, 0xe5, 0xad, 0xe5, 0xad, 0xe5,
  0xad, 0xe5, 0xad, 0xe5, 0xad, 0xe5, 0xad, 0xe5, 0xad, 0xe5, 0xad, 0xe5, 0xad, 0xe5, 0xad, 0xe5,
  0xad, 0xe5, 0xad, 0xe5, 0xad, 0xe5, 0xad, 0xe5, 0xad, 0xe5, 0xad, 0xe5, 0xad, 0xe5, 0xad, 0xe5,
  0xad, 0xe5, 0xad, 0xe5, 0xad, 0xe5, 0xad, 0xe5, 0xad, 0xe5, 0xad, 0xe5, 0xad, 0xe5, 0xad, 0xe5,
  0xad, 0xe5, 0xad, 0xe5, 0xad, 0xe5, 0xad, 0xe5, 0xad, 0xe5, 0xad, 0xe5, 0xad, 0xe5, 0xad, 0xe5,
  0xad, 0xe5, 0xad, 0xe5, 0xad, 0xe5, 0xad, 0xe5, 0xad, 0xe5, 0xad, 0xe5, 0xad, 0xe5, 0xad, 0xe5,
  0xad, 0xe5, 0xad, 0xe5, 0xad, 0xe5, 0xad, 0xe5, 0xad, 0xe5, 0xad, 0xe5, 0xad, 0xe5, 0xad, 0xe5,
  0xad, 0xe5, 0xad, 0xe5, 0xad, 0xe5, 0xad, 0xe5, 0xad, 0xe5, 0xad, 0xe5, 0xad, 0xe5, 0xad, 0xe5,
  0xad, 0xe5, 0xad, 0xe5, 0xad, 0xe5, 0xad, 0xe5, 0xad, 0xe5, 0xad, 0xe5, 0xad, 0xe5, 0xad, 0xe5,
  0xad, 0xe5, 0xad, 0xe5, 0xad, 0xe5, 0xad, 0xe5, 0xad, 0xe5, 0xad, 0xe5, 0xad, 0xe5, 0xad, 0xe5,
  0xad, 0xe5, 0xad, 0xe5, 0xad, 0xe5, 0xad, 0xe5, 0xad, 0xe5, 0xad, 0xe5, 0xad, 0xe5, 0xad, 0xe5,
  0xad, 0xe5, 0xad, 0xe5, 0xad, 0xe5, 0xad, 0xe5, 0xad, 0xe5, 0xad, 0xe5, 0xad, 0xe5, 0xad, 0xe5,
  0xad, 0xe5, 0xad, 0xe5, 0xad, 0xe5, 0xad, 0xe5, 0xad, 0xe5, 0xad, 0xe5, 0xad, 0xe5, 0xad, 0xe5,
  0xad, 0xe5, 0xad, 0xe5, 0xad, 0xe5, 0xad, 0xe5, 0xad, 0xe5, 0xad, 0xe5, 0xad, 0xe5, 0xad, 0xe5,
  0xad, 0xe5, 0xad, 0xe5, 0xad, 0xe5, 0xad, 0xe5, 0xad, 0xe5, 0xad, 0xe5, 0xad, 0xe5, 0xad, 0xe5,
  0xad, 0xe5, 0xad, 0xe5, 0xad, 0xe5, 0xad, 0xe5, 0xad, 0xe5, 0xad, 0xe5, 0xad, 0xe5, 0xad, 0xe5,
  0xad, 0xe5, 0xad, 0xe5, 0xad, 0xe5, 0xad, 0xe5, 0xad, 0xe5, 0xad, 0xe5, 0xad, 0xe5, 0xad, 0xe5,
  0xad, 0xe5, 0xad, 0xe5, 0xad, 0xe5, 0xad, 0xe5, 0xe9, 0xa3, 0xc1, 0x28, 0x61, 0x18, 0x61, 0x18,
  0x61, 0x18, 0x61, 0x18, 0x61, 0x18, 0x61, 0x18, 0x61, 0x18, 0x61, 0x18, 0x61, 0x18, 0x61, 0x18,
  0x61, 0x18, 0x61, 0x18, 0x61, 0x18, 0x61, 0x18, 0x61, 0x18, 0x61, 0x18, 0x61, 0x18, 0x61, 0x18,
  0x61, 0x18, 0x61, 0x18, 0x61, 0x18, 0x61, 0x18, 0x61, 0x18, 0x61, 0x18, 0x61, 0x18, 0x61, 0x18,
  0x61, 0x18, 0x61, 0x18, 0xc1, 0x28, 0xc6, 0x7a, 0x2c, 0xd5, 0xad, 0xe5, 0xad, 0xe5, 0xad, 0xe5,
  0xad, 0xe5, 0xad, 0xe5, 0xad, 0xe5, 0xad, 0xe5, 0xad, 0xe5, 0xad, 0xe5, 0xad, 0xe5, 0xad, 0xe5,
  0xad, 0xe5, 0xad, 0xe5, 0xad, 0xe5, 0xad, 0xe5, 0xad, 0xe5, 0xad, 0xe5, 0xad, 0xe5, 0xad, 0xe5,
  0xad, 0xe5, 0xad, 0xe5, 0xad, 0xe5, 0xad, 0xe5, 0xad, 0xe5, 0xad, 0xe5, 0xad, 0xe5, 0xad, 0xe5,
  0xad, 0xe5, 0xad, 0xe5, 0xad, 0xe5, 0xad, 0xe5, 0xad, 0xe5, 0xad, 0xe5, 0xad, 0xe5, 0xad, 0xe5,
  0xad, 0xe5, 0xad, 0xe5, 0xad, 0xe5, 0xad, 0xe5, 0xad, 0xe5, 0xad, 0xe5, 0xad, 0xe5, 0xad, 0xe5,
  0xad, 0xe5, 0xad, 0xe5, 0xad, 0xe5, 0xad, 0xe5, 0xad, 0xe5, 0xad, 0xe5, 0xad, 0xe5, 0xad, 0xe5,
  0xad, 0xe5, 0xad, 0xe5, 0xad, 0xe5, 0xad, 0xe5, 0xad, 0xe5, 0xad, 0xe5, 0xad, 0xe5, 0xad, 0xe5,
  0xad, 0xe5, 0xad, 0xe5, 0xad, 0xe5, 0xad, 0xe5, 0xad, 0xe5, 0xad, 0xe5, 0xad, 0xe5, 0xad, 0xe5,
  0xad, 0xe5, 0xad, 0xe5, 0xad, 0xe5, 0xad, 0xe5, 0xad, 0xe5, 0xad, 0xe5, 0xad, 0xe5, 0xad, 0xe5,
  0xad, 0xe5, 0xad, 0xe5, 0xad, 0xe5, 0xad, 0xe5, 0xad, 0xe5, 0xad, 0xe5, 0xad, 0xe5, 0xad, 0xe5,
  0xad, 0xe5, 0xad, 0xe5, 0xad, 0xe5, 0xad, 0xe5, 0xad, 0xe5, 0xad, 0xe5, 0xad, 0xe5, 0xad, 0xe5,
  0xad, 0xe5, 0xad, 0xe5, 0xad, 0xe5, 0xad, 0xe5, 0xad, 0xe5, 0xad, 0xe5, 0xad, 0xe5, 0xad, 0xe5,
  0xad, 0xe5, 0xad, 0xe5, 0xad, 0xe5, 0xad, 0xe5, 0xad, 0xe5, 0xad, 0xe5, 0xad, 0xe5, 0xad, 0xe5,
  0xad, 0xe5, 0xad, 0xe5, 0xad, 0xe5, 0xad, 0xe5, 0xad, 0xe5, 0xad, 0xe5, 0xad, 0xe5, 0xad, 0xe5,
  0xad, 0xe5, 0xad, 0xe5, 0xad, 0xe5, 0xad, 0xe5, 0xad, 0xe5, 0xad, 0xe5, 0xad, 0xe5, 0xad, 0xe5,
  0xad, 0xe5, 0xad, 0xe5, 0xad, 0xe5, 0xad, 0xe5, 0xad, 0xe5, 0xad, 0xe5, 0xad, 0xe5, 0xad, 0xe5,
  0xad, 0xe5, 0xad, 0xe5, 0xcb, 0xc4, 0xe4, 0x51, 0x61, 0x18, 0x61, 0x18, 0x61, 0x18, 0x61, 0x18,
  0x61, 0x18, 0x61, 0x18, 0x61, 0x18, 0x61, 0x18, 0x61, 0x18, 0x61, 0x18, 0x61, 0x18, 0x61, 0x18,
  0x61, 0x18, 0x61, 0x18, 0x61, 0x18, 0x61, 0x18, 0x61, 0x18, 0x61, 0x18, 0x61, 0x18, 0x61, 0x18,
  0x61, 0x18, 0x61, 0x18, 0x61, 0x18, 0x61, 0x18, 0x61, 0x18, 0x61, 0x18, 0x61, 0x18, 0x61, 0x18,
  0x61, 0x18, 0x61, 0x18, 0x61, 0x18, 0x61, 0x18, 0xa1, 0x20, 0x86, 0x6a, 0x8a, 0xbc, 0xad, 0xe5,
  0xad, 0xe5, 0xad, 0xe5, 0xad, 0xe5, 0xad, 0xe5, 0xad, 0xe5, 0xad, 0xe5, 0xad, 0xe5, 0xad, 0xe5,
  0xad, 0xe5, 0xad, 0xe5, 0xad, 0xe5, 0xad, 0xe5, 0xad, 0xe5, 0xad, 0xe5, 0xad, 0xe5, 0xad, 0xe5,
  0xad, 0xe5, 0xad, 0xe5, 0xad, 0xe5, 0xad, 0xe5, 0xad, 0xe5, 0xad, 0xe5, 0xad, 0xe5, 0xad, 0xe5,
  0xad, 0xe5, 0xad, 0xe5, 0xad, 0xe5, 0xad, 0xe5, 0xad, 0xe5, 0xad, 0xe5, 0xad, 0xe5, 0xad, 0xe5,
  0xad, 0xe5, 0xad, 0xe5, 0xad, 0xe5, 0xad, 0xe5, 0xad, 0xe5, 0xad, 0xe5, 0xad, 0xe5, 0xad, 0xe5,
  0xad, 0xe5, 0xad, 0xe5, 0xad, 0xe5, 0xad, 0xe5, 0xad, 0xe5, 0xad, 0xe5, 0xad, 0xe5, 0xad, 0xe5,
  0xad, 0xe5, 0xad, 0xe5, 0xad, 0xe5, 0xad, 0xe5, 0xad, 0xe5, 0xad, 0xe5, 0xad, 0xe5, 0xad, 0xe5,
  0xad, 0xe5, 0xad, 0xe5, 0xad, 0xe5, 0xad, 0xe5, 0xad, 0xe5, 0xad, 0xe5, 0xad, 0xe5, 0xad, 0xe5,
  0xad, 0xe5, 0xad, 0xe5, 0xad, 0xe5, 0xad, 0xe5, 0xad, 0xe5, 0xad, 0xe5, 0xad, 0xe5, 0xad, 0xe5,
  0xad, 0xe5, 0xad, 0xe5, 0xad, 0xe5, 0xad, 0xe5, 0xad, 0xe5, 0xad, 0xe5, 0xad, 0xe5, 0xad, 0xe5,
  0xad, 0xe5, 0xad, 0xe5, 0xad, 0xe5, 0xad, 0xe5, 0xad, 0xe5, 0xad, 0xe5, 0xad, 0xe5, 0xad, 0xe5,
  0xad, 0xe5, 0xad, 0xe5, 0xad, 0xe5, 0xad, 0xe5, 0xad, 0xe5, 0xad, 0xe5, 0xad, 0xe5, 0xad, 0xe5,
  0xad, 0xe5, 0xad, 0xe5, 0xad, 0xe5, 0xad, 0xe5, 0xad, 0xe5, 0xad, 0xe5, 0xad, 0xe5, 0xad, 0xe5,
  0xad, 0xe5, 0xad, 0xe5, 0xad, 0xe5, 0xad, 0xe5, 0xad, 0xe5, 0xad, 0xe5, 0xad, 0xe5, 0xad, 0xe5,
  0xad, 0xe5, 0xad, 0xe5, 0xad, 0xe5, 0xad, 0xe5, 0xad, 0xe5, 0xad, 0xe5, 0xad, 0xe5, 0xad, 0xe5,
  0xad, 0xe5, 0xad, 0xe5, 0xad, 0xe5, 0xad, 0xe5, 0xad, 0xe5, 0xad, 0xe5, 0xad, 0xe5, 0xad, 0xe5,
  0x2c, 0xd5, 0xa6, 0x72, 0x81, 0x18, 0x61, 0x18, 0x61, 0x18, 0x61, 0x18, 0x61, 0x18, 0x61, 0x18,
  0x61, 0x18, 0x61, 0x18, 0x61, 0x18, 0x61, 0x18, 0x61, 0x18, 0x61, 0x18, 0x61, 0x18, 0x61, 0x18,
  0x61, 0x18, 0x61, 0x18, 0x61, 0x18, 0x61, 0x18, 0x61, 0x18, 0x61, 0x18, 0x61, 0x18, 0x61, 0x18,
  0x61, 0x18, 0x61, 0x18, 0x61, 0x18, 0x61, 0x18, 0x61, 0x18, 0x61, 0x18, 0x61, 0x18, 0x61, 0x18,
  0x61, 0x18, 0x61, 0x18, 0x61, 0x18, 0x61, 0x18, 0x61, 0x18, 0x61, 0x18, 0x61, 0x18, 0x43, 0x39,
  0x47, 0x8b, 0xeb, 0xcc, 0xad, 0xe5, 0xad, 0xe5, 0xad, 0xe5, 0xad, 0xe5, 0xad, 0xe5, 0xad, 0xe5,
  0xad, 0xe5, 0xad, 0xe5, 0xad, 0xe5, 0xad, 0xe5, 0xad, 0xe5, 0xad, 0xe5, 0xad, 0xe5, 0xad, 0xe5,
  0xad, 0xe5, 0xad, 0xe5, 0xad, 0xe5, 0xad, 0xe5, 0xad, 0xe5, 0xad, 0xe5, 0xad, 0xe5, 0xad, 0xe5,
  0xad, 0xe5, 0xad, 0xe5, 0xad, 0xe5, 0xad, 0xe5, 0xad, 0xe5, 0xad, 0xe5, 0xad, 0xe5, 0xad, 0xe5,
  0xad, 0xe5, 0xad, 0xe5, 0xad, 0xe5, 0xad, 0xe5, 0xad, 0xe5, 0xad, 0xe5, 0xad, 0xe5, 0xad, 0xe5,
  0xad, 0xe5, 0xad, 0xe5, 0xad, 0xe5, 0xad, 0xe5, 0xad, 0xe5, 0xad, 0xe5, 0xad, 0xe5, 0xad, 0xe5,
  0xad, 0xe5, 0xad, 0xe5, 0xad, 0xe5, 0xad, 0xe5, 0xad, 0xe5, 0xad, 0xe5, 0xad, 0xe5, 0xad, 0xe5,
  0xad, 0xe5, 0xad, 0xe5, 0xad, 0xe5, 0xad, 0xe5, 0xad, 0xe5, 0xad, 0xe5, 0xad, 0xe5, 0xad, 0xe5,
  0xad, 0xe5, 0xad, 0xe5, 0xad, 0xe5, 0xad, 0xe5, 0xad, 0xe5, 0xad, 0xe5, 0xad, 0xe5, 0xad, 0xe5,
  0xad, 0xe5, 0xad, 0xe5, 0xad, 0xe5, 0xad, 0xe5, 0xad, 0xe5, 0xad, 0xe5, 0xad, 0xe5, 0xad, 0xe5,
  0xad, 0xe5, 0xad, 0xe5, 0xad, 0xe5, 0xad, 0xe5, 0xad, 0xe5, 0xad, 0xe5, 0xad, 0xe5, 0xad, 0xe5,
  0xad, 0xe5, 0xad, 0xe5, 0xad, 0xe5, 0xad, 0xe5, 0xad, 0xe5, 0xad, 0xe5, 0xad, 0xe5, 0xad, 0xe5,
  0xad, 0xe5, 0xad, 0xe5, 0xad, 0xe5, 0xad, 0xe5, 0xad, 0xe5, 0xad, 0xe5, 0xad, 0xe5, 0xad, 0xe5,
  0xad, 0xe5, 0xad, 0xe5, 0xad, 0xe5, 0xad, 0xe5, 0xad, 0xe5, 0xad, 0xe5, 0xad, 0xe5, 0xad, 0xe5,
  0xad, 0xe5, 0xad, 0xe5, 0xad, 0xe5, 0xad, 0xe5, 0xad, 0xe5, 0xad, 0xe5, 0xad, 0xe5, 0xad, 0xe5,
  0xad, 0xe5, 0xad, 0xe5, 0xad, 0xe5, 0xad, 0xe5, 0xad, 0xe5, 0xad, 0xe5, 0x2c, 0xd5, 0xc6, 0x7a,
  0xa1, 0x20, 0x61, 0x18, 0x61, 0x18, 0x61, 0x18, 0x61, 0x18, 0x61, 0x18, 0x61, 0x18, 0x61, 0x18,
  0x61, 0x18, 0x61, 0x18, 0x61, 0x18, 0x61, 0x18, 0x61, 0x18, 0x61, 0x18, 0x61, 0x18, 0x61, 0x18,
  0x61, 0x18, 0x61, 0x18, 0x61, 0x18, 0x61, 0x18, 0x61, 0x18, 0x61, 0x18, 0x61, 0x18, 0x61, 0x18,
  0x61, 0x18, 0x61, 0x18, 0x61, 0x18, 0x61, 0x18, 0x61, 0x18, 0x61, 0x18, 0x61, 0x18, 0x61, 0x18,
  0x61, 0x18, 0x61, 0x18, 0x61, 0x18, 0x61, 0x18, 0x61, 0x18, 0x61, 0x18, 0x61, 0x18, 0x61, 0x18,
  0x61, 0x18, 0x61, 0x18, 0x43, 0x39, 0xe6, 0x7a, 0x6a, 0xb4, 0x8d, 0xe5, 0xad, 0xe5, 0xad, 0xe5,
  0xad, 0xe5, 0xad, 0xe5, 0xad, 0xe5, 0xad, 0xe5, 0xad, 0xe5, 0xad, 0xe5, 0xad, 0xe5, 0xad, 0xe5,
  0xad, 0xe5, 0xad, 0xe5, 0xad, 0xe5, 0xad, 0xe5, 0xad, 0xe5, 0xad, 0xe5, 0xad, 0xe5, 0xad, 0xe5,
  0xad, 0xe5, 0xad, 0xe5, 0xad, 0xe5, 0xad, 0xe5, 0xad, 0xe5, 0xad, 0xe5, 0xad, 0xe5, 0xad, 0xe5,
  0xad, 0xe5, 0xad, 0xe5, 0xad, 0xe5, 0xad, 0xe5, 0xad, 0xe5, 0xad, 0xe5, 0xad, 0xe5, 0xad, 0xe5,
  0xad, 0xe5, 0xad, 0xe5, 0xad, 0xe5, 0xad, 0xe5, 0xad, 0xe5, 0xad, 0xe5, 0xad, 0xe5, 0xad, 0xe5,
  0xad, 0xe5, 0xad, 0xe5, 0xad, 0xe5, 0xad, 0xe5, 0xad, 0xe5, 0xad, 0xe5, 0xad, 0xe5, 0xad, 0xe5,
  0xad, 0xe5, 0xad, 0xe5, 0xad, 0xe5, 0xad, 0xe5, 0xad, 0xe5, 0xad, 0xe5, 0xad, 0xe5, 0xad, 0xe5,
  0xad, 0xe5, 0xad, 0xe5, 0xad, 0xe5, 0xad, 0xe5, 0xad, 0xe5, 0xad, 0xe5, 0xad, 0xe5, 0xad, 0xe5,
  0xad, 0xe5, 0xad, 0xe5, 0xad, 0xe5, 0xad, 0xe5, 0xad, 0xe5, 0xad, 0xe5, 0xad, 0xe5, 0xad, 0xe5,
  0xad, 0xe5, 0xad, 0xe5, 0xad, 0xe5, 0xad, 0xe5, 0xad, 0xe5, 0xad, 0xe5, 0xad, 0xe5, 0xad, 0xe5,
  0xad, 0xe5, 0xad, 0xe5, 0xad, 0xe5, 0xad, 0xe5, 0xad, 0xe5, 0xad, 0xe5, 0xad, 0xe5, 0xad, 0xe5,
  0xad, 0xe5, 0xad, 0xe5, 0xad, 0xe5, 0xad, 0xe5, 0xad, 0xe5, 0xad, 0xe5, 0xad, 0xe5, 0xad, 0xe5,
  0xad, 0xe5, 0xad, 0xe5, 0xad, 0xe5, 0xad, 0xe5, 0xad, 0xe5, 0xad, 0xe5, 0xad, 0xe5, 0xad, 0xe5,
  0xad, 0xe5, 0xad, 0xe5, 0xad, 0xe5, 0xad, 0xe5, 0xad, 0xe5, 0xad, 0xe5, 0xad, 0xe5, 0xad, 0xe5,
  0xad, 0xe5, 0xad, 0xe5, 0xad, 0xe5, 0xad, 0xe5, 0xcb, 0xc4, 0xa6, 0x72, 0xa1, 0x20, 0x61, 0x18,
  0x61, 0x18, 0x61, 0x18, 0x61, 0x18, 0x61, 0x18, 0x61, 0x18, 0x61, 0x18, 0x61, 0x18, 0x61, 0x18,
  0x61, 0x18, 0x61, 0x18, 0x61, 0x18, 0x61, 0x18, 0x61, 0x18, 0x61, 0x18, 0x61, 0x18, 0x61, 0x18,
  0x61, 0x18, 0x61, 0x18, 0x61, 0x18, 0x61, 0x18, 0x61, 0x18, 0x61, 0x18, 0x61, 0x18, 0x61, 0x18,
  0x61, 0x18, 0x61, 0x18, 0x61, 0x18, 0x61, 0x18, 0x61, 0x18, 0x61, 0x18, 0x61, 0x18, 0x61, 0x18,
  0x61, 0x18, 0x61, 0x18, 0x61, 0x18, 0x61, 0x18, 0x61, 0x18, 0x61, 0x18, 0x61, 0x18, 0x61, 0x18,
  0x61, 0x18, 0x61, 0x18, 0x61, 0x18, 0x61, 0x18, 0x61, 0x18, 0xa1, 0x20, 0xe4, 0x51, 0x47, 0x8b,
  0x6a, 0xb4, 0x6c, 0xdd, 0xad, 0xe5, 0xad, 0xe5, 0xad, 0xe5, 0xad, 0xe5, 0xad, 0xe5, 0xad, 0xe5,
  0xad, 0xe5, 0xad, 0xe5, 0xad, 0xe5, 0xad, 0xe5, 0xad, 0xe5, 0xad, 0xe5, 0xad, 0xe5, 0xad, 0xe5,
  0xad, 0xe5, 0xad, 0xe5, 0xad, 0xe5, 0xad, 0xe5, 0xad, 0xe5, 0xad, 0xe5, 0xad, 0xe5, 0xad, 0xe5,
  0xad, 0xe5, 0xad, 0xe5, 0xad, 0xe5, 0xad, 0xe5, 0xad, 0xe5, 0xad, 0xe5, 0xad, 0xe5, 0xad, 0xe5,
  0xad, 0xe5, 0xad, 0xe5, 0xad, 0xe5, 0xad, 0xe5, 0xad, 0xe5, 0xad, 0xe5, 0xad, 0xe5, 0xad, 0xe5,
  0xad, 0xe5, 0xad, 0xe5, 0xad, 0xe5, 0xad, 0xe5, 0xad, 0xe5, 0xad, 0xe5, 0xad, 0xe5, 0xad, 0xe5,
  0xad, 0xe5, 0xad, 0xe5, 0xad, 0xe5, 0xad, 0xe5, 0xad, 0xe5, 0xad, 0xe5, 0xad, 0xe5, 0xad, 0xe5,
  0xad, 0xe5, 0xad, 0xe5, 0xad, 0xe5, 0xad, 0xe5, 0xad, 0xe5, 0xad, 0xe5, 0xad, 0xe5, 0xad, 0xe5,
  0xad, 0xe5, 0xad, 0xe5, 0xad, 0xe5, 0xad, 0xe5, 0xad, 0xe5, 0xad, 0xe5, 0xad, 0xe5, 0xad, 0xe5,
  0xad, 0xe5, 0xad, 0xe5, 0xad, 0xe5, 0xad, 0xe5, 0xad, 0xe5, 0xad, 0xe5, 0xad, 0xe5, 0xad, 0xe5,
  0xad, 0xe5, 0xad, 0xe5, 0xad, 0xe5, 0xad, 0xe5, 0xad, 0xe5, 0xad, 0xe5, 0xad, 0xe5, 0xad, 0xe5,
  0xad, 0xe5, 0xad, 0xe5, 0xad, 0xe5, 0xad, 0xe5, 0xad, 0xe5, 0xad, 0xe5, 0xad, 0xe5, 0xad, 0xe5,
  0xad, 0xe5, 0xad, 0xe5, 0xad, 0xe5, 0xad, 0xe5, 0xad, 0xe5, 0xad, 0xe5, 0xad, 0xe5, 0xad, 0xe5,
  0xad, 0xe5, 0xad, 0xe5, 0xad, 0xe5, 0xad, 0xe5, 0xad, 0xe5, 0xad, 0xe5, 0xad, 0xe5, 0xad, 0xe5,
  0xad, 0xe5, 0x8d, 0xe5, 0x09, 0xa4, 0xc4, 0x51, 0x61, 0x18, 0x61, 0x18, 0x61, 0x18, 0x61, 0x18,
  0x61, 0x18, 0x61, 0x18, 0x61, 0x18, 0x61, 0x18, 0x61, 0x18, 0x61, 0x18, 0x61, 0x18, 0x61, 0x18,
  0x61, 0x18, 0x61, 0x18, 0x61, 0x18, 0x61, 0x18, 0x61, 0x18, 0x61, 0x18, 0x61, 0x18, 0x61, 0x18,
  0x61, 0x18, 0x61, 0x18, 0x61, 0x18, 0x61, 0x18, 0x61, 0x18, 0x61, 0x18, 0x61, 0x18, 0x61, 0x18,
  0x61, 0x18, 0x61, 0x18, 0x61, 0x18, 0x61, 0x18, 0x61, 0x18, 0x61, 0x18, 0x61, 0x18, 0x61, 0x18,
  0x61, 0x18, 0x61, 0x18, 0x61, 0x18, 0x61, 0x18, 0x61, 0x18, 0x61, 0x18, 0x61, 0x18, 0x61, 0x18,
  0x61, 0x18, 0x61, 0x18, 0x61, 0x18, 0x61, 0x18, 0x61, 0x18, 0x61, 0x18, 0x61, 0x18, 0x61, 0x18,
  0x61, 0x18, 0x81, 0x18, 0x83, 0x41, 0xa6, 0x72, 0xc8, 0x9b, 0xcb, 0xc4, 0x8d, 0xe5, 0xad, 0xe5,
  0xad, 0xe5, 0xad, 0xe5, 0xad, 0xe5, 0xad, 0xe5, 0xad, 0xe5, 0xad, 0xe5, 0xad, 0xe5, 0xad, 0xe5,
  0xad, 0xe5, 0xad, 0xe5, 0xad, 0xe5, 0xad, 0xe5, 0xad, 0xe5, 0xad, 0xe5, 0xad, 0xe5, 0xad, 0xe5,
  0xad, 0xe5, 0xad, 0xe5, 0xad, 0xe5, 0xad, 0xe5, 0xad, 0xe5, 0xad, 0xe5, 0xad, 0xe5, 0xad, 0xe5,
  0xad, 0xe5, 0xad, 0xe5, 0xad, 0xe5, 0xad, 0xe5, 0xad, 0xe5, 0xad, 0xe5, 0xad, 0xe5, 0xad, 0xe5,
  0xad, 0xe5, 0xad, 0xe5, 0xad, 0xe5, 0xad, 0xe5, 0xad, 0xe5, 0xad, 0xe5, 0xad, 0xe5, 0xad, 0xe5,
  0xad, 0xe5, 0xad, 0xe5, 0xad, 0xe5, 0xad, 0xe5, 0xad, 0xe5, 0xad, 0xe5, 0xad, 0xe5, 0xad, 0xe5,
  0xad, 0xe5, 0xad, 0xe5, 0xad, 0xe5, 0xad, 0xe5, 0xad, 0xe5, 0xad, 0xe5, 0xad, 0xe5, 0xad, 0xe5,
  0xad, 0xe5, 0xad, 0xe5, 0xad, 0xe5, 0xad, 0xe5, 0xad, 0xe5, 0xad, 0xe5, 0xad, 0xe5, 0xad, 0xe5,
  0xad, 0xe5, 0xad, 0xe5, 0xad, 0xe5, 0xad, 0xe5, 0xad, 0xe5, 0xad, 0xe5, 0xad, 0xe5, 0xad, 0xe5,
  0xad, 0xe5, 0xad, 0xe5, 0xad, 0xe5, 0xad, 0xe5, 0xad, 0xe5, 0xad, 0xe5, 0xad, 0xe5, 0xad, 0xe5,
  0xad, 0xe5, 0xad, 0xe5, 0xad, 0xe5, 0xad, 0xe5, 0xad, 0xe5, 0xad, 0xe5, 0xad, 0xe5, 0xad, 0xe5,
  0xad, 0xe5, 0xad, 0xe5, 0xad, 0xe5, 0xad, 0xe5, 0xad, 0xe5, 0xad, 0xe5, 0xad, 0xe5, 0xad, 0xe5,
  0xad, 0xe5, 0xad, 0xe5, 0xad, 0xe5, 0xad, 0xe5, 0xad, 0xe5, 0xad, 0xe5, 0xad, 0xe5, 0x6a, 0xbc,
  0x86, 0x6a, 0xc1, 0x28, 0x61, 0x18, 0x61, 0x18, 0x61, 0x18, 0x61, 0x18, 0x61, 0x18, 0x61, 0x18,
  0x61, 0x18, 0x61, 0x18, 0x61, 0x18, 0x61, 0x18, 0x61, 0x18, 0x61, 0x18, 0x61, 0x18, 0x61, 0x18,
  0x61, 0x18, 0x61, 0x18, 0x61, 0x18, 0x61, 0x18, 0x61, 0x18, 0x61, 0x18, 0x61, 0x18, 0x61, 0x18,
  0x61, 0x18, 0x61, 0x18, 0x61, 0x18, 0x61, 0x18, 0x61, 0x18, 0x61, 0x18, 0x61, 0x18, 0x61, 0x18,
  0x61, 0x18, 0x61, 0x18, 0x61, 0x18, 0x61, 0x18, 0x61, 0x18, 0x61, 0x18, 0x61, 0x18, 0x61, 0x18,
  0x61, 0x18, 0x61, 0x18, 0x61, 0x18, 0x61, 0x18, 0x61, 0x18, 0x61, 0x18, 0x61, 0x18, 0x61, 0x18,
  0x61, 0x18, 0x61, 0x18, 0x61, 0x18, 0x61, 0x18, 0x61, 0x18, 0x61, 0x18, 0x61, 0x18, 0x61, 0x18,
  0x61, 0x18, 0x61, 0x18, 0x61, 0x18, 0x61, 0x18, 0x61, 0x18, 0x61, 0x18, 0xa1, 0x20, 0x83, 0x41,
  0x85, 0x6a, 0x88, 0x93, 0x4a, 0xb4, 0x0b, 0xd5, 0xad, 0xe5, 0xad, 0xe5, 0xad, 0xe5, 0xad, 0xe5,
  0xad, 0xe5, 0xad, 0xe5, 0xad, 0xe5, 0xad, 0xe5, 0xad, 0xe5, 0xad, 0xe5, 0xad, 0xe5, 0xad, 0xe5,
  0xad, 0xe5, 0xad, 0xe5, 0xad, 0xe5, 0xad, 0xe5, 0xad, 0xe5, 0xad, 0xe5, 0xad, 0xe5, 0xad, 0xe5,
  0xad, 0xe5, 0xad, 0xe5, 0xad, 0xe5, 0xad, 0xe5, 0xad, 0xe5, 0xad, 0xe5, 0xad, 0xe5, 0xad, 0xe5,
  0xad, 0xe5, 0xad, 0xe5, 0xad, 0xe5, 0xad, 0xe5, 0xad, 0xe5, 0xad, 0xe5, 0xad, 0xe5, 0xad, 0xe5,
  0xad, 0xe5, 0xad, 0xe5, 0xad, 0xe5, 0xad, 0xe5, 0xad, 0xe5, 0xad, 0xe5, 0xad, 0xe5, 0xad, 0xe5,
  0xad, 0xe5, 0xad, 0xe5, 0xad, 0xe5, 0xad, 0xe5, 0xad, 0xe5, 0xad, 0xe5, 0xad, 0xe5, 0xad, 0xe5,
  0xad, 0xe5, 0xad, 0xe5, 0xad, 0xe5, 0xad, 0xe5, 0xad, 0xe5, 0xad, 0xe5, 0xad, 0xe5, 0xad, 0xe5,
  0xad, 0xe5, 0xad, 0xe5, 0xad, 0xe5, 0xad, 0xe5, 0xad, 0xe5, 0xad, 0xe5, 0xad, 0xe5, 0xad, 0xe5,
  0xad, 0xe5, 0xad, 0xe5, 0xad, 0xe5, 0xad, 0xe5, 0xad, 0xe5, 0xad, 0xe5, 0xad, 0xe5, 0xad, 0xe5,
  0xad, 0xe5, 0xad, 0xe5, 0xad, 0xe5, 0xad, 0xe5, 0xad, 0xe5, 0xad, 0xe5, 0xad, 0xe5, 0xad, 0xe5,
  0xad, 0xe5, 0xad, 0xe5, 0xad, 0xe5, 0xad, 0xe5, 0xad, 0xe5, 0xad, 0xe5, 0xad, 0xe5, 0xad, 0xe5,
  0xad, 0xe5, 0xad, 0xe5, 0xad, 0xe5, 0x2c, 0xd5, 0xc8, 0x9b, 0x45, 0x62, 0xe2, 0x28, 0x61, 0x18,
  0x61, 0x18, 0x61, 0x18, 0x61, 0x18, 0x61, 0x18, 0x61, 0x18, 0x61, 0x18, 0x61, 0x18, 0x61, 0x18,
  0x61, 0x18, 0x61, 0x18, 0x61, 0x18, 0x61, 0x18, 0x61, 0x18, 0x61, 0x18, 0x61, 0x18, 0x61, 0x18,
  0x61, 0x18, 0x61, 0x18, 0x61, 0x18, 0x61, 0x18, 0x61, 0x18, 0x61, 0x18, 0x61, 0x18, 0x61, 0x18,
  0x61, 0x18, 0x61, 0x18, 0x61, 0x18, 0x61, 0x18, 0x61, 0x18, 0x61, 0x18, 0x61, 0x18, 0x61, 0x18,
  0x61, 0x18, 0x61, 0x18, 0x61, 0x18, 0x61, 0x18, 0x61, 0x18, 0x61, 0x18, 0x61, 0x18, 0x61, 0x18,
  0x61, 0x18, 0x61, 0x18, 0x61, 0x18, 0x61, 0x18, 0x61, 0x18, 0x61, 0x18, 0x61, 0x18, 0x61, 0x18,
  0x61, 0x18, 0x61, 0x18, 0x61, 0x18, 0x61, 0x18, 0x61, 0x18, 0x61, 0x18, 0x61, 0x18, 0x61, 0x18,
  0x61, 0x18, 0x61, 0x18, 0x61, 0x18, 0x61, 0x18, 0x61, 0x18, 0x61, 0x18, 0x61, 0x18, 0x61, 0x18,
  0x61, 0x18, 0x61, 0x18, 0x61, 0x18, 0x61, 0x18, 0xa1, 0x20, 0x63, 0x41, 0x25, 0x5a, 0xe7, 0x7a,
  0xc8, 0x9b, 0x8a, 0xbc, 0x4c, 0xdd, 0xad, 0xe5, 0xad, 0xe5, 0xad, 0xe5, 0xad, 0xe5, 0xad, 0xe5,
  0xad, 0xe5, 0xad, 0xe5, 0xad, 0xe5, 0xad, 0xe5, 0xad, 0xe5, 0xad, 0xe5, 0xad, 0xe5, 0xad, 0xe5,
  0xad, 0xe5, 0xad, 0xe5, 0xad, 0xe5, 0xad, 0xe5, 0xad, 0xe5, 0xad, 0xe5, 0xad, 0xe5, 0xad, 0xe5,
  0xad, 0xe5, 0xad, 0xe5, 0xad, 0xe5, 0xad, 0xe5, 0xad, 0xe5, 0xad, 0xe5, 0xad, 0xe5, 0xad, 0xe5,
  0xad, 0xe5, 0xad, 0xe5, 0xad, 0xe5, 0xad, 0xe5, 0xad, 0xe5, 0xad, 0xe5, 0xad, 0xe5, 0xad, 0xe5,
  0xad, 0xe5, 0xad, 0xe5, 0xad, 0xe5, 0xad, 0xe5, 0xad, 0xe5, 0xad, 0xe5, 0xad, 0xe5, 0xad, 0xe5,
  0xad, 0xe5, 0xad, 0xe5, 0xad, 0xe5, 0xad, 0xe5, 0xad, 0xe5, 0xad, 0xe5, 0xad, 0xe5, 0xad, 0xe5,
  0xad, 0xe5, 0xad, 0xe5, 0xad, 0xe5, 0xad, 0xe5, 0xad, 0xe5, 0xad, 0xe5, 0xad, 0xe5, 0xad, 0xe5,
  0xad, 0xe5, 0xad, 0xe5, 0xad, 0xe5, 0xad, 0xe5, 0xad, 0xe5, 0xad, 0xe5, 0xad, 0xe5, 0xad, 0xe5,
  0xad, 0xe5, 0xad, 0xe5, 0xad, 0xe5, 0xad, 0xe5, 0xad, 0xe5, 0xad, 0xe5, 0xad, 0xe5, 0xad, 0xe5,
  0xad, 0xe5, 0xad, 0xe5, 0xad, 0xe5, 0xad, 0xe5, 0xad, 0xe5, 0xad, 0xe5, 0xad, 0xe5, 0x2c, 0xd5,
  0x29, 0xac, 0x07, 0x7b, 0x83, 0x41, 0x61, 0x18, 0x61, 0x18, 0x61, 0x18, 0x61, 0x18, 0x61, 0x18,
  0x61, 0x18, 0x61, 0x18, 0x61, 0x18, 0x61, 0x18, 0x61, 0x18, 0x61, 0x18, 0x61, 0x18, 0x61, 0x18,
  0x61, 0x18, 0x61, 0x18, 0x61, 0x18, 0x61, 0x18, 0x61, 0x18, 0x61, 0x18, 0x61, 0x18, 0x61, 0x18,
  0x61, 0x18, 0x61, 0x18, 0x61, 0x18, 0x61, 0x18, 0x61, 0x18, 0x61, 0x18, 0x61, 0x18, 0x61, 0x18,
  0x61, 0x18, 0x61, 0x18, 0x61, 0x18, 0x61, 0x18, 0x61, 0x18, 0x61, 0x18, 0x61, 0x18, 0x61, 0x18,
  0x61, 0x18, 0x61, 0x18, 0x61, 0x18, 0x61, 0x18, 0x61, 0x18, 0x61, 0x18, 0x61, 0x18, 0x61, 0x18,
  0x61, 0x18, 0x61, 0x18, 0x61, 0x18, 0x61, 0x18, 0x61, 0x18, 0x61, 0x18, 0x61, 0x18, 0x61, 0x18,
  0x61, 0x18, 0x61, 0x18, 0x61, 0x18, 0x61, 0x18, 0x61, 0x18, 0x61, 0x18, 0x61, 0x18, 0x61, 0x18,
  0x61, 0x18, 0x61, 0x18, 0x61, 0x18, 0x61, 0x18, 0x61, 0x18, 0x61, 0x18, 0x61, 0x18, 0x61, 0x18,
  0x61, 0x18, 0x61, 0x18, 0x61, 0x18, 0x61, 0x18, 0x61, 0x18, 0x61, 0x18, 0x61, 0x18, 0x61, 0x18,
  0x61, 0x18, 0x61, 0x18, 0x61, 0x18, 0xe2, 0x28, 0x83, 0x41, 0x04, 0x5a, 0xa6, 0x72, 0x47, 0x83,
  0xc8, 0x9b, 0x6a, 0xb4, 0xeb, 0xcc, 0x6c, 0xdd, 0xad, 0xe5, 0xad, 0xe5, 0xad, 0xe5, 0xad, 0xe5,
  0xad, 0xe5, 0xad, 0xe5, 0xad, 0xe5, 0xad, 0xe5, 0xad, 0xe5, 0xad, 0xe5, 0xad, 0xe5, 0xad, 0xe5,
  0xad, 0xe5, 0xad, 0xe5, 0xad, 0xe5, 0xad, 0xe5, 0xad, 0xe5, 0xad, 0xe5, 0xad, 0xe5, 0xad, 0xe5,
  0xad, 0xe5, 0xad, 0xe5, 0xad, 0xe5, 0xad, 0xe5, 0xad, 0xe5, 0xad, 0xe5, 0xad, 0xe5, 0xad, 0xe5,
  0xad, 0xe5, 0xad, 0xe5, 0xad, 0xe5, 0xad, 0xe5, 0xad, 0xe5, 0xad, 0xe5, 0xad, 0xe5, 0xad, 0xe5,
  0xad, 0xe5, 0xad, 0xe5, 0xad, 0xe5, 0xad, 0xe5, 0xad, 0xe5, 0xad, 0xe5, 0xad, 0xe5, 0xad, 0xe5,
  0xad, 0xe5, 0xad, 0xe5, 0xad, 0xe5, 0xad, 0xe5, 0xad, 0xe5, 0xad, 0xe5, 0xad, 0xe5, 0xad, 0xe5,
  0xad, 0xe5, 0xad, 0xe5, 0xad, 0xe5, 0xad, 0xe5, 0xad, 0xe5, 0xad, 0xe5, 0xad, 0xe5, 0xad, 0xe5,
  0xad, 0xe5, 0xad, 0xe5, 0xad, 0xe5, 0xad, 0xe5, 0xad, 0xe5, 0xad, 0xe5, 0xad, 0xe5, 0xad, 0xe5,
  0xad, 0xe5, 0x8d, 0xe5, 0xeb, 0xcc, 0x29, 0xac, 0x07, 0x83, 0x04, 0x5a, 0x02, 0x29, 0x61, 0x18,
  0x61, 0x18, 0x61, 0x18, 0x61, 0x18, 0x61, 0x18, 0x61, 0x18, 0x61, 0x18, 0x61, 0x18, 0x61, 0x18,
  0x61, 0x18, 0x61, 0x18, 0x61, 0x18, 0x61, 0x18, 0x61, 0x18, 0x61, 0x18, 0x61, 0x18, 0x61, 0x18,
  0x61, 0x18, 0x61, 0x18, 0x61, 0x18, 0x61, 0x18, 0x61, 0x18, 0x61, 0x18, 0x61, 0x18, 0x61, 0x18,
  0x61, 0x18, 0x61, 0x18, 0x61, 0x18, 0x61, 0x18, 0x61, 0x18, 0x61, 0x18, 0x61, 0x18, 0x61, 0x18,
  0x61, 0x18, 0x61, 0x18, 0x61, 0x18, 0x61, 0x18, 0x61, 0x18, 0x61, 0x18, 0x61, 0x18, 0x61, 0x18,
  0x61, 0x18, 0x61, 0x18, 0x61, 0x18, 0x61, 0x18, 0x61, 0x18, 0x61, 0x18, 0x61, 0x18, 0x61, 0x18,
  0x61, 0x18, 0x61, 0x18, 0x61, 0x18, 0x61, 0x18, 0x61, 0x18, 0x61, 0x18, 0x61, 0x18, 0x61, 0x18,
  0x61, 0x18, 0x61, 0x18, 0x61, 0x18, 0x61, 0x18, 0x61, 0x18, 0x61, 0x18, 0x61, 0x18, 0x61, 0x18,
  0x61, 0x18, 0x61, 0x18, 0x61, 0x18, 0x61, 0x18, 0x61, 0x18, 0x61, 0x18, 0x61, 0x18, 0x61, 0x18,
  0x61, 0x18, 0x61, 0x18, 0x61, 0x18, 0x61, 0x18, 0x61, 0x18, 0x61, 0x18, 0x61, 0x18, 0x61, 0x18,
  0x61, 0x18, 0x61, 0x18, 0x61, 0x18, 0x61, 0x18, 0x61, 0x18, 0x61, 0x18, 0x61, 0x18, 0x61, 0x18,
  0x61, 0x18, 0x61, 0x18, 0x61, 0x18, 0x61, 0x18, 0xc1, 0x28, 0x43, 0x39, 0xe4, 0x51, 0x45, 0x62,
  0xa6, 0x72, 0x27, 0x83, 0x88, 0x93, 0xe9, 0xa3, 0x6a, 0xb4, 0xcb, 0xc4, 0x2c, 0xd5, 0x8d, 0xe5,
  0xad, 0xe5, 0xad, 0xe5, 0xad, 0xe5, 0xad, 0xe5, 0xad, 0xe5, 0xad, 0xe5, 0xad, 0xe5, 0xad, 0xe5,
  0xad, 0xe5, 0xad, 0xe5, 0xad, 0xe5, 0xad, 0xe5, 0xad, 0xe5, 0xad, 0xe5, 0xad, 0xe5, 0xad, 0xe5,
  0xad, 0xe5, 0xad, 0xe5, 0xad, 0xe5, 0xad, 0xe5, 0xad, 0xe5, 0xad, 0xe5, 0xad, 0xe5, 0xad, 0xe5,
  0xad, 0xe5, 0xad, 0xe5, 0xad, 0xe5, 0xad, 0xe5, 0xad, 0xe5, 0xad, 0xe5, 0xad, 0xe5, 0xad, 0xe5,
  0xad, 0xe5, 0xad, 0xe5, 0xad, 0xe5, 0xad, 0xe5, 0xad, 0xe5, 0xad, 0xe5, 0xad, 0xe5, 0xad, 0xe5,
  0xad, 0xe5, 0xad, 0xe5, 0xad, 0xe5, 0xad, 0xe5, 0xad, 0xe5, 0xad, 0xe5, 0xad, 0xe5, 0xad, 0xe5,
  0xad, 0xe5, 0x2c, 0xd5, 0xab, 0xc4, 0x49, 0xac, 0xc8, 0x9b, 0x27, 0x83, 0x85, 0x6a, 0xc4, 0x49,
  0x02, 0x31, 0x81, 0x18, 0x61, 0x18, 0x61, 0x18, 0x61, 0x18, 0x61, 0x18, 0x61, 0x18, 0x61, 0x18,
  0x61, 0x18, 0x61, 0x18, 0x61, 0x18, 0x61, 0x18, 0x61, 0x18, 0x61, 0x18, 0x61, 0x18, 0x61, 0x18,
  0x61, 0x18, 0x61, 0x18, 0x61, 0x18, 0x61, 0x18, 0x61, 0x18, 0x61, 0x18, 0x61, 0x18, 0x61, 0x18,
  0x61, 0x18, 0x61, 0x18, 0x61, 0x18, 0x61, 0x18, 0x61, 0x18, 0x61, 0x18, 0x61, 0x18, 0x61, 0x18,
  0x61, 0x18, 0x61, 0x18, 0x61, 0x18, 0x61, 0x18, 0x61, 0x18, 0x61, 0x18, 0x61, 0x18, 0x61, 0x18,
  0x61, 0x18, 0x61, 0x18, 0x61, 0x18, 0x61, 0x18, 0x61, 0x18, 0x61, 0x18, 0x61, 0x18, 0x61, 0x18,
  0x61, 0x18, 0x61, 0x18, 0x61, 0x18, 0x61, 0x18, 0x61, 0x18, 0x61, 0x18, 0x61, 0x18, 0x61, 0x18,
  0x61, 0x18, 0x61, 0x18, 0x61, 0x18, 0x61, 0x18, 0x61, 0x18, 0x61, 0x18, 0x61, 0x18, 0x61, 0x18,
  0x61, 0x18, 0x61, 0x18, 0x61, 0x18, 0x61, 0x18, 0x61, 0x18, 0x61, 0x18, 0x61, 0x18, 0x61, 0x18,
  0x61, 0x18, 0x61, 0x18, 0x61, 0x18, 0x61, 0x18, 0x61, 0x18, 0x61, 0x18, 0x61, 0x18, 0x61, 0x18,
  0x61, 0x18, 0x61, 0x18, 0x61, 0x18, 0x61, 0x18, 0x61, 0x18, 0x61, 0x18, 0x61, 0x18, 0x61, 0x18,
  0x61, 0x18, 0x61, 0x18, 0x61, 0x18, 0x61, 0x18, 0x61, 0x18, 0x61, 0x18, 0x61, 0x18, 0x61, 0x18,
  0x61, 0x18, 0x61, 0x18, 0x61, 0x18, 0x61, 0x18, 0x61, 0x18, 0x61, 0x18, 0x61, 0x18, 0x61, 0x18,
  0x61, 0x18, 0x61, 0x18, 0x61, 0x18, 0x61, 0x18, 0x61, 0x18, 0x61, 0x18, 0x61, 0x18, 0x61, 0x18,
  0xc1, 0x20, 0x02, 0x31, 0x43, 0x39, 0x83, 0x41, 0xc4, 0x51, 0x24, 0x5a, 0x65, 0x62, 0x86, 0x6a,
  0xc6, 0x7a, 0x27, 0x83, 0x67, 0x8b, 0x88, 0x93, 0xe9, 0xa3, 0xe9, 0xa3, 0x09, 0xa4, 0x4a, 0xb4,
  0x4a, 0xb4, 0x4a, 0xb4, 0x8a, 0xbc, 0xaa, 0xbc, 0xaa, 0xbc, 0xcb, 0xc4, 0xeb, 0xcc, 0xeb, 0xcc,
  0xeb, 0xcc, 0xeb, 0xcc, 0xeb, 0xcc, 0xab, 0xbc, 0xaa, 0xbc, 0xaa, 0xbc, 0xaa, 0xbc, 0xaa, 0xbc,
  0x4a, 0xb4, 0x4a, 0xb4, 0x4a, 0xb4, 0x29, 0xac, 0xe9, 0xa3, 0x88, 0x93, 0x67, 0x8b, 0x27, 0x83,
  0xc6, 0x7a, 0x86, 0x6a, 0x45, 0x62, 0x04, 0x5a, 0xc4, 0x51, 0x83, 0x41, 0x43, 0x39, 0xe2, 0x28,
  0x61, 0x18, 0x61, 0x18, 0x61, 0x18, 0x61, 0x18, 0x61, 0x18, 0x61, 0x18, 0x61, 0x18, 0x61, 0x18,
  0x61, 0x18, 0x61, 0x18, 0x61, 0x18, 0x61, 0x18, 0x61, 0x18, 0x61, 0x18, 0x61, 0x18, 0x61, 0x18,
  0x61, 0x18, 0x61, 0x18, 0x61, 0x18, 0x61, 0x18, 0x61, 0x18, 0x61, 0x18, 0x61, 0x18, 0x61, 0x18,
  0x61, 0x18, 0x61, 0x18, 0x61, 0x18, 0x61, 0x18, 0x61, 0x18, 0x61, 0x18, 0x61, 0x18, 0x61, 0x18,
  0x61, 0x18, 0x61, 0x18, 0x61, 0x18, 0x61, 0x18, 0x61, 0x18, 0x61, 0x18, 0x61, 0x18, 0x61, 0x18,
  0x61, 0x18, 0x61, 0x18, 0x61, 0x18, 0x61, 0x18, 0x61, 0x18, 0x61, 0x18, 0x61, 0x18, 0x61, 0x18,
  0x61, 0x18, 0x61, 0x18, 0x61, 0x18, 0x61, 0x18, 0x61, 0x18, 0x61, 0x18, 0x61, 0x18, 0x61, 0x18,
  0x61, 0x18, 0x61, 0x18, 0x61, 0x18, 0x61, 0x18, 0x61, 0x18, 0x61, 0x18, 0x61, 0x18, 0x61, 0x18,
  0x61, 0x18, 0x61, 0x18, 0x61, 0x18, 0x61, 0x18, 0x61, 0x18, 0x61, 0x18, 0x61, 0x18, 0x61, 0x18,
  0x61, 0x18, 0x61, 0x18, 0x61, 0x18, 0x61, 0x18, 0x61, 0x18, 0x61, 0x18, 0x61, 0x18, 0x61, 0x18,
  0x61, 0x18, 0x61, 0x18, 0x61, 0x18, 0x61, 0x18, 0x61, 0x18, 0x61, 0x18, 0x61, 0x18, 0x61, 0x18,
  0x61, 0x18, 0x61, 0x18, 0x61, 0x18, 0x61, 0x18, 0x61, 0x18, 0x61, 0x18, 0x61, 0x18, 0x61, 0x18,
  0x61, 0x18, 0x61, 0x18, 0x61, 0x18, 0x61, 0x18, 0x61, 0x18, 0x61, 0x18, 0x61, 0x18, 0x61, 0x18,
  0x61, 0x18, 0x61, 0x18, 0x61, 0x18, 0x61, 0x18, 0x61, 0x18, 0x61, 0x18, 0x61, 0x18, 0x61, 0x18,
  0x61, 0x18, 0x61, 0x18, 0x61, 0x18, 0x61, 0x18, 0x61, 0x18, 0x61, 0x18, 0x61, 0x18, 0x61, 0x18,
  0x61, 0x18, 0x61, 0x18, 0x61, 0x18, 0x61, 0x18, 0x61, 0x18, 0x61, 0x18, 0x61, 0x18, 0x61, 0x18,
  0x61, 0x18, 0x61, 0x18, 0x61, 0x18, 0x61, 0x18, 0x61, 0x18, 0x61, 0x18, 0x61, 0x18, 0x61, 0x18,
  0x61, 0x18, 0x61, 0x18, 0x61, 0x18, 0x61, 0x18, 0x61, 0x18, 0x61, 0x18, 0x61, 0x18, 0x61, 0x18,
  0x61, 0x18, 0x61, 0x18, 0x61, 0x18, 0x61, 0x18, 0x61, 0x18, 0x61, 0x18, 0x61, 0x18, 0x61, 0x18,
  0x61, 0x18, 0x61, 0x18, 0x61, 0x18, 0x61, 0x18, 0x61, 0x18, 0x61, 0x18, 0x61, 0x18, 0x61, 0x18,
  0x61, 0x18, 0x61, 0x18, 0x61, 0x18, 0x61, 0x18, 0x61, 0x18, 0x61, 0x18, 0x61, 0x18, 0x61, 0x18,
  0x61, 0x18, 0x61, 0x18, 0x61, 0x18, 0x61, 0x18, 0x61, 0x18, 0x61, 0x18, 0x61, 0x18, 0x61, 0x18,
  0x61, 0x18, 0x61, 0x18, 0x61, 0x18, 0x61, 0x18, 0x61, 0x18, 0x61, 0x18, 0x61, 0x18, 0x61, 0x18,
  0x61, 0x18, 0x61, 0x18, 0x61, 0x18, 0x61, 0x18, 0x61, 0x18, 0x61, 0x18, 0x61, 0x18, 0x61, 0x18,
  0x61, 0x18, 0x61, 0x18, 0x61, 0x18, 0x61, 0x18, 0x61, 0x18, 0x61, 0x18, 0x61, 0x18, 0x61, 0x18,
  0x61, 0x18, 0x61, 0x18, 0x61, 0x18, 0x61, 0x18, 0x61, 0x18, 0x61, 0x18, 0x61, 0x18, 0x61, 0x18,
  0x61, 0x18, 0x61, 0x18, 0x61, 0x18, 0x61, 0x18, 0x61, 0x18, 0x61, 0x18, 0x61, 0x18, 0x61, 0x18,
  0x61, 0x18, 0x61, 0x18, 0x61, 0x18, 0x61, 0x18, 0x61, 0x18, 0x61, 0x18, 0x61, 0x18, 0x61, 0x18,
};

const lv_img_dsc_t muyu_img = {
  .header.always_zero = 0,
  .header.w = 168,
  .header.h = 135,
  .header.cf = LV_IMG_CF_TRUE_COLOR,
  .data_size = sizeof(muyu_map),
  .data = muyu_map,
};
